CREATE DATABASE  IF NOT EXISTS `enrollmentdb` /*!40100 DEFAULT CHARACTER SET latin1 */;
USE `enrollmentdb`;
-- MySQL dump 10.13  Distrib 5.7.9, for Win64 (x86_64)
--
-- Host: 127.0.0.1    Database: enrollmentdb
-- ------------------------------------------------------
-- Server version	5.6.26

/*!40101 SET @OLD_CHARACTER_SET_CLIENT=@@CHARACTER_SET_CLIENT */;
/*!40101 SET @OLD_CHARACTER_SET_RESULTS=@@CHARACTER_SET_RESULTS */;
/*!40101 SET @OLD_COLLATION_CONNECTION=@@COLLATION_CONNECTION */;
/*!40101 SET NAMES utf8 */;
/*!40103 SET @OLD_TIME_ZONE=@@TIME_ZONE */;
/*!40103 SET TIME_ZONE='+00:00' */;
/*!40014 SET @OLD_UNIQUE_CHECKS=@@UNIQUE_CHECKS, UNIQUE_CHECKS=0 */;
/*!40014 SET @OLD_FOREIGN_KEY_CHECKS=@@FOREIGN_KEY_CHECKS, FOREIGN_KEY_CHECKS=0 */;
/*!40101 SET @OLD_SQL_MODE=@@SQL_MODE, SQL_MODE='NO_AUTO_VALUE_ON_ZERO' */;
/*!40111 SET @OLD_SQL_NOTES=@@SQL_NOTES, SQL_NOTES=0 */;

--
-- Table structure for table `admission_mt`
--

DROP TABLE IF EXISTS `admission_mt`;
/*!40101 SET @saved_cs_client     = @@character_set_client */;
/*!40101 SET character_set_client = utf8 */;
CREATE TABLE `admission_mt` (
  `admission_id` int(11) NOT NULL AUTO_INCREMENT,
  `registration_id` int(11) NOT NULL,
  `gradelevel_id` int(11) NOT NULL,
  `schoolyear_id` int(11) NOT NULL,
  `isComplete` bit(1) NOT NULL DEFAULT b'1',
  `completion_date` datetime DEFAULT CURRENT_TIMESTAMP,
  PRIMARY KEY (`admission_id`),
  UNIQUE KEY `registration_id_UNIQUE` (`registration_id`),
  KEY `fk_admission_mtTABLE_gradelevel_idCOL_idx` (`gradelevel_id`),
  KEY `fk_admission_mtTABLE_schoolyear_idCOL_idx` (`schoolyear_id`),
  CONSTRAINT `fk_admission_mtTABLE_gradelevel_idCOL` FOREIGN KEY (`gradelevel_id`) REFERENCES `gradelevel_mt` (`gradelevel_id`) ON DELETE NO ACTION ON UPDATE NO ACTION,
  CONSTRAINT `fk_admission_mtTABLE_registration_idCOL` FOREIGN KEY (`registration_id`) REFERENCES `registration_mt` (`registration_id`) ON DELETE NO ACTION ON UPDATE NO ACTION,
  CONSTRAINT `fk_admission_mtTABLE_schoolyear_idCOL` FOREIGN KEY (`schoolyear_id`) REFERENCES `schoolyear_mt` (`schoolyear_id`) ON DELETE NO ACTION ON UPDATE NO ACTION
) ENGINE=InnoDB AUTO_INCREMENT=13 DEFAULT CHARSET=latin1 COMMENT='This is a table to be used for new students only.';
/*!40101 SET character_set_client = @saved_cs_client */;

--
-- Dumping data for table `admission_mt`
--

LOCK TABLES `admission_mt` WRITE;
/*!40000 ALTER TABLE `admission_mt` DISABLE KEYS */;
INSERT INTO `admission_mt` VALUES (9,57,302,432,'','2018-06-07 09:30:36'),(10,195,302,432,'','2018-06-07 09:30:47'),(11,48,302,432,'','2018-06-07 09:30:57'),(12,64,302,432,'','2018-06-07 09:31:05');
/*!40000 ALTER TABLE `admission_mt` ENABLE KEYS */;
UNLOCK TABLES;

--
-- Table structure for table `balancebreakdown`
--

DROP TABLE IF EXISTS `balancebreakdown`;
/*!40101 SET @saved_cs_client     = @@character_set_client */;
/*!40101 SET character_set_client = utf8 */;
CREATE TABLE `balancebreakdown` (
  `balancebreakdown_id` int(11) NOT NULL AUTO_INCREMENT,
  `balancebreakdown_name` varchar(45) NOT NULL,
  `balancebreakdown_amount` decimal(10,2) NOT NULL,
  `due_date` date DEFAULT NULL,
  `category` varchar(1) DEFAULT NULL,
  `student_id` int(11) NOT NULL,
  `paymentterm_id` int(11) NOT NULL,
  `schoolyear_id` int(11) NOT NULL,
  `date_assigned` datetime DEFAULT CURRENT_TIMESTAMP,
  `is_active` bit(1) NOT NULL DEFAULT b'1',
  PRIMARY KEY (`balancebreakdown_id`),
  UNIQUE KEY `uk_bbname_student_id_syId` (`balancebreakdown_name`,`student_id`,`schoolyear_id`),
  KEY `fk_balancebreakdownTABLE_student_idCOL_idx` (`student_id`),
  KEY `fk_balancebreakdownTABLE_paymentterm_idCOL_idx` (`paymentterm_id`),
  KEY `fk_balancebreakdownTABLE_schoolyear_idCOL_idx` (`schoolyear_id`),
  CONSTRAINT `fk_balancebreakdownTABLE_paymentterm_idCOL` FOREIGN KEY (`paymentterm_id`) REFERENCES `paymentterm_mt` (`paymentterm_id`) ON DELETE NO ACTION ON UPDATE NO ACTION,
  CONSTRAINT `fk_balancebreakdownTABLE_schoolyear_idCOL` FOREIGN KEY (`schoolyear_id`) REFERENCES `schoolyear_mt` (`schoolyear_id`) ON DELETE NO ACTION ON UPDATE NO ACTION,
  CONSTRAINT `fk_balancebreakdownTABLE_student_idCOL` FOREIGN KEY (`student_id`) REFERENCES `student_mt` (`student_id`) ON DELETE NO ACTION ON UPDATE NO ACTION
) ENGINE=InnoDB AUTO_INCREMENT=76 DEFAULT CHARSET=latin1;
/*!40101 SET character_set_client = @saved_cs_client */;

--
-- Dumping data for table `balancebreakdown`
--

LOCK TABLES `balancebreakdown` WRITE;
/*!40000 ALTER TABLE `balancebreakdown` DISABLE KEYS */;
INSERT INTO `balancebreakdown` VALUES (45,'Cash (Tuition)',34600.00,'2018-06-01','C',8,2,432,'2018-06-07 09:31:36',''),(46,'Downpayment',6000.00,'2018-06-01','D',9,3,432,'2018-06-07 09:32:25',''),(47,'1st Quarter',7150.00,'2018-08-01','B',9,3,432,'2018-06-07 09:32:25',''),(48,'2nd Quarter',7150.00,'2018-11-01','B',9,3,432,'2018-06-07 09:32:25',''),(49,'3rd Quarter',7150.00,'2018-12-03','B',9,3,432,'2018-06-07 09:32:25',''),(50,'4th Quarter',7150.00,'2019-01-01','B',9,3,432,'2018-06-07 09:32:25',''),(51,'Downpayment',6000.00,'2018-06-01','D',10,4,432,'2018-06-07 09:32:54',''),(52,'1st Semester',14300.00,'2018-11-01','B',10,4,432,'2018-06-07 09:32:54',''),(53,'2nd Semester',14300.00,'2019-02-01','B',10,4,432,'2018-06-07 09:32:54',''),(54,'1st Month',2860.00,'2018-06-01','B',11,5,432,'2018-06-07 09:33:54',''),(55,'Downpayment',6000.00,'2018-06-01','D',11,5,432,'2018-06-07 09:33:54',''),(56,'2nd Month',2860.00,'2018-07-03','B',11,5,432,'2018-06-07 09:33:54',''),(57,'3rd Month',2860.00,'2018-08-01','B',11,5,432,'2018-06-07 09:33:54',''),(58,'4th Month',2860.00,'2018-09-03','B',11,5,432,'2018-06-07 09:33:54',''),(59,'5th Month',2860.00,'2018-10-01','B',11,5,432,'2018-06-07 09:33:54',''),(60,'6th Month',2860.00,'2018-11-01','B',11,5,432,'2018-06-07 09:33:54',''),(61,'7th Month',2860.00,'2018-12-03','B',11,5,432,'2018-06-07 09:33:54',''),(62,'8th Month',2860.00,'2019-01-01','B',11,5,432,'2018-06-07 09:33:54',''),(63,'9th Month',2860.00,'2019-02-01','B',11,5,432,'2018-06-07 09:33:54',''),(64,'10th Month',2860.00,'2019-03-01','B',11,5,432,'2018-06-07 09:33:54',''),(65,'1st Month',1360.00,'2019-06-03','B',9,5,433,'2018-06-07 11:18:35',''),(66,'Downpayment',6000.00,'2019-06-03','D',9,5,433,'2018-06-07 11:18:35',''),(67,'2nd Month',1360.00,'2019-07-03','B',9,5,433,'2018-06-07 11:18:35',''),(68,'3rd Month',1360.00,'2019-08-05','B',9,5,433,'2018-06-07 11:18:35',''),(69,'4th Month',1360.00,'2019-09-03','B',9,5,433,'2018-06-07 11:18:35',''),(70,'5th Month',1360.00,'2019-10-03','B',9,5,433,'2018-06-07 11:18:35',''),(71,'6th Month',1360.00,'2019-11-05','B',9,5,433,'2018-06-07 11:18:35',''),(72,'7th Month',1360.00,'2019-12-03','B',9,5,433,'2018-06-07 11:18:35',''),(73,'8th Month',1360.00,'2020-01-03','B',9,5,433,'2018-06-07 11:18:35',''),(74,'9th Month',1360.00,'2020-02-03','B',9,5,433,'2018-06-07 11:18:35',''),(75,'10th Month',1360.00,'2020-03-03','B',9,5,433,'2018-06-07 11:18:35','');
/*!40000 ALTER TABLE `balancebreakdown` ENABLE KEYS */;
UNLOCK TABLES;

--
-- Table structure for table `classtype_mt`
--

DROP TABLE IF EXISTS `classtype_mt`;
/*!40101 SET @saved_cs_client     = @@character_set_client */;
/*!40101 SET character_set_client = utf8 */;
CREATE TABLE `classtype_mt` (
  `classtype_id` int(11) NOT NULL AUTO_INCREMENT,
  `classtype` varchar(45) NOT NULL,
  `is_classtype_active` bit(1) NOT NULL DEFAULT b'1',
  `date_added` datetime NOT NULL DEFAULT CURRENT_TIMESTAMP,
  PRIMARY KEY (`classtype_id`)
) ENGINE=InnoDB AUTO_INCREMENT=5 DEFAULT CHARSET=latin1;
/*!40101 SET character_set_client = @saved_cs_client */;

--
-- Dumping data for table `classtype_mt`
--

LOCK TABLES `classtype_mt` WRITE;
/*!40000 ALTER TABLE `classtype_mt` DISABLE KEYS */;
INSERT INTO `classtype_mt` VALUES (1,'Advisory','','2018-02-17 14:27:33'),(2,'Non-Advisory','','2018-02-17 14:27:33'),(3,'Advisory & Non-Advisory','','2018-02-17 14:27:33'),(4,'Summer','','2018-02-17 14:27:33');
/*!40000 ALTER TABLE `classtype_mt` ENABLE KEYS */;
UNLOCK TABLES;

--
-- Table structure for table `credential_gradelevel`
--

DROP TABLE IF EXISTS `credential_gradelevel`;
/*!40101 SET @saved_cs_client     = @@character_set_client */;
/*!40101 SET character_set_client = utf8 */;
CREATE TABLE `credential_gradelevel` (
  `credential_id` int(11) NOT NULL COMMENT 'This table contains all required credentials to be submitted by a student.\nSchool year column is added to know when or what school year the credential was required for that gradelevel..',
  `gradelevel_id` int(11) NOT NULL,
  `year_created_schoolyear_id` int(11) NOT NULL,
  `date_added` datetime NOT NULL DEFAULT CURRENT_TIMESTAMP,
  KEY `fk_credential_requirements_ltTABLE_credential_idCOL_idx` (`credential_id`),
  KEY `fk_credential_requirements_ltTABLE_gradelevel_idCOL_idx` (`gradelevel_id`),
  KEY `fk_credential_gradelevelTABLE_year_created_schoolyear_idCOL_idx` (`year_created_schoolyear_id`),
  CONSTRAINT `fk_credential_gradelevelTABLE_credential_idCOL` FOREIGN KEY (`credential_id`) REFERENCES `credential_mt` (`credential_id`) ON DELETE NO ACTION ON UPDATE NO ACTION,
  CONSTRAINT `fk_credential_gradelevelTABLE_gradelevel_idCOL` FOREIGN KEY (`gradelevel_id`) REFERENCES `gradelevel_mt` (`gradelevel_id`) ON DELETE NO ACTION ON UPDATE NO ACTION,
  CONSTRAINT `fk_credential_gradelevelTABLE_year_created_schoolyear_idCOL` FOREIGN KEY (`year_created_schoolyear_id`) REFERENCES `schoolyear_mt` (`schoolyear_id`) ON DELETE NO ACTION ON UPDATE NO ACTION
) ENGINE=InnoDB DEFAULT CHARSET=latin1;
/*!40101 SET character_set_client = @saved_cs_client */;

--
-- Dumping data for table `credential_gradelevel`
--

LOCK TABLES `credential_gradelevel` WRITE;
/*!40000 ALTER TABLE `credential_gradelevel` DISABLE KEYS */;
INSERT INTO `credential_gradelevel` VALUES (23,301,433,'2018-03-01 10:47:14'),(23,302,433,'2018-03-01 10:47:14'),(23,303,433,'2018-03-01 10:47:14'),(23,304,433,'2018-03-01 10:47:14'),(23,305,433,'2018-03-01 10:47:14'),(23,306,433,'2018-03-01 10:47:14'),(23,307,433,'2018-03-01 10:47:14'),(23,308,433,'2018-03-01 10:47:14'),(23,309,433,'2018-03-01 10:47:14'),(23,310,433,'2018-03-01 10:47:14'),(23,311,433,'2018-03-01 10:47:14'),(24,301,433,'2018-03-01 10:49:14'),(24,302,433,'2018-03-01 10:49:14'),(24,303,433,'2018-03-01 10:49:14'),(24,304,433,'2018-03-01 10:49:14'),(24,305,433,'2018-03-01 10:49:15'),(24,306,433,'2018-03-01 10:49:15'),(24,307,433,'2018-03-01 10:49:15'),(24,308,433,'2018-03-01 10:49:15'),(24,309,433,'2018-03-01 10:49:15'),(24,310,433,'2018-03-01 10:49:15'),(24,311,433,'2018-03-01 10:49:15'),(25,301,433,'2018-03-01 10:49:36'),(25,302,433,'2018-03-01 10:49:36'),(25,303,433,'2018-03-01 10:49:36'),(25,304,433,'2018-03-01 10:49:36'),(25,305,433,'2018-03-01 10:49:36'),(25,306,433,'2018-03-01 10:49:36'),(25,307,433,'2018-03-01 10:49:36'),(25,308,433,'2018-03-01 10:49:36'),(25,309,433,'2018-03-01 10:49:36'),(25,310,433,'2018-03-01 10:49:36'),(25,311,433,'2018-03-01 10:49:36'),(26,301,433,'2018-03-01 10:50:07'),(26,302,433,'2018-03-01 10:50:07'),(26,303,433,'2018-03-01 10:50:07'),(26,304,433,'2018-03-01 10:50:07'),(26,305,433,'2018-03-01 10:50:07'),(26,306,433,'2018-03-01 10:50:07'),(26,307,433,'2018-03-01 10:50:07'),(26,308,433,'2018-03-01 10:50:07'),(26,309,433,'2018-03-01 10:50:07'),(26,310,433,'2018-03-01 10:50:07'),(26,311,433,'2018-03-01 10:50:07'),(27,301,432,'2018-08-30 10:25:28'),(27,302,432,'2018-08-30 10:25:28'),(27,303,432,'2018-08-30 10:25:28'),(27,304,432,'2018-08-30 10:25:28'),(27,305,432,'2018-08-30 10:25:28'),(27,306,432,'2018-08-30 10:25:28'),(27,307,432,'2018-08-30 10:25:28'),(27,308,432,'2018-08-30 10:25:28'),(27,309,432,'2018-08-30 10:25:28'),(27,310,432,'2018-08-30 10:25:28'),(27,311,432,'2018-08-30 10:25:28');
/*!40000 ALTER TABLE `credential_gradelevel` ENABLE KEYS */;
UNLOCK TABLES;

--
-- Table structure for table `credential_mt`
--

DROP TABLE IF EXISTS `credential_mt`;
/*!40101 SET @saved_cs_client     = @@character_set_client */;
/*!40101 SET character_set_client = utf8 */;
CREATE TABLE `credential_mt` (
  `credential_id` int(11) NOT NULL AUTO_INCREMENT,
  `credential_name` varchar(45) NOT NULL,
  `date_added` datetime NOT NULL DEFAULT CURRENT_TIMESTAMP,
  `credential_description` text NOT NULL,
  `is_credential_active` bit(1) NOT NULL DEFAULT b'1',
  `created_by_user_id` int(11) NOT NULL,
  PRIMARY KEY (`credential_id`),
  UNIQUE KEY `credential_name_UNIQUE` (`credential_name`),
  KEY `fk_credentials_mtTABLE_created_by_user_idCOL_idx` (`created_by_user_id`)
) ENGINE=InnoDB AUTO_INCREMENT=28 DEFAULT CHARSET=latin1 COMMENT='Master Table of Credentials';
/*!40101 SET character_set_client = @saved_cs_client */;

--
-- Dumping data for table `credential_mt`
--

LOCK TABLES `credential_mt` WRITE;
/*!40000 ALTER TABLE `credential_mt` DISABLE KEYS */;
INSERT INTO `credential_mt` VALUES (23,'Birth Certificate','2018-03-01 10:47:14','Birth Certificate','',46),(24,'Baptismal','2018-03-01 10:49:14','Baptismal','',46),(25,'ID','2018-03-01 10:49:36','ID','',46),(26,'Certificate of Good Moral','2018-03-01 10:50:07','Certificate of Good Moral','',46),(27,'Report Card','2018-08-30 10:25:28','Report Card','',46);
/*!40000 ALTER TABLE `credential_mt` ENABLE KEYS */;
UNLOCK TABLES;

--
-- Table structure for table `credentials_received_lt`
--

DROP TABLE IF EXISTS `credentials_received_lt`;
/*!40101 SET @saved_cs_client     = @@character_set_client */;
/*!40101 SET character_set_client = utf8 */;
CREATE TABLE `credentials_received_lt` (
  `registration_id` int(11) NOT NULL,
  `credential_id` int(11) NOT NULL,
  `date_received` datetime NOT NULL DEFAULT CURRENT_TIMESTAMP,
  KEY `credentials_received_ltTABLE_credential_idCOL_idx` (`credential_id`),
  KEY `credentials_received_ltTABLE_registration_idCOL_idx` (`registration_id`),
  CONSTRAINT `credentials_received_ltTABLE_credential_idCOL` FOREIGN KEY (`credential_id`) REFERENCES `credential_mt` (`credential_id`) ON DELETE NO ACTION ON UPDATE NO ACTION,
  CONSTRAINT `credentials_received_ltTABLE_registration_idCOL` FOREIGN KEY (`registration_id`) REFERENCES `registration_mt` (`registration_id`) ON DELETE NO ACTION ON UPDATE NO ACTION
) ENGINE=InnoDB DEFAULT CHARSET=latin1;
/*!40101 SET character_set_client = @saved_cs_client */;

--
-- Dumping data for table `credentials_received_lt`
--

LOCK TABLES `credentials_received_lt` WRITE;
/*!40000 ALTER TABLE `credentials_received_lt` DISABLE KEYS */;
/*!40000 ALTER TABLE `credentials_received_lt` ENABLE KEYS */;
UNLOCK TABLES;

--
-- Table structure for table `curriculum_mt`
--

DROP TABLE IF EXISTS `curriculum_mt`;
/*!40101 SET @saved_cs_client     = @@character_set_client */;
/*!40101 SET character_set_client = utf8 */;
CREATE TABLE `curriculum_mt` (
  `curriculum_id` int(11) NOT NULL AUTO_INCREMENT,
  `schoolyear_id` int(11) NOT NULL,
  `curriculum_title` varchar(45) NOT NULL,
  `description` text NOT NULL,
  `isActive` bit(1) DEFAULT b'1',
  `date_created` datetime DEFAULT CURRENT_TIMESTAMP,
  PRIMARY KEY (`curriculum_id`),
  UNIQUE KEY `curriculum_title_UNIQUE` (`curriculum_title`),
  KEY `fk_curriculum_mtTABLE_schoolyear_idCOL_idx` (`schoolyear_id`),
  CONSTRAINT `fk_curriculum_mtTABLE_schoolyear_idCOL` FOREIGN KEY (`schoolyear_id`) REFERENCES `schoolyear_mt` (`schoolyear_id`) ON DELETE NO ACTION ON UPDATE NO ACTION
) ENGINE=InnoDB AUTO_INCREMENT=5 DEFAULT CHARSET=latin1 COMMENT='Curriculum Master Table to hold all Curriculums.';
/*!40101 SET character_set_client = @saved_cs_client */;

--
-- Dumping data for table `curriculum_mt`
--

LOCK TABLES `curriculum_mt` WRITE;
/*!40000 ALTER TABLE `curriculum_mt` DISABLE KEYS */;
INSERT INTO `curriculum_mt` VALUES (4,432,'K12','K12','','2018-03-28 08:22:05');
/*!40000 ALTER TABLE `curriculum_mt` ENABLE KEYS */;
UNLOCK TABLES;

--
-- Table structure for table `curriculum_subject_lt`
--

DROP TABLE IF EXISTS `curriculum_subject_lt`;
/*!40101 SET @saved_cs_client     = @@character_set_client */;
/*!40101 SET character_set_client = utf8 */;
CREATE TABLE `curriculum_subject_lt` (
  `curriculum_id` int(11) NOT NULL,
  `subject_id` int(11) NOT NULL,
  `subject_minutes_per_week` int(11) NOT NULL,
  KEY `fk_curriculum_subject_ltTABLE_curriculum_idCOL_idx` (`curriculum_id`),
  KEY `fk_curriculum_subject_ltTABLE_subject_idCOL_idx` (`subject_id`),
  CONSTRAINT `fk_curriculum_subject_ltTABLE_curriculum_idCOL` FOREIGN KEY (`curriculum_id`) REFERENCES `curriculum_mt` (`curriculum_id`) ON DELETE NO ACTION ON UPDATE NO ACTION,
  CONSTRAINT `fk_curriculum_subject_ltTABLE_subject_idCOL` FOREIGN KEY (`subject_id`) REFERENCES `subject_mt` (`subject_id`) ON DELETE NO ACTION ON UPDATE NO ACTION
) ENGINE=InnoDB DEFAULT CHARSET=latin1;
/*!40101 SET character_set_client = @saved_cs_client */;

--
-- Dumping data for table `curriculum_subject_lt`
--

LOCK TABLES `curriculum_subject_lt` WRITE;
/*!40000 ALTER TABLE `curriculum_subject_lt` DISABLE KEYS */;
INSERT INTO `curriculum_subject_lt` VALUES (4,665,30),(4,669,90),(4,680,90),(4,691,90),(4,712,60),(4,713,30),(4,714,30),(4,664,90),(4,668,90),(4,679,90),(4,690,90),(4,666,90),(4,670,90),(4,681,90),(4,692,90),(4,667,90),(4,671,90),(4,682,90),(4,693,90),(4,701,90),(4,709,90),(4,710,90),(4,711,90),(4,672,90),(4,673,90),(4,683,90),(4,694,90),(4,702,90),(4,684,90),(4,695,90),(4,703,90),(4,674,90),(4,685,90),(4,696,90),(4,704,90),(4,675,90),(4,686,90),(4,697,90),(4,705,90),(4,676,90),(4,687,90),(4,698,90),(4,706,90),(4,677,90),(4,688,90),(4,699,90),(4,707,90),(4,678,90),(4,689,90),(4,700,90),(4,708,90);
/*!40000 ALTER TABLE `curriculum_subject_lt` ENABLE KEYS */;
UNLOCK TABLES;

--
-- Table structure for table `dashboardpermission`
--

DROP TABLE IF EXISTS `dashboardpermission`;
/*!40101 SET @saved_cs_client     = @@character_set_client */;
/*!40101 SET character_set_client = utf8 */;
CREATE TABLE `dashboardpermission` (
  `dashboardpermission_id` int(11) NOT NULL AUTO_INCREMENT,
  `description` varchar(45) NOT NULL,
  `can_access_registration` bit(1) NOT NULL,
  `can_access_grades` bit(1) NOT NULL,
  `can_access_payment` bit(1) NOT NULL,
  `can_access_enrollment` bit(1) NOT NULL,
  `can_access_settings` bit(1) NOT NULL,
  `can_access_accounts` bit(1) NOT NULL,
  `can_access_reports` bit(1) DEFAULT NULL,
  `date_last_modified` datetime DEFAULT NULL,
  `modified_by_id` int(11) DEFAULT NULL,
  PRIMARY KEY (`dashboardpermission_id`),
  KEY `fk_dashboardpermissionTABLE_modified_by_idCOL_idx` (`modified_by_id`),
  CONSTRAINT `fk_dashboardpermissionTABLE_modified_by_idCOL` FOREIGN KEY (`modified_by_id`) REFERENCES `user_mt` (`user_id`) ON DELETE NO ACTION ON UPDATE NO ACTION
) ENGINE=InnoDB AUTO_INCREMENT=5 DEFAULT CHARSET=latin1;
/*!40101 SET character_set_client = @saved_cs_client */;

--
-- Dumping data for table `dashboardpermission`
--

LOCK TABLES `dashboardpermission` WRITE;
/*!40000 ALTER TABLE `dashboardpermission` DISABLE KEYS */;
INSERT INTO `dashboardpermission` VALUES (1,'Administrator Dashboard Permission','','','','','','','',NULL,NULL),(2,'Cashier Dashboard Permission','\0','\0','','','\0','\0','\0',NULL,NULL),(3,'Registrar Dashboard Permission','','\0','\0','','\0','\0','',NULL,NULL),(4,'Faculty Dashboard Permission','\0','','\0','\0','\0','\0','',NULL,NULL);
/*!40000 ALTER TABLE `dashboardpermission` ENABLE KEYS */;
UNLOCK TABLES;

--
-- Table structure for table `discount_mt`
--

DROP TABLE IF EXISTS `discount_mt`;
/*!40101 SET @saved_cs_client     = @@character_set_client */;
/*!40101 SET character_set_client = utf8 */;
CREATE TABLE `discount_mt` (
  `discount_id` int(11) NOT NULL AUTO_INCREMENT,
  `discount_name` varchar(45) NOT NULL,
  `percentage` int(11) NOT NULL,
  `description` text NOT NULL,
  `date_created` datetime NOT NULL DEFAULT CURRENT_TIMESTAMP,
  `isActive` bit(1) NOT NULL DEFAULT b'1',
  `created_by_user_id` int(11) NOT NULL,
  `provision` varchar(255) NOT NULL,
  PRIMARY KEY (`discount_id`),
  UNIQUE KEY `discount_name_UNIQUE` (`discount_name`),
  KEY `fk_discount_mtTABLE_created_by_user_idCOL_idx` (`created_by_user_id`),
  CONSTRAINT `fk_discount_mtTABLE_created_by_user_idCOL` FOREIGN KEY (`created_by_user_id`) REFERENCES `user_mt` (`user_id`) ON DELETE NO ACTION ON UPDATE NO ACTION
) ENGINE=InnoDB AUTO_INCREMENT=4 DEFAULT CHARSET=latin1 COMMENT='MASTER table of dicounts';
/*!40101 SET character_set_client = @saved_cs_client */;

--
-- Dumping data for table `discount_mt`
--

LOCK TABLES `discount_mt` WRITE;
/*!40000 ALTER TABLE `discount_mt` DISABLE KEYS */;
INSERT INTO `discount_mt` VALUES (1,'Referral',20,'Referral Discount','2018-03-02 10:59:14','',46,'Referral Discount can only be applied \nduring Enrollment Period'),(2,'Varsity',15,'Varsity discount for players.','2018-03-05 12:24:58','',46,'Must maintain passing grades.'),(3,'Scholarship A',50,'Scholarship A 50% Discount','2018-03-05 12:38:15','',46,'Average Grades of 90 - 95');
/*!40000 ALTER TABLE `discount_mt` ENABLE KEYS */;
UNLOCK TABLES;

--
-- Table structure for table `downpayment_mt`
--

DROP TABLE IF EXISTS `downpayment_mt`;
/*!40101 SET @saved_cs_client     = @@character_set_client */;
/*!40101 SET character_set_client = utf8 */;
CREATE TABLE `downpayment_mt` (
  `downpayment_id` int(11) NOT NULL AUTO_INCREMENT,
  `schoolyear_id` int(11) NOT NULL,
  `student_id` int(11) NOT NULL,
  `amount` decimal(10,2) NOT NULL,
  `date_paid` datetime NOT NULL DEFAULT CURRENT_TIMESTAMP,
  PRIMARY KEY (`downpayment_id`),
  KEY `fk_downpyament_mtTABLE_schoolyear_idCOL_idx` (`schoolyear_id`),
  KEY `fk_downpyament_mtTABLE_student_idCOL_idx` (`student_id`),
  CONSTRAINT `fk_downpyament_mtTABLE_schoolyear_idCOL` FOREIGN KEY (`schoolyear_id`) REFERENCES `schoolyear_mt` (`schoolyear_id`) ON DELETE NO ACTION ON UPDATE NO ACTION,
  CONSTRAINT `fk_downpyament_mtTABLE_student_idCOL` FOREIGN KEY (`student_id`) REFERENCES `student_mt` (`student_id`) ON DELETE NO ACTION ON UPDATE NO ACTION
) ENGINE=InnoDB DEFAULT CHARSET=latin1;
/*!40101 SET character_set_client = @saved_cs_client */;

--
-- Dumping data for table `downpayment_mt`
--

LOCK TABLES `downpayment_mt` WRITE;
/*!40000 ALTER TABLE `downpayment_mt` DISABLE KEYS */;
/*!40000 ALTER TABLE `downpayment_mt` ENABLE KEYS */;
UNLOCK TABLES;

--
-- Table structure for table `enrollment`
--

DROP TABLE IF EXISTS `enrollment`;
/*!40101 SET @saved_cs_client     = @@character_set_client */;
/*!40101 SET character_set_client = utf8 */;
CREATE TABLE `enrollment` (
  `enrollment_id` int(11) NOT NULL AUTO_INCREMENT,
  `schoolyear_id` int(11) NOT NULL,
  `student_id` int(11) NOT NULL,
  `enrollment_date` datetime NOT NULL DEFAULT CURRENT_TIMESTAMP,
  `isEnrollmentWithdrawn` bit(1) NOT NULL DEFAULT b'0',
  `enrollment_type` varchar(1) NOT NULL COMMENT 'R = Regular Enrollment\nS = Summer Enrollment',
  `gradelevel_id` int(11) NOT NULL,
  PRIMARY KEY (`enrollment_id`),
  KEY `fk_enrollmentTABLE_schoolyear_idCOL_idx` (`schoolyear_id`),
  KEY `fk_enrollmentTABLE_student_idCOL_idx` (`student_id`),
  KEY `fk_enrollmentTABLE_gradelevel_idCOL_idx` (`gradelevel_id`),
  CONSTRAINT `fk_enrollmentTABLE_gradelevel_idCOL` FOREIGN KEY (`gradelevel_id`) REFERENCES `gradelevel_mt` (`gradelevel_id`) ON DELETE NO ACTION ON UPDATE NO ACTION,
  CONSTRAINT `fk_enrollmentTABLE_schoolyear_idCOL` FOREIGN KEY (`schoolyear_id`) REFERENCES `schoolyear_mt` (`schoolyear_id`) ON DELETE NO ACTION ON UPDATE NO ACTION,
  CONSTRAINT `fk_enrollmentTABLE_student_idCOL` FOREIGN KEY (`student_id`) REFERENCES `student_mt` (`student_id`) ON DELETE NO ACTION ON UPDATE NO ACTION
) ENGINE=InnoDB AUTO_INCREMENT=14 DEFAULT CHARSET=latin1;
/*!40101 SET character_set_client = @saved_cs_client */;

--
-- Dumping data for table `enrollment`
--

LOCK TABLES `enrollment` WRITE;
/*!40000 ALTER TABLE `enrollment` DISABLE KEYS */;
INSERT INTO `enrollment` VALUES (9,432,8,'2018-06-07 09:31:36','\0','R',302),(10,432,9,'2018-06-07 09:32:25','\0','R',302),(11,432,10,'2018-06-07 09:32:54','\0','R',302),(12,432,11,'2018-06-07 09:33:54','\0','R',302),(13,433,9,'2018-06-07 11:18:35','\0','R',303);
/*!40000 ALTER TABLE `enrollment` ENABLE KEYS */;
UNLOCK TABLES;

--
-- Table structure for table `enrollmentpermission`
--

DROP TABLE IF EXISTS `enrollmentpermission`;
/*!40101 SET @saved_cs_client     = @@character_set_client */;
/*!40101 SET character_set_client = utf8 */;
CREATE TABLE `enrollmentpermission` (
  `enrollmentpermission_id` int(11) NOT NULL AUTO_INCREMENT,
  `can_view_registered_students` bit(1) NOT NULL,
  `can_search_student` bit(1) NOT NULL,
  `can_complete_student_admission` bit(1) NOT NULL,
  PRIMARY KEY (`enrollmentpermission_id`)
) ENGINE=InnoDB DEFAULT CHARSET=latin1;
/*!40101 SET character_set_client = @saved_cs_client */;

--
-- Dumping data for table `enrollmentpermission`
--

LOCK TABLES `enrollmentpermission` WRITE;
/*!40000 ALTER TABLE `enrollmentpermission` DISABLE KEYS */;
/*!40000 ALTER TABLE `enrollmentpermission` ENABLE KEYS */;
UNLOCK TABLES;

--
-- Table structure for table `faculty_classhandled`
--

DROP TABLE IF EXISTS `faculty_classhandled`;
/*!40101 SET @saved_cs_client     = @@character_set_client */;
/*!40101 SET character_set_client = utf8 */;
CREATE TABLE `faculty_classhandled` (
  `faculty_classhandled_id` int(11) NOT NULL AUTO_INCREMENT,
  `faculty_id` int(11) NOT NULL,
  `classtype_id` int(11) NOT NULL,
  `schoolyear_id` int(11) DEFAULT NULL,
  `date_added` datetime NOT NULL DEFAULT CURRENT_TIMESTAMP,
  PRIMARY KEY (`faculty_classhandled_id`),
  UNIQUE KEY `uk_faculty_classhandledTABLE_facultyIdclasstypeIdschoolyearId` (`faculty_id`,`classtype_id`,`schoolyear_id`),
  KEY `faculty_classhandledTABLE_faculty_idCOL_idx` (`faculty_id`),
  KEY `faculty_classhandledTABLE_classtype_idCOL_idx` (`classtype_id`),
  KEY `faculty_classhandledTABLE_schoolyear_idCOL_idx` (`schoolyear_id`),
  CONSTRAINT `faculty_classhandledTABLE_classtype_idCOL` FOREIGN KEY (`classtype_id`) REFERENCES `classtype_mt` (`classtype_id`) ON DELETE NO ACTION ON UPDATE NO ACTION,
  CONSTRAINT `faculty_classhandledTABLE_faculty_idCOL` FOREIGN KEY (`faculty_id`) REFERENCES `faculty_mt` (`faculty_id`) ON DELETE NO ACTION ON UPDATE NO ACTION,
  CONSTRAINT `faculty_classhandledTABLE_schoolyear_idCOL` FOREIGN KEY (`schoolyear_id`) REFERENCES `schoolyear_mt` (`schoolyear_id`) ON DELETE NO ACTION ON UPDATE NO ACTION
) ENGINE=InnoDB AUTO_INCREMENT=115 DEFAULT CHARSET=latin1;
/*!40101 SET character_set_client = @saved_cs_client */;

--
-- Dumping data for table `faculty_classhandled`
--

LOCK TABLES `faculty_classhandled` WRITE;
/*!40000 ALTER TABLE `faculty_classhandled` DISABLE KEYS */;
INSERT INTO `faculty_classhandled` VALUES (1,4,3,432,'2018-02-17 17:33:07'),(25,6,3,432,'2018-03-18 18:36:17'),(26,27,3,432,'2018-03-18 18:39:31'),(29,10,3,432,'2018-03-18 18:43:04'),(30,9,2,432,'2018-03-18 18:43:35'),(31,11,3,432,'2018-03-18 18:44:45'),(32,12,3,432,'2018-03-18 18:45:15'),(34,15,3,432,'2018-03-18 18:46:08'),(35,16,3,432,'2018-03-18 18:46:20'),(36,17,3,432,'2018-03-18 18:46:33'),(37,18,2,432,'2018-03-18 18:46:41'),(38,19,2,432,'2018-03-18 18:46:52'),(40,21,1,432,'2018-03-18 18:47:26'),(41,22,4,432,'2018-03-18 18:47:40'),(42,23,3,432,'2018-03-18 18:48:07'),(43,24,3,432,'2018-03-18 18:48:21'),(44,25,1,432,'2018-03-18 18:48:30'),(45,26,4,432,'2018-03-18 18:48:50'),(46,28,4,432,'2018-03-18 18:50:05'),(47,29,4,432,'2018-03-18 18:51:11'),(48,20,3,432,'2018-03-18 19:52:05'),(49,5,3,432,'2018-03-18 19:54:09'),(58,30,3,432,'2018-03-18 20:25:14'),(59,31,3,432,'2018-03-18 20:25:35'),(60,32,3,432,'2018-03-18 20:25:49'),(61,33,3,432,'2018-03-18 20:26:01'),(62,34,3,432,'2018-03-18 20:26:11'),(63,35,3,432,'2018-03-18 20:26:21'),(64,36,3,432,'2018-03-18 20:26:33'),(65,44,3,432,'2018-03-18 20:27:19'),(66,54,3,432,'2018-03-18 20:27:29'),(67,45,3,432,'2018-03-18 20:27:48'),(68,47,3,432,'2018-03-18 20:27:58'),(69,55,3,432,'2018-03-18 20:28:11'),(70,57,3,432,'2018-03-18 20:28:24'),(71,56,3,432,'2018-03-18 20:28:36'),(72,38,3,432,'2018-03-18 20:28:45'),(73,50,3,432,'2018-03-18 20:28:55'),(74,41,3,432,'2018-03-18 20:29:05'),(75,49,3,432,'2018-03-18 20:29:20'),(76,46,3,432,'2018-03-18 20:29:36'),(77,51,3,432,'2018-03-18 20:29:48'),(78,40,3,432,'2018-03-18 20:30:16'),(79,48,3,432,'2018-03-18 20:30:33'),(80,53,3,432,'2018-03-18 20:30:47'),(81,52,3,432,'2018-03-18 20:31:01'),(82,37,3,432,'2018-03-18 20:31:18'),(83,43,3,432,'2018-03-18 20:31:35'),(86,58,3,432,'2018-03-22 10:33:08'),(87,59,3,432,'2018-03-25 10:17:22'),(88,13,3,432,'2018-03-27 22:06:24'),(89,71,3,432,'2018-03-28 07:16:45'),(90,73,3,432,'2018-03-28 07:17:06'),(91,66,3,432,'2018-03-28 07:17:24'),(92,68,3,432,'2018-03-28 07:17:38'),(93,64,3,432,'2018-03-28 07:18:23'),(94,69,3,432,'2018-03-28 07:19:27'),(95,62,3,432,'2018-03-28 07:19:47'),(96,67,3,432,'2018-03-28 07:20:18'),(97,63,3,432,'2018-03-28 07:20:39'),(98,60,3,432,'2018-03-28 07:20:54'),(99,61,3,432,'2018-03-28 07:21:08'),(100,65,3,432,'2018-03-28 07:21:30'),(101,70,3,432,'2018-03-28 07:21:56'),(102,72,3,432,'2018-03-28 07:22:14'),(103,14,3,432,'2018-03-30 18:56:49'),(104,39,3,432,'2018-04-02 04:15:12'),(105,7,3,432,'2018-04-02 12:02:39'),(106,80,3,433,'2018-04-02 13:35:23'),(107,76,3,433,'2018-04-02 13:35:44'),(108,75,3,433,'2018-04-02 13:36:13'),(109,74,3,433,'2018-04-02 13:36:33'),(110,79,3,433,'2018-04-02 13:37:09'),(111,41,3,433,'2018-04-05 06:13:29'),(112,8,1,432,'2018-04-05 14:16:29'),(113,42,3,432,'2018-11-05 16:25:44'),(114,12,3,433,'2018-06-07 11:20:44');
/*!40000 ALTER TABLE `faculty_classhandled` ENABLE KEYS */;
UNLOCK TABLES;

--
-- Table structure for table `faculty_mt`
--

DROP TABLE IF EXISTS `faculty_mt`;
/*!40101 SET @saved_cs_client     = @@character_set_client */;
/*!40101 SET character_set_client = utf8 */;
CREATE TABLE `faculty_mt` (
  `faculty_id` int(11) NOT NULL AUTO_INCREMENT,
  `lastName` varchar(45) NOT NULL,
  `firstName` varchar(45) NOT NULL,
  `middleName` varchar(45) NOT NULL,
  `contactNo` varchar(45) NOT NULL,
  `email` varchar(45) NOT NULL,
  `status` bit(1) NOT NULL DEFAULT b'1',
  PRIMARY KEY (`faculty_id`)
) ENGINE=InnoDB AUTO_INCREMENT=82 DEFAULT CHARSET=latin1;
/*!40101 SET character_set_client = @saved_cs_client */;

--
-- Dumping data for table `faculty_mt`
--

LOCK TABLES `faculty_mt` WRITE;
/*!40000 ALTER TABLE `faculty_mt` DISABLE KEYS */;
INSERT INTO `faculty_mt` VALUES (4,'Antonio','John Ferdinand','Maala','09054484843','ferdinandantonio75@gmail.com',''),(5,'Dayao','Reuben','A.','09123456789','dayao@gmail.com',''),(6,'Grimes','Rick','L.','09123456789','grimes@gmail.com',''),(7,'Bertud','Mira','A','79797','bertud@yahoo.com',''),(8,'Smith','Daryl','Y','808098','smith@ymail.com',''),(9,'Ong','Glenn','O','8945453','ong@gmail.com',''),(10,'Antonio','Gregorio','M','913234','greg@gmail.com',''),(11,'Masigla','Eric','E','923244','eric@gmail.com',''),(12,'Cordova','Mae','L.','924243','mae@mymail.com',''),(13,'Salud','Lani','V','924113','lani@gmail.com',''),(14,'Tan','Lea','S','9355465','lea@ymail.com',''),(15,'Cruz','Elena','E','9312323','cruz@yahoo.com',''),(16,'Reyes','Roland','D','09231234567','reyes_roland@yahoo.com',''),(17,'Cagasab','Laura','L.','09251234567','lauracagasab@yahoo.com',''),(18,'Nagac','Nancy','W','09151234567','nancynagac@gmail.com',''),(19,'Retalia','Cecil','Y','09186547987','cecilretalia@gmail.com',''),(20,'Chuan','Cora','Q','09221234567','corachuan@gmail.com',''),(21,'Akot','Chinita','P','09191234567','chinitaakot@gmail.com',''),(22,'Amador','Pinky','P','09164536788','amadorpinky@gmail.com',''),(23,'Puerto','Ludy','H','09122234555','ludypuerto@gmail.com',''),(24,'Concepcion','Leonora','K','09271234568','leonoraconcepcion@yahoo.com',''),(25,'Loresco','Julie','Ganda','09150002531','test@gmail.com',''),(26,'Romarate','Alma','A.','65432','alma@yahoo.com',''),(27,'Lannister','Shaye','M.','934266','shaye@yahoo.com',''),(28,'Gil','Cherrie','R.','656565','gil@gmail.com',''),(29,'Sanchez','Ella','D.','52321321','ella@yahoo.com',''),(30,'Dela Cruz','Leonora','M','5632232','leon@gmail.com',''),(31,'Guarin','Corazon','K','5632232','cor@ymail.com',''),(32,'Abellana','Jemma','A','5632232','jem@ymail.com',''),(33,'Dumo','Elmer','L.','5632232','dumo@ymail.com',''),(34,'Pangilinan','Cody','L.','5555','cody@ymail.com',''),(35,'Vallejos','Mary','E.','5555','mary@ymail.com',''),(36,'Tan','Daisy','E.','555','tan@ymail.com',''),(37,'Stark','Sansa','O.','555','stark@ymail.com',''),(38,'Espiritu','Emily','O.','555','esp@ymail.com',''),(39,'Victorino','Victoria','L.','555','v@ymail.com',''),(40,'Sy','Amelia','W.','555','sy@ymail.com',''),(41,'Geronimo','Roberto','W.','555','gers@ymail.com',''),(42,'Yu','Marie','P.','555','yu@ymail.com',''),(43,'Tecson','Lilian','P.','555','tecson@ymail.com',''),(44,'Amorsolo','Cherry','Q.','555','amor@ymail.com',''),(45,'Barnes','Jeff','R.','555','jeff@ymail.com',''),(46,'Lane','Jackie','R.','555','lane@ymail.com',''),(47,'Bowers','Jenny','R.','555','bow@ymail.com',''),(48,'Ochotorina','Francis','P.','555','ocho@ymail.com',''),(49,'Gomez','Selina','P.','555','gomez@ymail.com',''),(50,'Finn','Jake','P.','555','finn@ymail.com',''),(51,'Mercado','Annie','P.','555','mercado@ymail.com',''),(52,'Retalia','Ronnie','P.','555','Ron@ymail.com',''),(53,'Punzalan','Marites','P.','555','Punn@ymail.com',''),(54,'Abesamis','Joy','P.','555','Abesamis@ymail.com',''),(55,'Cayetano','Ralph','P.','555','ralph@ymail.com',''),(56,'Ebarle','Ralph','P.','555','ralph@ymail.com',''),(57,'Cruz','Charice','P.','555','ruz@ymail.com',''),(58,'Napadao','Paul Neo','T.','09123456789','test@gmail.com',''),(59,'Allen','Barry','K.','0912345678','barry@allen.com',''),(60,'Medina','John','A.','0912345698','john@medina.com',''),(61,'Musk','Elon','K.','09561234567','elon@musk.com',''),(62,'Jobs','Steve','I.','09123456789','steve@jobs.com',''),(63,'Maxwell','John','C.','09156549874','john@maxwell.com',''),(64,'Ferris','Timothy','L.','09457892541','timothy@ferris.com',''),(65,'Phillips','Raymond','K.','09153546123','raymond@phillips.com',''),(66,'Brande','Dorothea','P.','09201234567','dorothea@brande.com',''),(67,'Jones','David','Q.','09184567899','david@jones.com',''),(68,'Chapman','Michael','I.','09231564322','michael@chapman.com',''),(69,'Isaacson','Walter','O.','09231564322','walter@isaacson.com',''),(70,'Sinek','Simon','Y.','09156543212','simon@sinek.com',''),(71,'Allen','James','U.','09897564321','james@allen.com',''),(72,'Vance','Ashlee','T.','09456231111','ashlee@vance.com',''),(73,'Beahm','George','L.','09653212454','george@beahm.com',''),(74,'Tio','Christian','K.','0912555555','tio@gmail.com',''),(75,'Reynancia','Mutya','K.','0912555555','tio@gmail.com',''),(76,'Dorado','Christine','K.','0912555555','tio@gmail.com',''),(77,'Ramboa','May','K.','0912555555','tio@gmail.com',''),(78,'Icogo','Elma','K.','0912555555','tio@gmail.com',''),(79,'Villanueva','Joyce','K.','0912555555','tio@gmail.com',''),(80,'Alcalde','Joyce','K.','0912555555','tio@gmail.com',''),(81,'Garcia','May','K.','0912555555','tio@gmail.com','');
/*!40000 ALTER TABLE `faculty_mt` ENABLE KEYS */;
UNLOCK TABLES;

--
-- Table structure for table `faculty_schedule`
--

DROP TABLE IF EXISTS `faculty_schedule`;
/*!40101 SET @saved_cs_client     = @@character_set_client */;
/*!40101 SET character_set_client = utf8 */;
CREATE TABLE `faculty_schedule` (
  `faculty_schedule_id` int(11) NOT NULL AUTO_INCREMENT,
  `faculty_id` int(11) NOT NULL,
  `schedule_id` int(11) NOT NULL,
  `date_assigned` datetime NOT NULL DEFAULT CURRENT_TIMESTAMP,
  PRIMARY KEY (`faculty_schedule_id`),
  KEY `fk_faculty_scheduleTABLE_faculty_idCOL_idx` (`faculty_id`),
  KEY `fk_faculty_scheduleTABLE_schedule_idCOL_idx` (`schedule_id`),
  CONSTRAINT `fk_faculty_scheduleTABLE_faculty_idCOL` FOREIGN KEY (`faculty_id`) REFERENCES `faculty_mt` (`faculty_id`) ON DELETE NO ACTION ON UPDATE NO ACTION,
  CONSTRAINT `fk_faculty_scheduleTABLE_schedule_idCOL` FOREIGN KEY (`schedule_id`) REFERENCES `schedule_mt` (`schedule_id`) ON DELETE NO ACTION ON UPDATE NO ACTION
) ENGINE=InnoDB DEFAULT CHARSET=latin1;
/*!40101 SET character_set_client = @saved_cs_client */;

--
-- Dumping data for table `faculty_schedule`
--

LOCK TABLES `faculty_schedule` WRITE;
/*!40000 ALTER TABLE `faculty_schedule` DISABLE KEYS */;
/*!40000 ALTER TABLE `faculty_schedule` ENABLE KEYS */;
UNLOCK TABLES;

--
-- Table structure for table `faculty_specialization`
--

DROP TABLE IF EXISTS `faculty_specialization`;
/*!40101 SET @saved_cs_client     = @@character_set_client */;
/*!40101 SET character_set_client = utf8 */;
CREATE TABLE `faculty_specialization` (
  `faculty_specialization_id` int(11) NOT NULL AUTO_INCREMENT,
  `faculty_id` int(11) NOT NULL,
  `specialization_id` int(11) NOT NULL,
  `date_assigned` datetime NOT NULL DEFAULT CURRENT_TIMESTAMP,
  `schoolyear_id` int(11) NOT NULL COMMENT 'schoolyear_id of when the specialization was assigned to faculty member',
  PRIMARY KEY (`faculty_specialization_id`),
  KEY `fk_faculty_specializationTABLE_faculty_idCOL_idx` (`faculty_id`),
  KEY `fk_faculty_specializationTABLE_specialization_idCOL_idx` (`specialization_id`),
  KEY `fk_faculty_specializationTABLE_schoolyear_idCOL_idx` (`schoolyear_id`),
  CONSTRAINT `fk_faculty_specializationTABLE_faculty_idCOL` FOREIGN KEY (`faculty_id`) REFERENCES `faculty_mt` (`faculty_id`) ON DELETE NO ACTION ON UPDATE NO ACTION,
  CONSTRAINT `fk_faculty_specializationTABLE_schoolyear_idCOL` FOREIGN KEY (`schoolyear_id`) REFERENCES `schoolyear_mt` (`schoolyear_id`) ON DELETE NO ACTION ON UPDATE NO ACTION,
  CONSTRAINT `fk_faculty_specializationTABLE_specialization_idCOL` FOREIGN KEY (`specialization_id`) REFERENCES `subjectcategory_mt` (`subjectcategory_id`) ON DELETE NO ACTION ON UPDATE NO ACTION
) ENGINE=InnoDB AUTO_INCREMENT=541 DEFAULT CHARSET=latin1;
/*!40101 SET character_set_client = @saved_cs_client */;

--
-- Dumping data for table `faculty_specialization`
--

LOCK TABLES `faculty_specialization` WRITE;
/*!40000 ALTER TABLE `faculty_specialization` DISABLE KEYS */;
INSERT INTO `faculty_specialization` VALUES (34,4,41,'2018-02-17 17:33:07',432),(43,6,43,'2018-03-18 18:36:17',432),(44,6,51,'2018-03-18 18:36:17',432),(45,27,43,'2018-03-18 18:39:31',432),(46,27,50,'2018-03-18 18:39:32',432),(51,10,40,'2018-03-18 18:43:04',432),(52,10,47,'2018-03-18 18:43:04',432),(53,9,42,'2018-03-18 18:43:35',432),(54,9,44,'2018-03-18 18:43:35',432),(55,11,45,'2018-03-18 18:44:46',432),(56,11,48,'2018-03-18 18:44:46',432),(61,15,47,'2018-03-18 18:46:08',432),(62,15,49,'2018-03-18 18:46:08',432),(63,16,47,'2018-03-18 18:46:20',432),(64,17,48,'2018-03-18 18:46:33',432),(65,17,50,'2018-03-18 18:46:34',432),(66,18,48,'2018-03-18 18:46:42',432),(67,18,47,'2018-03-18 18:46:42',432),(68,19,49,'2018-03-18 18:46:53',432),(69,19,44,'2018-03-18 18:46:53',432),(72,21,44,'2018-03-18 18:47:26',432),(73,21,50,'2018-03-18 18:47:26',432),(74,21,52,'2018-03-18 18:47:27',432),(75,22,51,'2018-03-18 18:47:41',432),(76,22,52,'2018-03-18 18:47:41',432),(77,23,50,'2018-03-18 18:48:08',432),(78,23,52,'2018-03-18 18:48:08',432),(79,24,51,'2018-03-18 18:48:21',432),(80,24,40,'2018-03-18 18:48:21',432),(81,25,40,'2018-03-18 18:48:31',432),(82,25,41,'2018-03-18 18:48:31',432),(83,25,42,'2018-03-18 18:48:31',432),(84,25,43,'2018-03-18 18:48:31',432),(85,25,44,'2018-03-18 18:48:31',432),(86,26,52,'2018-03-18 18:48:50',432),(87,26,40,'2018-03-18 18:48:51',432),(88,26,41,'2018-03-18 18:48:51',432),(89,26,42,'2018-03-18 18:48:51',432),(90,26,43,'2018-03-18 18:48:51',432),(91,26,44,'2018-03-18 18:48:51',432),(92,26,45,'2018-03-18 18:48:51',432),(93,26,46,'2018-03-18 18:48:51',432),(94,26,47,'2018-03-18 18:48:52',432),(95,26,48,'2018-03-18 18:48:52',432),(96,26,49,'2018-03-18 18:48:52',432),(97,26,50,'2018-03-18 18:48:52',432),(98,26,51,'2018-03-18 18:48:52',432),(99,28,40,'2018-03-18 18:50:05',432),(100,28,41,'2018-03-18 18:50:05',432),(101,28,42,'2018-03-18 18:50:05',432),(102,28,43,'2018-03-18 18:50:06',432),(103,28,44,'2018-03-18 18:50:06',432),(104,28,45,'2018-03-18 18:50:06',432),(105,28,46,'2018-03-18 18:50:06',432),(106,28,47,'2018-03-18 18:50:06',432),(107,28,48,'2018-03-18 18:50:06',432),(108,28,49,'2018-03-18 18:50:06',432),(109,28,50,'2018-03-18 18:50:07',432),(110,28,51,'2018-03-18 18:50:07',432),(111,28,52,'2018-03-18 18:50:07',432),(112,29,40,'2018-03-18 18:51:11',432),(113,29,41,'2018-03-18 18:51:11',432),(114,29,42,'2018-03-18 18:51:11',432),(115,29,43,'2018-03-18 18:51:12',432),(116,29,44,'2018-03-18 18:51:12',432),(117,29,45,'2018-03-18 18:51:12',432),(118,29,46,'2018-03-18 18:51:12',432),(119,29,47,'2018-03-18 18:51:12',432),(120,29,48,'2018-03-18 18:51:12',432),(121,29,49,'2018-03-18 18:51:12',432),(122,29,50,'2018-03-18 18:51:13',432),(123,29,51,'2018-03-18 18:51:13',432),(124,29,52,'2018-03-18 18:51:13',432),(125,20,49,'2018-03-18 19:52:05',432),(126,20,41,'2018-03-18 19:52:05',432),(127,5,41,'2018-03-18 19:54:10',432),(128,30,40,'2018-03-18 20:25:15',432),(129,30,41,'2018-03-18 20:25:15',432),(130,31,42,'2018-03-18 20:25:35',432),(131,31,43,'2018-03-18 20:25:35',432),(132,32,44,'2018-03-18 20:25:49',432),(133,32,45,'2018-03-18 20:25:49',432),(134,33,46,'2018-03-18 20:26:01',432),(135,33,47,'2018-03-18 20:26:01',432),(136,34,48,'2018-03-18 20:26:12',432),(137,34,49,'2018-03-18 20:26:12',432),(138,35,50,'2018-03-18 20:26:21',432),(139,35,51,'2018-03-18 20:26:21',432),(140,36,52,'2018-03-18 20:26:33',432),(141,36,51,'2018-03-18 20:26:33',432),(142,44,40,'2018-03-18 20:27:19',432),(143,44,41,'2018-03-18 20:27:19',432),(144,54,42,'2018-03-18 20:27:29',432),(145,54,43,'2018-03-18 20:27:30',432),(146,45,44,'2018-03-18 20:27:48',432),(147,45,46,'2018-03-18 20:27:48',432),(148,47,47,'2018-03-18 20:27:58',432),(149,47,48,'2018-03-18 20:27:58',432),(150,55,49,'2018-03-18 20:28:11',432),(151,55,50,'2018-03-18 20:28:11',432),(152,57,51,'2018-03-18 20:28:25',432),(153,57,52,'2018-03-18 20:28:25',432),(154,56,40,'2018-03-18 20:28:37',432),(155,56,47,'2018-03-18 20:28:37',432),(156,38,48,'2018-03-18 20:28:45',432),(157,38,44,'2018-03-18 20:28:46',432),(158,50,50,'2018-03-18 20:28:55',432),(159,50,52,'2018-03-18 20:28:55',432),(162,49,50,'2018-03-18 20:29:20',432),(163,49,44,'2018-03-18 20:29:21',432),(164,46,41,'2018-03-18 20:29:37',432),(165,46,40,'2018-03-18 20:29:37',432),(166,51,44,'2018-03-18 20:29:48',432),(167,51,49,'2018-03-18 20:29:48',432),(168,40,47,'2018-03-18 20:30:17',432),(169,40,50,'2018-03-18 20:30:17',432),(170,48,51,'2018-03-18 20:30:34',432),(171,48,52,'2018-03-18 20:30:34',432),(172,48,46,'2018-03-18 20:30:34',432),(173,53,42,'2018-03-18 20:30:48',432),(174,53,43,'2018-03-18 20:30:48',432),(175,53,41,'2018-03-18 20:30:48',432),(176,52,49,'2018-03-18 20:31:02',432),(177,52,51,'2018-03-18 20:31:02',432),(178,37,45,'2018-03-18 20:31:18',432),(179,37,51,'2018-03-18 20:31:19',432),(180,43,42,'2018-03-18 20:31:35',432),(181,43,52,'2018-03-18 20:31:35',432),(186,58,40,'2018-03-22 10:33:08',432),(187,59,40,'2018-03-25 10:17:23',432),(188,59,41,'2018-03-25 10:17:23',432),(189,59,42,'2018-03-25 10:17:23',432),(190,59,43,'2018-03-25 10:17:23',432),(191,59,44,'2018-03-25 10:17:23',432),(192,59,45,'2018-03-25 10:17:23',432),(193,59,46,'2018-03-25 10:17:23',432),(194,59,47,'2018-03-25 10:17:23',432),(195,59,48,'2018-03-25 10:17:23',432),(196,59,49,'2018-03-25 10:17:23',432),(197,59,50,'2018-03-25 10:17:23',432),(198,59,51,'2018-03-25 10:17:23',432),(199,59,52,'2018-03-25 10:17:23',432),(200,13,46,'2018-03-27 22:06:25',432),(201,13,52,'2018-03-27 22:06:25',432),(202,13,43,'2018-03-27 22:06:25',432),(203,71,40,'2018-03-28 07:16:45',432),(204,71,41,'2018-03-28 07:16:45',432),(205,71,42,'2018-03-28 07:16:45',432),(206,71,43,'2018-03-28 07:16:45',432),(207,71,44,'2018-03-28 07:16:45',432),(208,71,45,'2018-03-28 07:16:45',432),(209,71,46,'2018-03-28 07:16:45',432),(210,71,47,'2018-03-28 07:16:45',432),(211,71,48,'2018-03-28 07:16:46',432),(212,71,49,'2018-03-28 07:16:46',432),(213,71,50,'2018-03-28 07:16:46',432),(214,71,51,'2018-03-28 07:16:46',432),(215,71,52,'2018-03-28 07:16:46',432),(216,73,40,'2018-03-28 07:17:06',432),(217,73,41,'2018-03-28 07:17:06',432),(218,73,42,'2018-03-28 07:17:06',432),(219,73,43,'2018-03-28 07:17:06',432),(220,73,44,'2018-03-28 07:17:06',432),(221,73,45,'2018-03-28 07:17:06',432),(222,73,46,'2018-03-28 07:17:07',432),(223,73,47,'2018-03-28 07:17:07',432),(224,73,48,'2018-03-28 07:17:07',432),(225,73,49,'2018-03-28 07:17:07',432),(226,73,50,'2018-03-28 07:17:07',432),(227,73,51,'2018-03-28 07:17:07',432),(228,73,52,'2018-03-28 07:17:07',432),(229,66,40,'2018-03-28 07:17:24',432),(230,66,41,'2018-03-28 07:17:24',432),(231,66,42,'2018-03-28 07:17:24',432),(232,66,43,'2018-03-28 07:17:24',432),(233,66,44,'2018-03-28 07:17:24',432),(234,66,45,'2018-03-28 07:17:24',432),(235,66,46,'2018-03-28 07:17:24',432),(236,66,47,'2018-03-28 07:17:24',432),(237,66,48,'2018-03-28 07:17:24',432),(238,66,49,'2018-03-28 07:17:24',432),(239,66,50,'2018-03-28 07:17:24',432),(240,66,51,'2018-03-28 07:17:24',432),(241,66,52,'2018-03-28 07:17:24',432),(242,68,40,'2018-03-28 07:17:39',432),(243,68,41,'2018-03-28 07:17:39',432),(244,68,42,'2018-03-28 07:17:39',432),(245,68,43,'2018-03-28 07:17:39',432),(246,68,44,'2018-03-28 07:17:39',432),(247,68,45,'2018-03-28 07:17:39',432),(248,68,46,'2018-03-28 07:17:39',432),(249,68,47,'2018-03-28 07:17:39',432),(250,68,48,'2018-03-28 07:17:39',432),(251,68,49,'2018-03-28 07:17:39',432),(252,68,50,'2018-03-28 07:17:39',432),(253,68,51,'2018-03-28 07:17:39',432),(254,68,52,'2018-03-28 07:17:39',432),(255,64,40,'2018-03-28 07:18:23',432),(256,64,41,'2018-03-28 07:18:23',432),(257,64,42,'2018-03-28 07:18:23',432),(258,64,43,'2018-03-28 07:18:23',432),(259,64,44,'2018-03-28 07:18:23',432),(260,64,45,'2018-03-28 07:18:23',432),(261,64,46,'2018-03-28 07:18:23',432),(262,64,47,'2018-03-28 07:18:23',432),(263,64,48,'2018-03-28 07:18:23',432),(264,64,49,'2018-03-28 07:18:23',432),(265,64,50,'2018-03-28 07:18:23',432),(266,64,51,'2018-03-28 07:18:23',432),(267,64,52,'2018-03-28 07:18:24',432),(268,69,40,'2018-03-28 07:19:27',432),(269,69,41,'2018-03-28 07:19:27',432),(270,69,42,'2018-03-28 07:19:27',432),(271,69,43,'2018-03-28 07:19:27',432),(272,69,44,'2018-03-28 07:19:28',432),(273,69,45,'2018-03-28 07:19:28',432),(274,69,46,'2018-03-28 07:19:28',432),(275,69,47,'2018-03-28 07:19:28',432),(276,69,48,'2018-03-28 07:19:28',432),(277,69,49,'2018-03-28 07:19:28',432),(278,69,50,'2018-03-28 07:19:28',432),(279,69,51,'2018-03-28 07:19:28',432),(280,69,52,'2018-03-28 07:19:28',432),(281,62,40,'2018-03-28 07:19:47',432),(282,62,41,'2018-03-28 07:19:47',432),(283,62,42,'2018-03-28 07:19:47',432),(284,62,43,'2018-03-28 07:19:47',432),(285,62,44,'2018-03-28 07:19:47',432),(286,62,45,'2018-03-28 07:19:47',432),(287,62,46,'2018-03-28 07:19:47',432),(288,62,47,'2018-03-28 07:19:47',432),(289,62,48,'2018-03-28 07:19:47',432),(290,62,49,'2018-03-28 07:19:47',432),(291,62,50,'2018-03-28 07:19:48',432),(292,62,51,'2018-03-28 07:19:48',432),(293,62,52,'2018-03-28 07:19:48',432),(294,67,40,'2018-03-28 07:20:18',432),(295,67,41,'2018-03-28 07:20:19',432),(296,67,42,'2018-03-28 07:20:19',432),(297,67,43,'2018-03-28 07:20:19',432),(298,67,44,'2018-03-28 07:20:19',432),(299,67,45,'2018-03-28 07:20:19',432),(300,67,46,'2018-03-28 07:20:19',432),(301,67,47,'2018-03-28 07:20:19',432),(302,67,48,'2018-03-28 07:20:19',432),(303,67,49,'2018-03-28 07:20:19',432),(304,67,50,'2018-03-28 07:20:19',432),(305,67,51,'2018-03-28 07:20:19',432),(306,67,52,'2018-03-28 07:20:19',432),(307,63,40,'2018-03-28 07:20:39',432),(308,63,41,'2018-03-28 07:20:39',432),(309,63,42,'2018-03-28 07:20:39',432),(310,63,43,'2018-03-28 07:20:39',432),(311,63,44,'2018-03-28 07:20:39',432),(312,63,45,'2018-03-28 07:20:39',432),(313,63,46,'2018-03-28 07:20:39',432),(314,63,47,'2018-03-28 07:20:39',432),(315,63,48,'2018-03-28 07:20:39',432),(316,63,49,'2018-03-28 07:20:39',432),(317,63,50,'2018-03-28 07:20:40',432),(318,63,51,'2018-03-28 07:20:40',432),(319,63,52,'2018-03-28 07:20:40',432),(320,60,40,'2018-03-28 07:20:54',432),(321,60,41,'2018-03-28 07:20:54',432),(322,60,42,'2018-03-28 07:20:54',432),(323,60,43,'2018-03-28 07:20:54',432),(324,60,44,'2018-03-28 07:20:54',432),(325,60,45,'2018-03-28 07:20:54',432),(326,60,46,'2018-03-28 07:20:54',432),(327,60,47,'2018-03-28 07:20:54',432),(328,60,48,'2018-03-28 07:20:54',432),(329,60,49,'2018-03-28 07:20:54',432),(330,60,50,'2018-03-28 07:20:54',432),(331,60,51,'2018-03-28 07:20:54',432),(332,60,52,'2018-03-28 07:20:54',432),(333,61,40,'2018-03-28 07:21:08',432),(334,61,41,'2018-03-28 07:21:09',432),(335,61,42,'2018-03-28 07:21:09',432),(336,61,43,'2018-03-28 07:21:09',432),(337,61,44,'2018-03-28 07:21:09',432),(338,61,45,'2018-03-28 07:21:09',432),(339,61,46,'2018-03-28 07:21:09',432),(340,61,47,'2018-03-28 07:21:09',432),(341,61,48,'2018-03-28 07:21:09',432),(342,61,49,'2018-03-28 07:21:09',432),(343,61,50,'2018-03-28 07:21:09',432),(344,61,51,'2018-03-28 07:21:09',432),(345,61,52,'2018-03-28 07:21:09',432),(346,65,40,'2018-03-28 07:21:30',432),(347,65,41,'2018-03-28 07:21:30',432),(348,65,42,'2018-03-28 07:21:30',432),(349,65,43,'2018-03-28 07:21:30',432),(350,65,44,'2018-03-28 07:21:30',432),(351,65,45,'2018-03-28 07:21:30',432),(352,65,46,'2018-03-28 07:21:30',432),(353,65,47,'2018-03-28 07:21:30',432),(354,65,48,'2018-03-28 07:21:30',432),(355,65,49,'2018-03-28 07:21:30',432),(356,65,50,'2018-03-28 07:21:30',432),(357,65,51,'2018-03-28 07:21:30',432),(358,65,52,'2018-03-28 07:21:30',432),(359,70,40,'2018-03-28 07:21:56',432),(360,70,41,'2018-03-28 07:21:56',432),(361,70,42,'2018-03-28 07:21:56',432),(362,70,43,'2018-03-28 07:21:56',432),(363,70,44,'2018-03-28 07:21:56',432),(364,70,45,'2018-03-28 07:21:56',432),(365,70,46,'2018-03-28 07:21:56',432),(366,70,47,'2018-03-28 07:21:56',432),(367,70,48,'2018-03-28 07:21:56',432),(368,70,49,'2018-03-28 07:21:56',432),(369,70,50,'2018-03-28 07:21:56',432),(370,70,51,'2018-03-28 07:21:56',432),(371,70,52,'2018-03-28 07:21:56',432),(372,72,40,'2018-03-28 07:22:14',432),(373,72,41,'2018-03-28 07:22:14',432),(374,72,42,'2018-03-28 07:22:14',432),(375,72,43,'2018-03-28 07:22:14',432),(376,72,44,'2018-03-28 07:22:14',432),(377,72,45,'2018-03-28 07:22:14',432),(378,72,46,'2018-03-28 07:22:14',432),(379,72,47,'2018-03-28 07:22:14',432),(380,72,48,'2018-03-28 07:22:14',432),(381,72,49,'2018-03-28 07:22:15',432),(382,72,50,'2018-03-28 07:22:15',432),(383,72,51,'2018-03-28 07:22:15',432),(384,72,52,'2018-03-28 07:22:15',432),(385,14,43,'2018-03-30 18:56:50',432),(386,14,44,'2018-03-30 18:56:50',432),(387,14,40,'2018-03-30 18:56:50',432),(388,14,41,'2018-03-30 18:56:50',432),(389,14,42,'2018-03-30 18:56:50',432),(390,14,45,'2018-03-30 18:56:50',432),(391,14,46,'2018-03-30 18:56:50',432),(392,14,47,'2018-03-30 18:56:50',432),(393,14,48,'2018-03-30 18:56:50',432),(394,14,49,'2018-03-30 18:56:50',432),(395,14,50,'2018-03-30 18:56:50',432),(396,14,51,'2018-03-30 18:56:50',432),(397,14,52,'2018-03-30 18:56:50',432),(398,39,40,'2018-04-02 04:15:13',432),(399,39,41,'2018-04-02 04:15:13',432),(400,39,42,'2018-04-02 04:15:13',432),(401,39,43,'2018-04-02 04:15:13',432),(402,39,44,'2018-04-02 04:15:13',432),(403,39,45,'2018-04-02 04:15:13',432),(404,39,46,'2018-04-02 04:15:13',432),(405,39,47,'2018-04-02 04:15:13',432),(406,39,48,'2018-04-02 04:15:13',432),(407,39,49,'2018-04-02 04:15:13',432),(408,39,50,'2018-04-02 04:15:13',432),(409,39,51,'2018-04-02 04:15:13',432),(410,39,52,'2018-04-02 04:15:13',432),(411,7,42,'2018-04-02 12:02:39',432),(412,7,40,'2018-04-02 12:02:39',432),(413,7,41,'2018-04-02 12:02:39',432),(414,7,43,'2018-04-02 12:02:39',432),(415,7,44,'2018-04-02 12:02:39',432),(416,7,45,'2018-04-02 12:02:40',432),(417,7,46,'2018-04-02 12:02:40',432),(418,7,47,'2018-04-02 12:02:40',432),(419,7,48,'2018-04-02 12:02:40',432),(420,7,49,'2018-04-02 12:02:40',432),(421,7,50,'2018-04-02 12:02:40',432),(422,7,51,'2018-04-02 12:02:40',432),(423,7,52,'2018-04-02 12:02:40',432),(424,80,40,'2018-04-02 13:35:23',433),(425,80,41,'2018-04-02 13:35:24',433),(426,80,42,'2018-04-02 13:35:24',433),(427,80,43,'2018-04-02 13:35:24',433),(428,80,44,'2018-04-02 13:35:24',433),(429,80,45,'2018-04-02 13:35:24',433),(430,80,46,'2018-04-02 13:35:24',433),(431,80,47,'2018-04-02 13:35:24',433),(432,80,48,'2018-04-02 13:35:24',433),(433,80,49,'2018-04-02 13:35:24',433),(434,80,50,'2018-04-02 13:35:24',433),(435,80,51,'2018-04-02 13:35:24',433),(436,80,52,'2018-04-02 13:35:24',433),(437,76,40,'2018-04-02 13:35:44',433),(438,76,41,'2018-04-02 13:35:44',433),(439,76,42,'2018-04-02 13:35:44',433),(440,76,43,'2018-04-02 13:35:44',433),(441,76,44,'2018-04-02 13:35:44',433),(442,76,45,'2018-04-02 13:35:44',433),(443,76,46,'2018-04-02 13:35:44',433),(444,76,47,'2018-04-02 13:35:44',433),(445,76,48,'2018-04-02 13:35:44',433),(446,76,49,'2018-04-02 13:35:44',433),(447,76,50,'2018-04-02 13:35:44',433),(448,76,51,'2018-04-02 13:35:44',433),(449,76,52,'2018-04-02 13:35:44',433),(450,75,40,'2018-04-02 13:36:13',433),(451,75,41,'2018-04-02 13:36:13',433),(452,75,42,'2018-04-02 13:36:13',433),(453,75,43,'2018-04-02 13:36:13',433),(454,75,44,'2018-04-02 13:36:13',433),(455,75,45,'2018-04-02 13:36:13',433),(456,75,46,'2018-04-02 13:36:13',433),(457,75,47,'2018-04-02 13:36:13',433),(458,75,48,'2018-04-02 13:36:14',433),(459,75,49,'2018-04-02 13:36:14',433),(460,75,50,'2018-04-02 13:36:14',433),(461,75,51,'2018-04-02 13:36:14',433),(462,75,52,'2018-04-02 13:36:14',433),(463,74,40,'2018-04-02 13:36:33',433),(464,74,41,'2018-04-02 13:36:34',433),(465,74,42,'2018-04-02 13:36:34',433),(466,74,43,'2018-04-02 13:36:34',433),(467,74,44,'2018-04-02 13:36:34',433),(468,74,45,'2018-04-02 13:36:34',433),(469,74,46,'2018-04-02 13:36:34',433),(470,74,47,'2018-04-02 13:36:34',433),(471,74,48,'2018-04-02 13:36:34',433),(472,74,49,'2018-04-02 13:36:34',433),(473,74,50,'2018-04-02 13:36:34',433),(474,74,51,'2018-04-02 13:36:34',433),(475,74,52,'2018-04-02 13:36:34',433),(476,79,40,'2018-04-02 13:37:09',433),(477,79,41,'2018-04-02 13:37:09',433),(478,79,42,'2018-04-02 13:37:09',433),(479,79,43,'2018-04-02 13:37:09',433),(480,79,44,'2018-04-02 13:37:09',433),(481,79,45,'2018-04-02 13:37:10',433),(482,79,46,'2018-04-02 13:37:10',433),(483,79,47,'2018-04-02 13:37:10',433),(484,79,48,'2018-04-02 13:37:10',433),(485,79,49,'2018-04-02 13:37:10',433),(486,79,50,'2018-04-02 13:37:10',433),(487,79,51,'2018-04-02 13:37:10',433),(488,79,52,'2018-04-02 13:37:10',433),(489,41,43,'2018-04-05 06:13:29',433),(490,41,48,'2018-04-05 06:13:29',433),(491,41,40,'2018-04-05 06:13:29',433),(492,41,41,'2018-04-05 06:13:29',433),(493,41,42,'2018-04-05 06:13:29',433),(494,41,44,'2018-04-05 06:13:29',433),(495,41,45,'2018-04-05 06:13:29',433),(496,41,46,'2018-04-05 06:13:29',433),(497,41,47,'2018-04-05 06:13:29',433),(498,41,49,'2018-04-05 06:13:30',433),(499,41,50,'2018-04-05 06:13:30',433),(500,41,51,'2018-04-05 06:13:30',433),(501,41,52,'2018-04-05 06:13:30',433),(502,8,42,'2018-04-05 14:16:29',432),(503,8,44,'2018-04-05 14:16:30',432),(504,8,40,'2018-04-05 14:16:30',432),(505,8,41,'2018-04-05 14:16:30',432),(506,8,43,'2018-04-05 14:16:30',432),(507,8,45,'2018-04-05 14:16:30',432),(508,8,46,'2018-04-05 14:16:30',432),(509,8,47,'2018-04-05 14:16:30',432),(510,8,48,'2018-04-05 14:16:30',432),(511,8,49,'2018-04-05 14:16:30',432),(512,8,50,'2018-04-05 14:16:30',432),(513,8,51,'2018-04-05 14:16:30',432),(514,8,52,'2018-04-05 14:16:30',432),(515,42,47,'2018-11-05 16:25:44',432),(516,42,51,'2018-11-05 16:25:44',432),(517,42,40,'2018-11-05 16:25:44',432),(518,42,41,'2018-11-05 16:25:44',432),(519,42,42,'2018-11-05 16:25:44',432),(520,42,43,'2018-11-05 16:25:44',432),(521,42,44,'2018-11-05 16:25:44',432),(522,42,45,'2018-11-05 16:25:44',432),(523,42,46,'2018-11-05 16:25:44',432),(524,42,48,'2018-11-05 16:25:44',432),(525,42,49,'2018-11-05 16:25:45',432),(526,42,50,'2018-11-05 16:25:45',432),(527,42,52,'2018-11-05 16:25:45',432),(528,12,45,'2018-06-07 11:20:44',433),(529,12,47,'2018-06-07 11:20:44',433),(530,12,40,'2018-06-07 11:20:44',433),(531,12,41,'2018-06-07 11:20:44',433),(532,12,42,'2018-06-07 11:20:44',433),(533,12,43,'2018-06-07 11:20:44',433),(534,12,44,'2018-06-07 11:20:44',433),(535,12,46,'2018-06-07 11:20:44',433),(536,12,48,'2018-06-07 11:20:44',433),(537,12,49,'2018-06-07 11:20:44',433),(538,12,50,'2018-06-07 11:20:44',433),(539,12,51,'2018-06-07 11:20:44',433),(540,12,52,'2018-06-07 11:20:44',433);
/*!40000 ALTER TABLE `faculty_specialization` ENABLE KEYS */;
UNLOCK TABLES;

--
-- Table structure for table `fee_category_mt`
--

DROP TABLE IF EXISTS `fee_category_mt`;
/*!40101 SET @saved_cs_client     = @@character_set_client */;
/*!40101 SET character_set_client = utf8 */;
CREATE TABLE `fee_category_mt` (
  `fee_category_id` int(11) NOT NULL AUTO_INCREMENT,
  `fee_category` varchar(45) NOT NULL,
  `isActive` bit(1) NOT NULL DEFAULT b'1',
  PRIMARY KEY (`fee_category_id`),
  UNIQUE KEY `feetype_UNIQUE` (`fee_category`)
) ENGINE=InnoDB AUTO_INCREMENT=6 DEFAULT CHARSET=latin1 COMMENT='Master Table to store all types of categories such as (Basic Fee, Miscellaneous Fee, Downpayment Fee, Other Fee)';
/*!40101 SET character_set_client = @saved_cs_client */;

--
-- Dumping data for table `fee_category_mt`
--

LOCK TABLES `fee_category_mt` WRITE;
/*!40000 ALTER TABLE `fee_category_mt` DISABLE KEYS */;
INSERT INTO `fee_category_mt` VALUES (1,'Basic',''),(2,'Miscellaneous',''),(3,'Others',''),(4,'Downpayment',''),(5,'Summer','');
/*!40000 ALTER TABLE `fee_category_mt` ENABLE KEYS */;
UNLOCK TABLES;

--
-- Table structure for table `fee_mt`
--

DROP TABLE IF EXISTS `fee_mt`;
/*!40101 SET @saved_cs_client     = @@character_set_client */;
/*!40101 SET character_set_client = utf8 */;
CREATE TABLE `fee_mt` (
  `fee_id` int(11) NOT NULL AUTO_INCREMENT,
  `fee_name` varchar(45) NOT NULL,
  `fee_description` text,
  `fee_category_id` int(11) NOT NULL,
  `isActive` bit(1) NOT NULL DEFAULT b'1',
  PRIMARY KEY (`fee_id`),
  KEY `fk_fee_mtTABLE_fee_category_idCOL_idx` (`fee_category_id`),
  CONSTRAINT `fk_fee_mtTABLE_fee_category_idCOL` FOREIGN KEY (`fee_category_id`) REFERENCES `fee_category_mt` (`fee_category_id`) ON DELETE NO ACTION ON UPDATE NO ACTION
) ENGINE=InnoDB AUTO_INCREMENT=44 DEFAULT CHARSET=latin1 COMMENT='MASTER';
/*!40101 SET character_set_client = @saved_cs_client */;

--
-- Dumping data for table `fee_mt`
--

LOCK TABLES `fee_mt` WRITE;
/*!40000 ALTER TABLE `fee_mt` DISABLE KEYS */;
INSERT INTO `fee_mt` VALUES (33,'Tablet Fee','Tablet Fee',2,''),(34,'Downpayment','Downpayment',4,''),(35,'Basic Fee','Basic Fee',1,''),(36,'Computer Fee','Computer Fee',2,''),(37,'Field Trip','Field Trip',3,''),(38,'Taekwondo','Taekwondo ',3,''),(39,'Summer (Per Subject)','Per Summer Subject Fee',5,''),(40,'Library Fee','',2,''),(41,'Sports Fee','',2,''),(42,'Energy Fee','',2,''),(43,'Laboratory Fee','Laboratory',2,'');
/*!40000 ALTER TABLE `fee_mt` ENABLE KEYS */;
UNLOCK TABLES;

--
-- Table structure for table `fee_schoolyear_lt`
--

DROP TABLE IF EXISTS `fee_schoolyear_lt`;
/*!40101 SET @saved_cs_client     = @@character_set_client */;
/*!40101 SET character_set_client = utf8 */;
CREATE TABLE `fee_schoolyear_lt` (
  `fee_id` int(11) NOT NULL,
  `fee_amount` decimal(10,2) NOT NULL,
  `gradelevel_id` int(11) NOT NULL,
  `schoolyear_id` int(11) NOT NULL COMMENT 'this column represents the schoolyearid of when this fee was created.',
  KEY `fk_fee_schoolyear_ltTABLE_fee_idCOL_idx` (`fee_id`),
  KEY `fk_fee_schoolyear_ltTABLE_gradelevel_idCOL_idx` (`gradelevel_id`),
  KEY `fk_fee_schoolyear_ltTABLE_year_createdCOL_idx` (`schoolyear_id`),
  CONSTRAINT `fk_fee_schoolyear_ltTABLE_fee_idCOL` FOREIGN KEY (`fee_id`) REFERENCES `fee_mt` (`fee_id`) ON DELETE NO ACTION ON UPDATE NO ACTION,
  CONSTRAINT `fk_fee_schoolyear_ltTABLE_gradelevel_idCOL` FOREIGN KEY (`gradelevel_id`) REFERENCES `gradelevel_mt` (`gradelevel_id`) ON DELETE NO ACTION ON UPDATE NO ACTION,
  CONSTRAINT `fk_fee_schoolyear_ltTABLE_schoolyear_idCOL` FOREIGN KEY (`schoolyear_id`) REFERENCES `schoolyear_mt` (`schoolyear_id`) ON DELETE NO ACTION ON UPDATE NO ACTION
) ENGINE=InnoDB DEFAULT CHARSET=latin1 COMMENT='Contains the amounts of fees per gradelevel per schoolyear.\nAnswers the question "What were the fees during year X? for gradelevel Y?"';
/*!40101 SET character_set_client = @saved_cs_client */;

--
-- Dumping data for table `fee_schoolyear_lt`
--

LOCK TABLES `fee_schoolyear_lt` WRITE;
/*!40000 ALTER TABLE `fee_schoolyear_lt` DISABLE KEYS */;
INSERT INTO `fee_schoolyear_lt` VALUES (39,500.00,301,432),(39,500.00,302,432),(39,500.00,303,432),(39,500.00,304,432),(39,500.00,305,432),(39,500.00,306,432),(39,500.00,307,432),(39,500.00,308,432),(39,500.00,309,432),(39,500.00,310,432),(39,500.00,311,432),(38,0.00,301,432),(38,0.00,302,432),(38,0.00,303,432),(38,0.00,304,432),(38,0.00,305,432),(38,0.00,306,432),(38,0.00,307,432),(38,0.00,308,432),(38,0.00,309,432),(38,0.00,310,432),(38,0.00,311,432),(40,1000.00,301,432),(40,1000.00,302,432),(40,1000.00,303,432),(40,1000.00,304,432),(40,1000.00,305,432),(40,1000.00,306,432),(40,1000.00,307,432),(40,1000.00,308,432),(40,1000.00,309,432),(40,1000.00,310,432),(40,1000.00,311,432),(33,2500.00,301,432),(33,2500.00,302,432),(33,2500.00,303,432),(33,2500.00,304,432),(33,2500.00,305,432),(33,2500.00,306,432),(33,2500.00,307,432),(33,2500.00,308,432),(33,2500.00,309,432),(33,2500.00,310,432),(33,2500.00,311,432),(36,1000.00,301,432),(36,1000.00,302,432),(36,1000.00,303,432),(36,1000.00,304,432),(36,1000.00,305,432),(36,1000.00,306,432),(36,1000.00,307,432),(36,1000.00,308,432),(36,1000.00,309,432),(36,1000.00,310,432),(36,1000.00,311,432),(37,1500.00,301,432),(37,1500.00,302,432),(37,1500.00,303,432),(37,1500.00,304,432),(37,1500.00,305,432),(37,1500.00,306,432),(37,1500.00,307,432),(37,1500.00,308,432),(37,1500.00,309,432),(37,1500.00,310,432),(37,1500.00,311,432),(42,350.00,301,432),(42,350.00,302,432),(42,350.00,303,432),(42,350.00,304,432),(42,350.00,305,432),(42,350.00,306,432),(42,350.00,307,432),(42,350.00,308,432),(42,350.00,309,432),(42,350.00,310,432),(42,350.00,311,432),(41,750.00,301,432),(41,750.00,302,432),(41,750.00,303,432),(41,750.00,304,432),(41,750.00,305,432),(41,750.00,306,432),(41,750.00,307,432),(41,750.00,308,432),(41,750.00,309,432),(41,750.00,310,432),(41,750.00,311,432),(34,6000.00,301,432),(34,6000.00,302,432),(34,6000.00,303,432),(34,6000.00,304,432),(34,6000.00,305,432),(34,6000.00,306,432),(34,6000.00,307,432),(34,6000.00,308,432),(34,6000.00,309,432),(34,6000.00,310,432),(34,6000.00,311,432),(35,10000.00,301,432),(35,25000.00,302,432),(35,10000.00,303,432),(35,10000.00,304,432),(35,10000.00,305,432),(35,10000.00,306,432),(35,10000.00,307,432),(35,10000.00,308,432),(35,10000.00,309,432),(35,10000.00,310,432),(35,10000.00,311,432),(43,2500.00,301,432),(43,2500.00,302,432),(43,2500.00,303,432),(43,2500.00,304,432),(43,2500.00,305,432),(43,2500.00,306,432),(43,2500.00,307,432),(43,2500.00,308,432),(43,2500.00,309,432),(43,2500.00,310,432),(43,2500.00,311,432);
/*!40000 ALTER TABLE `fee_schoolyear_lt` ENABLE KEYS */;
UNLOCK TABLES;

--
-- Table structure for table `grade`
--

DROP TABLE IF EXISTS `grade`;
/*!40101 SET @saved_cs_client     = @@character_set_client */;
/*!40101 SET character_set_client = utf8 */;
CREATE TABLE `grade` (
  `grade_id` int(11) NOT NULL AUTO_INCREMENT,
  `student_id` int(11) NOT NULL,
  `gradingperiod` int(11) NOT NULL,
  `subject_id` int(11) NOT NULL,
  `gradevalue` decimal(10,2) NOT NULL,
  `schoolyear_id` int(11) NOT NULL,
  `grade_type` varchar(1) NOT NULL COMMENT 'S - Summer Class Grade\nR - Regular Class Grade',
  `added_by_user_id` int(11) NOT NULL,
  `date_submitted` datetime DEFAULT CURRENT_TIMESTAMP,
  `gradelevel_id` int(11) NOT NULL,
  PRIMARY KEY (`grade_id`),
  KEY `fk_gradeTABLE_student_idCOL_idx` (`student_id`),
  KEY `fk_gradeTABLE_subject_idCOL_idx` (`subject_id`),
  KEY `fk_gradeTABLE_schoolyear_idCOL_idx` (`schoolyear_id`),
  KEY `fk_gradeTABLE_added_by_user_idCOL_idx` (`added_by_user_id`),
  KEY `fk_gradeTABLE_gradelevel_idCOL_idx` (`gradelevel_id`),
  CONSTRAINT `fk_gradeTABLE_added_by_user_idCOL` FOREIGN KEY (`added_by_user_id`) REFERENCES `user_mt` (`user_id`) ON DELETE NO ACTION ON UPDATE NO ACTION,
  CONSTRAINT `fk_gradeTABLE_gradelevel_idCOL` FOREIGN KEY (`gradelevel_id`) REFERENCES `gradelevel_mt` (`gradelevel_id`) ON DELETE NO ACTION ON UPDATE NO ACTION,
  CONSTRAINT `fk_gradeTABLE_schoolyear_idCOL` FOREIGN KEY (`schoolyear_id`) REFERENCES `schoolyear_mt` (`schoolyear_id`) ON DELETE NO ACTION ON UPDATE NO ACTION,
  CONSTRAINT `fk_gradeTABLE_student_idCOL` FOREIGN KEY (`student_id`) REFERENCES `student_mt` (`student_id`) ON DELETE NO ACTION ON UPDATE NO ACTION,
  CONSTRAINT `fk_gradeTABLE_subject_idCOL` FOREIGN KEY (`subject_id`) REFERENCES `subject_mt` (`subject_id`) ON DELETE NO ACTION ON UPDATE NO ACTION
) ENGINE=InnoDB AUTO_INCREMENT=49 DEFAULT CHARSET=latin1;
/*!40101 SET character_set_client = @saved_cs_client */;

--
-- Dumping data for table `grade`
--

LOCK TABLES `grade` WRITE;
/*!40000 ALTER TABLE `grade` DISABLE KEYS */;
INSERT INTO `grade` VALUES (5,8,1,712,78.00,432,'R',52,'2018-06-07 11:11:33',302),(6,9,1,712,77.00,432,'R',52,'2018-06-07 11:11:33',302),(7,10,1,712,88.00,432,'R',52,'2018-06-07 11:11:33',302),(8,11,1,712,90.00,432,'R',52,'2018-06-07 11:11:33',302),(9,8,1,713,90.00,432,'R',52,'2018-06-07 11:11:59',302),(10,9,1,713,89.00,432,'R',52,'2018-06-07 11:11:59',302),(11,10,1,713,90.00,432,'R',52,'2018-06-07 11:11:59',302),(12,11,1,713,80.00,432,'R',52,'2018-06-07 11:11:59',302),(17,8,1,714,89.00,432,'R',52,'2018-06-07 11:12:32',302),(18,9,1,714,90.00,432,'R',52,'2018-06-07 11:12:32',302),(19,10,1,714,78.00,432,'R',52,'2018-06-07 11:12:32',302),(20,11,1,714,90.00,432,'R',52,'2018-06-07 11:12:32',302),(21,8,1,665,88.00,432,'R',108,'2018-06-07 11:13:00',302),(22,9,1,665,79.00,432,'R',108,'2018-06-07 11:13:00',302),(23,10,1,665,90.00,432,'R',108,'2018-06-07 11:13:00',302),(24,11,1,665,77.00,432,'R',108,'2018-06-07 11:13:00',302),(25,8,1,669,90.00,432,'R',108,'2018-06-07 11:13:11',302),(26,9,1,669,90.00,432,'R',108,'2018-06-07 11:13:11',302),(27,10,1,669,78.00,432,'R',108,'2018-06-07 11:13:11',302),(28,11,1,669,90.00,432,'R',108,'2018-06-07 11:13:11',302),(29,8,1,680,90.00,432,'R',108,'2018-06-07 11:13:22',302),(30,9,1,680,89.00,432,'R',108,'2018-06-07 11:13:22',302),(31,10,1,680,90.00,432,'R',108,'2018-06-07 11:13:22',302),(32,11,1,680,90.00,432,'R',108,'2018-06-07 11:13:22',302),(33,8,1,691,90.00,432,'R',52,'2018-06-07 11:14:53',302),(34,8,2,691,90.00,432,'R',52,'2018-06-07 11:14:53',302),(35,8,3,691,90.00,432,'R',52,'2018-06-07 11:14:53',302),(36,8,4,691,90.00,432,'R',52,'2018-06-07 11:14:53',302),(37,9,1,691,70.00,432,'R',52,'2018-06-07 11:14:53',302),(38,9,2,691,89.00,432,'R',52,'2018-06-07 11:14:53',302),(39,9,3,691,90.00,432,'R',52,'2018-06-07 11:14:53',302),(40,9,4,691,89.00,432,'R',52,'2018-06-07 11:14:53',302),(41,10,1,691,89.00,432,'R',52,'2018-06-07 11:14:53',302),(42,10,2,691,90.00,432,'R',52,'2018-06-07 11:14:53',302),(43,10,3,691,90.00,432,'R',52,'2018-06-07 11:14:53',302),(44,10,4,691,90.00,432,'R',52,'2018-06-07 11:14:53',302),(45,11,1,691,88.00,432,'R',52,'2018-06-07 11:14:53',302),(46,11,2,691,90.00,432,'R',52,'2018-06-07 11:14:53',302),(47,11,3,691,89.00,432,'R',52,'2018-06-07 11:14:53',302),(48,11,4,691,90.00,432,'R',52,'2018-06-07 11:14:53',302);
/*!40000 ALTER TABLE `grade` ENABLE KEYS */;
UNLOCK TABLES;

--
-- Table structure for table `gradelevel_mt`
--

DROP TABLE IF EXISTS `gradelevel_mt`;
/*!40101 SET @saved_cs_client     = @@character_set_client */;
/*!40101 SET character_set_client = utf8 */;
CREATE TABLE `gradelevel_mt` (
  `gradelevel_id` int(11) NOT NULL AUTO_INCREMENT,
  `grade_level` int(11) NOT NULL,
  `isActive` bit(1) NOT NULL DEFAULT b'1',
  `ageFrom` int(11) NOT NULL,
  `ageTo` int(11) NOT NULL,
  PRIMARY KEY (`gradelevel_id`)
) ENGINE=InnoDB AUTO_INCREMENT=312 DEFAULT CHARSET=latin1;
/*!40101 SET character_set_client = @saved_cs_client */;

--
-- Dumping data for table `gradelevel_mt`
--

LOCK TABLES `gradelevel_mt` WRITE;
/*!40000 ALTER TABLE `gradelevel_mt` DISABLE KEYS */;
INSERT INTO `gradelevel_mt` VALUES (301,0,'',4,6),(302,1,'',6,7),(303,2,'',7,8),(304,3,'',8,9),(305,4,'',9,10),(306,5,'',10,11),(307,6,'',11,12),(308,7,'',12,13),(309,8,'',13,14),(310,9,'',14,15),(311,10,'',15,16);
/*!40000 ALTER TABLE `gradelevel_mt` ENABLE KEYS */;
UNLOCK TABLES;

--
-- Table structure for table `gradingperiod_mt`
--

DROP TABLE IF EXISTS `gradingperiod_mt`;
/*!40101 SET @saved_cs_client     = @@character_set_client */;
/*!40101 SET character_set_client = utf8 */;
CREATE TABLE `gradingperiod_mt` (
  `gradingperiod_id` int(11) NOT NULL AUTO_INCREMENT COMMENT 'Contains grading period names such as :\n\n1st Grading Period\n2nd Grading Period\n3rd Grading Period\n4th Grading Period',
  `gradeperiod` int(11) NOT NULL,
  `description` varchar(45) NOT NULL,
  `isActive` bit(1) NOT NULL DEFAULT b'1',
  `date_added` datetime NOT NULL DEFAULT CURRENT_TIMESTAMP,
  PRIMARY KEY (`gradingperiod_id`)
) ENGINE=InnoDB AUTO_INCREMENT=7004 DEFAULT CHARSET=latin1;
/*!40101 SET character_set_client = @saved_cs_client */;

--
-- Dumping data for table `gradingperiod_mt`
--

LOCK TABLES `gradingperiod_mt` WRITE;
/*!40000 ALTER TABLE `gradingperiod_mt` DISABLE KEYS */;
INSERT INTO `gradingperiod_mt` VALUES (7000,1,'1st Period','','2017-07-19 21:09:13'),(7001,2,'2nd Period','','2017-07-19 21:09:14'),(7002,3,'3rd Period','','2017-07-19 21:09:16'),(7003,4,'4th Period','','2017-07-19 21:09:17');
/*!40000 ALTER TABLE `gradingperiod_mt` ENABLE KEYS */;
UNLOCK TABLES;

--
-- Table structure for table `or_no_mt`
--

DROP TABLE IF EXISTS `or_no_mt`;
/*!40101 SET @saved_cs_client     = @@character_set_client */;
/*!40101 SET character_set_client = utf8 */;
CREATE TABLE `or_no_mt` (
  `or_no_id` int(11) NOT NULL AUTO_INCREMENT,
  `or_no` int(11) NOT NULL,
  `schoolyear_id` int(11) NOT NULL,
  `is_used` bit(1) DEFAULT b'0',
  `date_generated` datetime NOT NULL DEFAULT CURRENT_TIMESTAMP,
  `generated_by_user_id` int(11) DEFAULT NULL,
  PRIMARY KEY (`or_no_id`),
  UNIQUE KEY `or_no_UNIQUE` (`or_no`),
  KEY `fk_or_no_mtTABLE_schoolyear_idCOL_idx` (`schoolyear_id`),
  KEY `fk_or_no_mtTABLE_generated_by_user_idCOL_idx` (`generated_by_user_id`),
  CONSTRAINT `fk_or_no_mtTABLE_generated_by_user_idCOL` FOREIGN KEY (`generated_by_user_id`) REFERENCES `user_mt` (`user_id`) ON DELETE NO ACTION ON UPDATE NO ACTION,
  CONSTRAINT `fk_or_no_mtTABLE_schoolyear_idCOL` FOREIGN KEY (`schoolyear_id`) REFERENCES `schoolyear_mt` (`schoolyear_id`) ON DELETE NO ACTION ON UPDATE NO ACTION
) ENGINE=InnoDB AUTO_INCREMENT=3672 DEFAULT CHARSET=latin1;
/*!40101 SET character_set_client = @saved_cs_client */;

--
-- Dumping data for table `or_no_mt`
--

LOCK TABLES `or_no_mt` WRITE;
/*!40000 ALTER TABLE `or_no_mt` DISABLE KEYS */;
INSERT INTO `or_no_mt` VALUES (1,10001,432,'','2018-02-02 10:56:48',NULL),(2,10002,432,'','2018-02-02 10:56:50',NULL),(3,10003,432,'','2018-02-02 10:56:51',NULL),(4,10004,432,'','2018-02-02 10:56:52',NULL),(5,10005,432,'','2018-02-02 10:56:52',NULL),(6,10006,432,'','2018-02-02 10:56:53',NULL),(7,10007,432,'','2018-02-02 10:56:54',NULL),(8,10008,432,'\0','2018-02-02 10:56:55',NULL),(9,10009,432,'\0','2018-02-02 10:56:56',NULL),(10,100010,432,'\0','2018-02-02 10:59:33',NULL),(11,100011,432,'\0','2018-02-02 10:59:35',NULL),(12,100012,432,'\0','2018-02-02 10:59:36',NULL),(13,100013,432,'\0','2018-02-02 10:59:36',NULL),(14,100014,432,'\0','2018-02-02 10:59:37',NULL),(15,100015,432,'\0','2018-02-02 10:59:38',NULL),(16,100016,432,'\0','2018-02-02 10:59:39',NULL),(17,100017,432,'\0','2018-02-02 10:59:40',NULL),(18,100018,432,'\0','2018-02-02 10:59:41',NULL),(19,100019,432,'\0','2018-03-14 02:47:53',NULL),(20,100020,432,'\0','2018-03-14 02:47:54',NULL),(21,100021,432,'\0','2018-03-14 02:47:56',NULL),(22,100022,432,'\0','2018-03-14 02:47:57',NULL),(23,100023,432,'\0','2018-03-14 02:47:58',NULL),(24,100024,432,'\0','2018-03-14 02:47:58',NULL),(25,100025,432,'\0','2018-03-14 02:47:59',NULL),(26,100026,432,'\0','2018-03-14 02:48:00',NULL),(27,100027,432,'\0','2018-03-14 02:48:01',NULL),(28,100028,432,'\0','2018-03-14 02:48:02',NULL),(30,100029,432,'\0','2018-03-14 02:55:16',NULL),(31,100030,432,'\0','2018-03-14 02:55:17',NULL),(32,100031,432,'\0','2018-03-14 02:55:17',NULL),(33,100032,432,'\0','2018-03-14 02:55:17',NULL),(34,100033,432,'\0','2018-03-14 02:55:17',NULL),(35,100034,432,'\0','2018-03-14 02:55:17',NULL),(36,100035,432,'\0','2018-03-14 02:55:17',NULL),(37,100036,432,'\0','2018-03-14 02:55:17',NULL),(38,100037,432,'\0','2018-03-14 02:55:17',NULL),(39,100038,432,'\0','2018-03-14 02:55:17',NULL),(40,100039,432,'\0','2018-03-14 02:55:17',NULL),(41,100040,432,'\0','2018-03-14 02:55:17',NULL),(42,100041,432,'\0','2018-03-14 02:55:17',NULL),(43,100042,432,'\0','2018-03-14 02:55:17',NULL),(44,100043,432,'\0','2018-03-14 02:55:17',NULL),(45,100044,432,'\0','2018-03-14 02:55:17',NULL),(46,100045,432,'\0','2018-03-14 02:55:17',NULL),(47,100046,432,'\0','2018-03-14 02:55:17',NULL),(48,100047,432,'\0','2018-03-14 02:55:17',NULL),(49,100048,432,'\0','2018-03-14 02:55:18',NULL),(50,100049,432,'\0','2018-03-14 02:55:18',NULL),(51,100050,432,'\0','2018-03-14 02:55:18',NULL),(52,100051,432,'\0','2018-03-14 02:55:18',NULL),(53,100052,432,'\0','2018-03-14 02:55:18',NULL),(54,100053,432,'\0','2018-03-14 02:55:18',NULL),(55,100054,432,'\0','2018-03-14 02:55:18',NULL),(56,100055,432,'\0','2018-03-14 02:55:18',NULL),(57,100056,432,'\0','2018-03-14 02:55:18',NULL),(58,100057,432,'\0','2018-03-14 02:55:18',NULL),(59,100058,432,'\0','2018-03-14 02:55:18',NULL),(60,100059,432,'\0','2018-03-14 02:55:18',NULL),(61,100060,432,'\0','2018-03-14 02:55:18',NULL),(62,100061,432,'\0','2018-03-14 02:55:18',NULL),(63,100062,432,'\0','2018-03-14 02:55:18',NULL),(64,100063,432,'\0','2018-03-14 02:55:18',NULL),(65,100064,432,'\0','2018-03-14 02:55:18',NULL),(66,100065,432,'\0','2018-03-14 02:55:18',NULL),(67,100066,432,'\0','2018-03-14 02:55:18',NULL),(68,100067,432,'\0','2018-03-14 02:55:18',NULL),(69,100068,432,'\0','2018-03-14 02:55:18',NULL),(70,100069,432,'\0','2018-03-14 02:55:18',NULL),(71,100070,432,'\0','2018-03-14 02:55:18',NULL),(72,100071,432,'\0','2018-03-14 02:55:18',NULL),(73,100072,432,'\0','2018-03-14 02:55:18',NULL),(74,100073,432,'\0','2018-03-14 02:55:18',NULL),(75,100074,432,'\0','2018-03-14 02:55:18',NULL),(76,100075,432,'\0','2018-03-14 02:55:18',NULL),(77,100076,432,'\0','2018-03-14 02:55:19',NULL),(78,100077,432,'\0','2018-03-14 02:55:19',NULL),(79,100078,432,'\0','2018-03-14 02:55:19',NULL),(80,100079,432,'\0','2018-03-14 02:55:19',NULL),(81,100080,432,'\0','2018-03-14 02:55:19',NULL),(82,100081,432,'\0','2018-03-14 02:55:19',NULL),(83,100082,432,'\0','2018-03-14 02:55:19',NULL),(84,100083,432,'\0','2018-03-14 02:55:19',NULL),(85,100084,432,'\0','2018-03-14 02:55:19',NULL),(86,100085,432,'\0','2018-03-14 02:55:19',NULL),(87,100086,432,'\0','2018-03-14 02:55:19',NULL),(88,100087,432,'\0','2018-03-14 02:55:19',NULL),(89,100088,432,'\0','2018-03-14 02:55:19',NULL),(90,100089,432,'\0','2018-03-14 02:55:19',NULL),(91,100090,432,'\0','2018-03-14 02:55:19',NULL),(92,100091,432,'\0','2018-03-14 02:55:19',NULL),(93,100092,432,'\0','2018-03-14 02:55:19',NULL),(94,100093,432,'\0','2018-03-14 02:55:19',NULL),(95,100094,432,'\0','2018-03-14 02:55:19',NULL),(96,100095,432,'\0','2018-03-14 02:55:19',NULL),(97,100096,432,'\0','2018-03-14 02:55:19',NULL),(98,100097,432,'\0','2018-03-14 02:55:19',NULL),(99,100098,432,'\0','2018-03-14 02:55:19',NULL),(100,100099,432,'\0','2018-03-14 02:55:19',NULL),(101,100100,432,'\0','2018-03-14 02:55:19',NULL),(102,100101,432,'\0','2018-03-14 02:55:19',NULL),(103,100102,432,'\0','2018-03-14 02:55:19',NULL),(104,100103,432,'\0','2018-03-14 02:55:20',NULL),(105,100104,432,'\0','2018-03-14 02:55:20',NULL),(106,100105,432,'\0','2018-03-14 02:55:20',NULL),(107,100106,432,'\0','2018-03-14 02:55:20',NULL),(108,100107,432,'\0','2018-03-14 02:55:20',NULL),(109,100108,432,'\0','2018-03-14 02:55:20',NULL),(110,100109,432,'\0','2018-03-14 02:55:20',NULL),(111,100110,432,'\0','2018-03-14 02:55:20',NULL),(112,100111,432,'\0','2018-03-14 02:55:20',NULL),(113,100112,432,'\0','2018-03-14 02:55:20',NULL),(114,100113,432,'\0','2018-03-14 02:55:20',NULL),(115,100114,432,'\0','2018-03-14 02:55:20',NULL),(116,100115,432,'\0','2018-03-14 02:55:20',NULL),(117,100116,432,'\0','2018-03-14 02:55:20',NULL),(118,100117,432,'\0','2018-03-14 02:55:20',NULL),(119,100118,432,'\0','2018-03-14 02:55:20',NULL),(120,100119,432,'\0','2018-03-14 02:55:20',NULL),(121,100120,432,'\0','2018-03-14 02:55:20',NULL),(122,100121,432,'\0','2018-03-14 02:55:20',NULL),(123,100122,432,'\0','2018-03-14 02:55:20',NULL),(124,100123,432,'\0','2018-03-14 02:55:20',NULL),(125,100124,432,'\0','2018-03-14 02:55:20',NULL),(126,100125,432,'\0','2018-03-14 02:55:20',NULL),(127,100126,432,'\0','2018-03-14 02:55:20',NULL),(128,100127,432,'\0','2018-03-14 02:55:20',NULL),(129,100128,432,'\0','2018-03-14 02:55:20',NULL),(130,100129,432,'\0','2018-03-14 02:55:20',NULL),(131,100130,432,'\0','2018-03-14 02:55:20',NULL),(132,100131,432,'\0','2018-03-14 02:55:20',NULL),(133,100132,432,'\0','2018-03-14 02:55:20',NULL),(134,100133,432,'\0','2018-03-14 02:55:21',NULL),(135,100134,432,'\0','2018-03-14 02:55:21',NULL),(136,100135,432,'\0','2018-03-14 02:55:21',NULL),(137,100136,432,'\0','2018-03-14 02:55:21',NULL),(138,100137,432,'\0','2018-03-14 02:55:21',NULL),(139,100138,432,'\0','2018-03-14 02:55:21',NULL),(140,100139,432,'\0','2018-03-14 02:55:21',NULL),(141,100140,432,'\0','2018-03-14 02:55:21',NULL),(142,100141,432,'\0','2018-03-14 02:55:21',NULL),(143,100142,432,'\0','2018-03-14 02:55:21',NULL),(144,100143,432,'\0','2018-03-14 02:55:21',NULL),(145,100144,432,'\0','2018-03-14 02:55:21',NULL),(146,100145,432,'\0','2018-03-14 02:55:21',NULL),(147,100146,432,'\0','2018-03-14 02:55:21',NULL),(148,100147,432,'\0','2018-03-14 02:55:21',NULL),(149,100148,432,'\0','2018-03-14 02:55:21',NULL),(150,100149,432,'\0','2018-03-14 02:55:21',NULL),(151,100150,432,'\0','2018-03-14 02:55:21',NULL),(152,100151,432,'\0','2018-03-14 02:55:21',NULL),(153,100152,432,'\0','2018-03-14 02:55:21',NULL),(154,100153,432,'\0','2018-03-14 02:55:21',NULL),(155,100154,432,'\0','2018-03-14 02:55:21',NULL),(156,100155,432,'\0','2018-03-14 02:55:21',NULL),(157,100156,432,'\0','2018-03-14 02:55:21',NULL),(158,100157,432,'\0','2018-03-14 02:55:21',NULL),(159,100158,432,'\0','2018-03-14 02:55:21',NULL),(160,100159,432,'\0','2018-03-14 02:55:21',NULL),(161,100160,432,'\0','2018-03-14 02:55:21',NULL),(162,100161,432,'\0','2018-03-14 02:55:22',NULL),(163,100162,432,'\0','2018-03-14 02:55:22',NULL),(164,100163,432,'\0','2018-03-14 02:55:22',NULL),(165,100164,432,'\0','2018-03-14 02:55:22',NULL),(166,100165,432,'\0','2018-03-14 02:55:22',NULL),(167,100166,432,'\0','2018-03-14 02:55:22',NULL),(168,100167,432,'\0','2018-03-14 02:55:22',NULL),(169,100168,432,'\0','2018-03-14 02:55:22',NULL),(170,100169,432,'\0','2018-03-14 02:55:22',NULL),(171,100170,432,'\0','2018-03-14 02:55:22',NULL),(172,100171,432,'\0','2018-03-14 02:55:22',NULL),(173,100172,432,'\0','2018-03-14 02:55:22',NULL),(174,100173,432,'\0','2018-03-14 02:55:22',NULL),(175,100174,432,'\0','2018-03-14 02:55:22',NULL),(176,100175,432,'\0','2018-03-14 02:55:22',NULL),(177,100176,432,'\0','2018-03-14 02:55:22',NULL),(178,100177,432,'\0','2018-03-14 02:55:22',NULL),(179,100178,432,'\0','2018-03-14 02:55:22',NULL),(180,100179,432,'\0','2018-03-14 02:55:22',NULL),(181,100180,432,'\0','2018-03-14 02:55:22',NULL),(182,100181,432,'\0','2018-03-14 02:55:22',NULL),(183,100182,432,'\0','2018-03-14 02:55:22',NULL),(184,100183,432,'\0','2018-03-14 02:55:22',NULL),(185,100184,432,'\0','2018-03-14 02:55:22',NULL),(186,100185,432,'\0','2018-03-14 02:55:22',NULL),(187,100186,432,'\0','2018-03-14 02:55:22',NULL),(188,100187,432,'\0','2018-03-14 02:55:22',NULL),(189,100188,432,'\0','2018-03-14 02:55:22',NULL),(190,100189,432,'\0','2018-03-14 02:55:22',NULL),(191,100190,432,'\0','2018-03-14 02:55:22',NULL),(192,100191,432,'\0','2018-03-14 02:55:23',NULL),(193,100192,432,'\0','2018-03-14 02:55:23',NULL),(194,100193,432,'\0','2018-03-14 02:55:23',NULL),(195,100194,432,'\0','2018-03-14 02:55:23',NULL),(196,100195,432,'\0','2018-03-14 02:55:23',NULL),(197,100196,432,'\0','2018-03-14 02:55:23',NULL),(198,100197,432,'\0','2018-03-14 02:55:23',NULL),(199,100198,432,'\0','2018-03-14 02:55:23',NULL),(200,100199,432,'\0','2018-03-14 02:55:23',NULL),(201,100200,432,'\0','2018-03-14 02:55:23',NULL),(202,100201,432,'\0','2018-03-14 02:55:23',NULL),(203,100202,432,'\0','2018-03-14 02:55:23',NULL),(204,100203,432,'\0','2018-03-14 02:55:23',NULL),(205,100204,432,'\0','2018-03-14 02:55:23',NULL),(206,100205,432,'\0','2018-03-14 02:55:23',NULL),(207,100206,432,'\0','2018-03-14 02:55:23',NULL),(208,100207,432,'\0','2018-03-14 02:55:23',NULL),(209,100208,432,'\0','2018-03-14 02:55:23',NULL),(210,100209,432,'\0','2018-03-14 02:55:23',NULL),(211,100210,432,'\0','2018-03-14 02:55:23',NULL),(212,100211,432,'\0','2018-03-14 02:55:23',NULL),(213,100212,432,'\0','2018-03-14 02:55:23',NULL),(214,100213,432,'\0','2018-03-14 02:55:23',NULL),(215,100214,432,'\0','2018-03-14 02:55:23',NULL),(216,100215,432,'\0','2018-03-14 02:55:23',NULL),(217,100216,432,'\0','2018-03-14 02:55:23',NULL),(218,100217,432,'\0','2018-03-14 02:55:23',NULL),(219,100218,432,'\0','2018-03-14 02:55:24',NULL),(220,100219,432,'\0','2018-03-14 02:55:24',NULL),(221,100220,432,'\0','2018-03-14 02:55:24',NULL),(222,100221,432,'\0','2018-03-14 02:55:24',NULL),(223,100222,432,'\0','2018-03-14 02:55:24',NULL),(224,100223,432,'\0','2018-03-14 02:55:24',NULL),(225,100224,432,'\0','2018-03-14 02:55:24',NULL),(226,100225,432,'\0','2018-03-14 02:55:24',NULL),(227,100226,432,'\0','2018-03-14 02:55:24',NULL),(228,100227,432,'\0','2018-03-14 02:55:24',NULL),(229,100228,432,'\0','2018-03-14 02:55:24',NULL),(230,100229,432,'\0','2018-03-14 02:55:24',NULL),(231,100230,432,'\0','2018-03-14 02:55:24',NULL),(232,100231,432,'\0','2018-03-14 02:55:24',NULL),(233,100232,432,'\0','2018-03-14 02:55:24',NULL),(234,100233,432,'\0','2018-03-14 02:55:24',NULL),(235,100234,432,'\0','2018-03-14 02:55:24',NULL),(236,100235,432,'\0','2018-03-14 02:55:24',NULL),(237,100236,432,'\0','2018-03-14 02:55:24',NULL),(238,100237,432,'\0','2018-03-14 02:55:24',NULL),(239,100238,432,'\0','2018-03-14 02:55:24',NULL),(240,100239,432,'\0','2018-03-14 02:55:24',NULL),(241,100240,432,'\0','2018-03-14 02:55:24',NULL),(242,100241,432,'\0','2018-03-14 02:55:24',NULL),(243,100242,432,'\0','2018-03-14 02:55:24',NULL),(244,100243,432,'\0','2018-03-14 02:55:24',NULL),(245,100244,432,'\0','2018-03-14 02:55:24',NULL),(246,100245,432,'\0','2018-03-14 02:55:25',NULL),(247,100246,432,'\0','2018-03-14 02:55:25',NULL),(248,100247,432,'\0','2018-03-14 02:55:25',NULL),(249,100248,432,'\0','2018-03-14 02:55:25',NULL),(250,100249,432,'\0','2018-03-14 02:55:25',NULL),(251,100250,432,'\0','2018-03-14 02:55:25',NULL),(252,100251,432,'\0','2018-03-14 02:55:25',NULL),(253,100252,432,'\0','2018-03-14 02:55:25',NULL),(254,100253,432,'\0','2018-03-14 02:55:25',NULL),(255,100254,432,'\0','2018-03-14 02:55:25',NULL),(256,100255,432,'\0','2018-03-14 02:55:25',NULL),(257,100256,432,'\0','2018-03-14 02:55:25',NULL),(258,100257,432,'\0','2018-03-14 02:55:25',NULL),(259,100258,432,'\0','2018-03-14 02:55:25',NULL),(260,100259,432,'\0','2018-03-14 02:55:25',NULL),(261,100260,432,'\0','2018-03-14 02:55:25',NULL),(262,100261,432,'\0','2018-03-14 02:55:25',NULL),(263,100262,432,'\0','2018-03-14 02:55:25',NULL),(264,100263,432,'\0','2018-03-14 02:55:25',NULL),(265,100264,432,'\0','2018-03-14 02:55:25',NULL),(266,100265,432,'\0','2018-03-14 02:55:25',NULL),(267,100266,432,'\0','2018-03-14 02:55:25',NULL),(268,100267,432,'\0','2018-03-14 02:55:25',NULL),(269,100268,432,'\0','2018-03-14 02:55:25',NULL),(270,100269,432,'\0','2018-03-14 02:55:25',NULL),(271,100270,432,'\0','2018-03-14 02:55:25',NULL),(272,100271,432,'\0','2018-03-14 02:55:25',NULL),(273,100272,432,'\0','2018-03-14 02:55:26',NULL),(274,100273,432,'\0','2018-03-14 02:55:26',NULL),(275,100274,432,'\0','2018-03-14 02:55:26',NULL),(276,100275,432,'\0','2018-03-14 02:55:26',NULL),(277,100276,432,'\0','2018-03-14 02:55:26',NULL),(278,100277,432,'\0','2018-03-14 02:55:26',NULL),(279,100278,432,'\0','2018-03-14 02:55:26',NULL),(280,100279,432,'\0','2018-03-14 02:55:26',NULL),(281,100280,432,'\0','2018-03-14 02:55:26',NULL),(282,100281,432,'\0','2018-03-14 02:55:26',NULL),(283,100282,432,'\0','2018-03-14 02:55:26',NULL),(284,100283,432,'\0','2018-03-14 02:55:26',NULL),(285,100284,432,'\0','2018-03-14 02:55:26',NULL),(286,100285,432,'\0','2018-03-14 02:55:26',NULL),(287,100286,432,'\0','2018-03-14 02:55:26',NULL),(288,100287,432,'\0','2018-03-14 02:55:26',NULL),(289,100288,432,'\0','2018-03-14 02:55:26',NULL),(290,100289,432,'\0','2018-03-14 02:55:26',NULL),(291,100290,432,'\0','2018-03-14 02:55:26',NULL),(292,100291,432,'\0','2018-03-14 02:55:26',NULL),(293,100292,432,'\0','2018-03-14 02:55:26',NULL),(294,100293,432,'\0','2018-03-14 02:55:26',NULL),(295,100294,432,'\0','2018-03-14 02:55:26',NULL),(296,100295,432,'\0','2018-03-14 02:55:26',NULL),(297,100296,432,'\0','2018-03-14 02:55:26',NULL),(298,100297,432,'\0','2018-03-14 02:55:26',NULL),(299,100298,432,'\0','2018-03-14 02:55:27',NULL),(300,100299,432,'\0','2018-03-14 02:55:27',NULL),(301,100300,432,'\0','2018-03-14 02:55:27',NULL),(302,100301,432,'\0','2018-03-14 02:55:27',NULL),(303,100302,432,'\0','2018-03-14 02:55:27',NULL),(304,100303,432,'\0','2018-03-14 02:55:27',NULL),(305,100304,432,'\0','2018-03-14 02:55:27',NULL),(306,100305,432,'\0','2018-03-14 02:55:27',NULL),(307,100306,432,'\0','2018-03-14 02:55:27',NULL),(308,100307,432,'\0','2018-03-14 02:55:27',NULL),(309,100308,432,'\0','2018-03-14 02:55:27',NULL),(310,100309,432,'\0','2018-03-14 02:55:27',NULL),(311,100310,432,'\0','2018-03-14 02:55:27',NULL),(312,100311,432,'\0','2018-03-14 02:55:27',NULL),(313,100312,432,'\0','2018-03-14 02:55:27',NULL),(314,100313,432,'\0','2018-03-14 02:55:27',NULL),(315,100314,432,'\0','2018-03-14 02:55:27',NULL),(316,100315,432,'\0','2018-03-14 02:55:28',NULL),(317,100316,432,'\0','2018-03-14 02:55:28',NULL),(318,100317,432,'\0','2018-03-14 02:55:28',NULL),(319,100318,432,'\0','2018-03-14 02:55:28',NULL),(320,100319,432,'\0','2018-03-14 02:55:28',NULL),(321,100320,432,'\0','2018-03-14 02:55:28',NULL),(322,100321,432,'\0','2018-03-14 02:55:28',NULL),(323,100322,432,'\0','2018-03-14 02:55:28',NULL),(324,100323,432,'\0','2018-03-14 02:55:28',NULL),(325,100324,432,'\0','2018-03-14 02:55:28',NULL),(326,100325,432,'\0','2018-03-14 02:55:28',NULL),(327,100326,432,'\0','2018-03-14 02:55:28',NULL),(328,100327,432,'\0','2018-03-14 02:55:28',NULL),(329,100328,432,'\0','2018-03-14 02:55:28',NULL),(330,100329,432,'\0','2018-03-14 02:55:28',NULL),(331,100330,432,'\0','2018-03-14 02:55:28',NULL),(332,100331,432,'\0','2018-03-14 02:55:28',NULL),(333,100332,432,'\0','2018-03-14 02:55:28',NULL),(334,100333,432,'\0','2018-03-14 02:55:28',NULL),(335,100334,432,'\0','2018-03-14 02:55:29',NULL),(336,100335,432,'\0','2018-03-14 02:55:29',NULL),(337,100336,432,'\0','2018-03-14 02:55:29',NULL),(338,100337,432,'\0','2018-03-14 02:55:29',NULL),(339,100338,432,'\0','2018-03-14 02:55:29',NULL),(340,100339,432,'\0','2018-03-14 02:55:29',NULL),(341,100340,432,'\0','2018-03-14 02:55:29',NULL),(342,100341,432,'\0','2018-03-14 02:55:29',NULL),(343,100342,432,'\0','2018-03-14 02:55:29',NULL),(344,100343,432,'\0','2018-03-14 02:55:29',NULL),(345,100344,432,'\0','2018-03-14 02:55:29',NULL),(346,100345,432,'\0','2018-03-14 02:55:29',NULL),(347,100346,432,'\0','2018-03-14 02:55:29',NULL),(348,100347,432,'\0','2018-03-14 02:55:29',NULL),(349,100348,432,'\0','2018-03-14 02:55:29',NULL),(350,100349,432,'\0','2018-03-14 02:55:29',NULL),(351,100350,432,'\0','2018-03-14 02:55:29',NULL),(352,100351,432,'\0','2018-03-14 02:55:29',NULL),(353,100352,432,'\0','2018-03-14 02:55:29',NULL),(354,100353,432,'\0','2018-03-14 02:55:29',NULL),(355,100354,432,'\0','2018-03-14 02:55:30',NULL),(356,100355,432,'\0','2018-03-14 02:55:30',NULL),(357,100356,432,'\0','2018-03-14 02:55:30',NULL),(358,100357,432,'\0','2018-03-14 02:55:30',NULL),(359,100358,432,'\0','2018-03-14 02:55:30',NULL),(360,100359,432,'\0','2018-03-14 02:55:30',NULL),(361,100360,432,'\0','2018-03-14 02:55:30',NULL),(362,100361,432,'\0','2018-03-14 02:55:30',NULL),(363,100362,432,'\0','2018-03-14 02:55:30',NULL),(364,100363,432,'\0','2018-03-14 02:55:30',NULL),(365,100364,432,'\0','2018-03-14 02:55:30',NULL),(366,100365,432,'\0','2018-03-14 02:55:30',NULL),(367,100366,432,'\0','2018-03-14 02:55:30',NULL),(368,100367,432,'\0','2018-03-14 02:55:30',NULL),(369,100368,432,'\0','2018-03-14 02:55:30',NULL),(370,100369,432,'\0','2018-03-14 02:55:30',NULL),(371,100370,432,'\0','2018-03-14 02:55:30',NULL),(372,100371,432,'\0','2018-03-14 02:55:30',NULL),(373,100372,432,'\0','2018-03-14 02:55:30',NULL),(374,100373,432,'\0','2018-03-14 02:55:30',NULL),(375,100374,432,'\0','2018-03-14 02:55:30',NULL),(376,100375,432,'\0','2018-03-14 02:55:31',NULL),(377,100376,432,'\0','2018-03-14 02:55:31',NULL),(378,100377,432,'\0','2018-03-14 02:55:31',NULL),(379,100378,432,'\0','2018-03-14 02:55:31',NULL),(380,100379,432,'\0','2018-03-14 02:55:31',NULL),(381,100380,432,'\0','2018-03-14 02:55:31',NULL),(382,100381,432,'\0','2018-03-14 02:55:31',NULL),(383,100382,432,'\0','2018-03-14 02:55:31',NULL),(384,100383,432,'\0','2018-03-14 02:55:31',NULL),(385,100384,432,'\0','2018-03-14 02:55:31',NULL),(386,100385,432,'\0','2018-03-14 02:55:31',NULL),(387,100386,432,'\0','2018-03-14 02:55:31',NULL),(388,100387,432,'\0','2018-03-14 02:55:31',NULL),(389,100388,432,'\0','2018-03-14 02:55:31',NULL),(390,100389,432,'\0','2018-03-14 02:55:31',NULL),(391,100390,432,'\0','2018-03-14 02:55:31',NULL),(392,100391,432,'\0','2018-03-14 02:55:31',NULL),(393,100392,432,'\0','2018-03-14 02:55:31',NULL),(394,100393,432,'\0','2018-03-14 02:55:31',NULL),(395,100394,432,'\0','2018-03-14 02:55:32',NULL),(396,100395,432,'\0','2018-03-14 02:55:32',NULL),(397,100396,432,'\0','2018-03-14 02:55:32',NULL),(398,100397,432,'\0','2018-03-14 02:55:32',NULL),(399,100398,432,'\0','2018-03-14 02:55:32',NULL),(400,100399,432,'\0','2018-03-14 02:55:32',NULL),(401,100400,432,'\0','2018-03-14 02:55:32',NULL),(402,100401,432,'\0','2018-03-14 02:55:32',NULL),(403,100402,432,'\0','2018-03-14 02:55:32',NULL),(404,100403,432,'\0','2018-03-14 02:55:32',NULL),(405,100404,432,'\0','2018-03-14 02:55:32',NULL),(406,100405,432,'\0','2018-03-14 02:55:32',NULL),(407,100406,432,'\0','2018-03-14 02:55:32',NULL),(408,100407,432,'\0','2018-03-14 02:55:32',NULL),(409,100408,432,'\0','2018-03-14 02:55:32',NULL),(410,100409,432,'\0','2018-03-14 02:55:32',NULL),(411,100410,432,'\0','2018-03-14 02:55:32',NULL),(412,100411,432,'\0','2018-03-14 02:55:32',NULL),(413,100412,432,'\0','2018-03-14 02:55:32',NULL),(414,100413,432,'\0','2018-03-14 02:55:32',NULL),(415,100414,432,'\0','2018-03-14 02:55:33',NULL),(416,100415,432,'\0','2018-03-14 02:55:33',NULL),(417,100416,432,'\0','2018-03-14 02:55:33',NULL),(418,100417,432,'\0','2018-03-14 02:55:33',NULL),(419,100418,432,'\0','2018-03-14 02:55:33',NULL),(420,100419,432,'\0','2018-03-14 02:55:33',NULL),(421,100420,432,'\0','2018-03-14 02:55:33',NULL),(422,100421,432,'\0','2018-03-14 02:55:33',NULL),(423,100422,432,'\0','2018-03-14 02:55:33',NULL),(424,100423,432,'\0','2018-03-14 02:55:33',NULL),(425,100424,432,'\0','2018-03-14 02:55:33',NULL),(426,100425,432,'\0','2018-03-14 02:55:33',NULL),(427,100426,432,'\0','2018-03-14 02:55:33',NULL),(428,100427,432,'\0','2018-03-14 02:55:34',NULL),(429,100428,432,'\0','2018-03-14 02:55:34',NULL),(430,100429,432,'\0','2018-03-14 02:55:34',NULL),(431,100430,432,'\0','2018-03-14 02:55:34',NULL),(432,100431,432,'\0','2018-03-14 02:55:34',NULL),(433,100432,432,'\0','2018-03-14 02:55:34',NULL),(434,100433,432,'\0','2018-03-14 02:55:34',NULL),(435,100434,432,'\0','2018-03-14 02:55:34',NULL),(436,100435,432,'\0','2018-03-14 02:55:34',NULL),(437,100436,432,'\0','2018-03-14 02:55:34',NULL),(438,100437,432,'\0','2018-03-14 02:55:34',NULL),(439,100438,432,'\0','2018-03-14 02:55:34',NULL),(440,100439,432,'\0','2018-03-14 02:55:34',NULL),(441,100440,432,'\0','2018-03-14 02:55:34',NULL),(442,100441,432,'\0','2018-03-14 02:55:34',NULL),(443,100442,432,'\0','2018-03-14 02:55:34',NULL),(444,100443,432,'\0','2018-03-14 02:55:34',NULL),(445,100444,432,'\0','2018-03-14 02:55:34',NULL),(446,100445,432,'\0','2018-03-14 02:55:35',NULL),(447,100446,432,'\0','2018-03-14 02:55:35',NULL),(448,100447,432,'\0','2018-03-14 02:55:35',NULL),(449,100448,432,'\0','2018-03-14 02:55:35',NULL),(450,100449,432,'\0','2018-03-14 02:55:35',NULL),(451,100450,432,'\0','2018-03-14 02:55:35',NULL),(452,100451,432,'\0','2018-03-14 02:55:35',NULL),(453,100452,432,'\0','2018-03-14 02:55:35',NULL),(454,100453,432,'\0','2018-03-14 02:55:35',NULL),(455,100454,432,'\0','2018-03-14 02:55:35',NULL),(456,100455,432,'\0','2018-03-14 02:55:35',NULL),(457,100456,432,'\0','2018-03-14 02:55:35',NULL),(458,100457,432,'\0','2018-03-14 02:55:35',NULL),(459,100458,432,'\0','2018-03-14 02:55:35',NULL),(460,100459,432,'\0','2018-03-14 02:55:35',NULL),(461,100460,432,'\0','2018-03-14 02:55:35',NULL),(462,100461,432,'\0','2018-03-14 02:55:35',NULL),(463,100462,432,'\0','2018-03-14 02:55:35',NULL),(464,100463,432,'\0','2018-03-14 02:55:35',NULL),(465,100464,432,'\0','2018-03-14 02:55:35',NULL),(466,100465,432,'\0','2018-03-14 02:55:35',NULL),(467,100466,432,'\0','2018-03-14 02:55:35',NULL),(468,100467,432,'\0','2018-03-14 02:55:35',NULL),(469,100468,432,'\0','2018-03-14 02:55:35',NULL),(470,100469,432,'\0','2018-03-14 02:55:35',NULL),(471,100470,432,'\0','2018-03-14 02:55:35',NULL),(472,100471,432,'\0','2018-03-14 02:55:35',NULL),(473,100472,432,'\0','2018-03-14 02:55:35',NULL),(474,100473,432,'\0','2018-03-14 02:55:35',NULL),(475,100474,432,'\0','2018-03-14 02:55:35',NULL),(476,100475,432,'\0','2018-03-14 02:55:36',NULL),(477,100476,432,'\0','2018-03-14 02:55:36',NULL),(478,100477,432,'\0','2018-03-14 02:55:36',NULL),(479,100478,432,'\0','2018-03-14 02:55:36',NULL),(480,100479,432,'\0','2018-03-14 02:55:36',NULL),(481,100480,432,'\0','2018-03-14 02:55:36',NULL),(482,100481,432,'\0','2018-03-14 02:55:36',NULL),(483,100482,432,'\0','2018-03-14 02:55:36',NULL),(484,100483,432,'\0','2018-03-14 02:55:36',NULL),(485,100484,432,'\0','2018-03-14 02:55:36',NULL),(486,100485,432,'\0','2018-03-14 02:55:36',NULL),(487,100486,432,'\0','2018-03-14 02:55:36',NULL),(488,100487,432,'\0','2018-03-14 02:55:36',NULL),(489,100488,432,'\0','2018-03-14 02:55:36',NULL),(490,100489,432,'\0','2018-03-14 02:55:36',NULL),(491,100490,432,'\0','2018-03-14 02:55:36',NULL),(492,100491,432,'\0','2018-03-14 02:55:36',NULL),(493,100492,432,'\0','2018-03-14 02:55:36',NULL),(494,100493,432,'\0','2018-03-14 02:55:36',NULL),(495,100494,432,'\0','2018-03-14 02:55:36',NULL),(496,100495,432,'\0','2018-03-14 02:55:36',NULL),(497,100496,432,'\0','2018-03-14 02:55:36',NULL),(498,100497,432,'\0','2018-03-14 02:55:36',NULL),(499,100498,432,'\0','2018-03-14 02:55:36',NULL),(500,100499,433,'','2018-03-14 02:55:36',NULL),(501,100500,433,'','2018-03-14 02:55:36',NULL),(502,100501,433,'\0','2018-03-14 02:55:36',NULL),(503,100502,433,'\0','2018-03-14 02:55:37',NULL),(504,100503,433,'\0','2018-03-14 02:55:37',NULL),(505,100504,433,'\0','2018-03-14 02:55:37',NULL),(506,100505,433,'\0','2018-03-14 02:55:37',NULL),(507,100506,433,'\0','2018-03-14 02:55:37',NULL),(508,100507,433,'\0','2018-03-14 02:55:37',NULL),(509,100508,433,'\0','2018-03-14 02:55:37',NULL),(510,100509,433,'\0','2018-03-14 02:55:37',NULL),(511,100510,433,'\0','2018-03-14 02:55:37',NULL),(512,100511,433,'\0','2018-03-14 02:55:37',NULL),(513,100512,433,'\0','2018-03-14 02:55:37',NULL),(514,100513,433,'\0','2018-03-14 02:55:37',NULL),(515,100514,433,'\0','2018-03-14 02:55:37',NULL),(516,100515,433,'\0','2018-03-14 02:55:37',NULL),(517,100516,433,'\0','2018-03-14 02:55:37',NULL),(518,100517,433,'\0','2018-03-14 02:55:37',NULL),(519,100518,433,'\0','2018-03-14 02:55:37',NULL),(520,100519,433,'\0','2018-03-14 02:55:37',NULL),(521,100520,433,'\0','2018-03-14 02:55:37',NULL),(522,100521,433,'\0','2018-03-14 02:55:37',NULL),(523,100522,433,'\0','2018-03-14 02:55:37',NULL),(524,100523,433,'\0','2018-03-14 02:55:37',NULL),(525,100524,433,'\0','2018-03-14 02:55:37',NULL),(526,100525,433,'\0','2018-03-14 02:55:37',NULL),(527,100526,433,'\0','2018-03-14 02:55:37',NULL),(528,100527,433,'\0','2018-03-14 02:55:37',NULL),(529,100528,433,'\0','2018-03-14 02:55:37',NULL),(530,100529,433,'\0','2018-03-14 02:55:38',NULL),(531,100530,433,'\0','2018-03-14 02:55:38',NULL),(532,100531,433,'\0','2018-03-14 02:55:38',NULL),(533,100532,433,'\0','2018-03-14 02:55:38',NULL),(534,100533,433,'\0','2018-03-14 02:55:38',NULL),(535,100534,433,'\0','2018-03-14 02:55:38',NULL),(536,100535,433,'\0','2018-03-14 02:55:38',NULL),(537,100536,433,'\0','2018-03-14 02:55:38',NULL),(538,100537,433,'\0','2018-03-14 02:55:38',NULL),(539,100538,433,'\0','2018-03-14 02:55:38',NULL),(540,100539,433,'\0','2018-03-14 02:55:38',NULL),(541,100540,433,'\0','2018-03-14 02:55:38',NULL),(542,100541,433,'\0','2018-03-14 02:55:38',NULL),(543,100542,433,'\0','2018-03-14 02:55:38',NULL),(544,100543,433,'\0','2018-03-14 02:55:38',NULL),(545,100544,433,'\0','2018-03-14 02:55:38',NULL),(546,100545,433,'\0','2018-03-14 02:55:38',NULL),(547,100546,433,'\0','2018-03-14 02:55:38',NULL),(548,100547,433,'\0','2018-03-14 02:55:38',NULL),(549,100548,433,'\0','2018-03-14 02:55:38',NULL),(550,100549,433,'\0','2018-03-14 02:55:38',NULL),(551,100550,433,'\0','2018-03-14 02:55:38',NULL),(552,100551,433,'\0','2018-03-14 02:55:38',NULL),(553,100552,433,'\0','2018-03-14 02:55:38',NULL),(554,100553,433,'\0','2018-03-14 02:55:38',NULL),(555,100554,433,'\0','2018-03-14 02:55:38',NULL),(556,100555,433,'\0','2018-03-14 02:55:38',NULL),(557,100556,433,'\0','2018-03-14 02:55:39',NULL),(558,100557,433,'\0','2018-03-14 02:55:39',NULL),(559,100558,433,'\0','2018-03-14 02:55:39',NULL),(560,100559,433,'\0','2018-03-14 02:55:39',NULL),(561,100560,433,'\0','2018-03-14 02:55:39',NULL),(562,100561,433,'\0','2018-03-14 02:55:39',NULL),(563,100562,433,'\0','2018-03-14 02:55:39',NULL),(564,100563,433,'\0','2018-03-14 02:55:39',NULL),(565,100564,433,'\0','2018-03-14 02:55:39',NULL),(566,100565,433,'\0','2018-03-14 02:55:39',NULL),(567,100566,433,'\0','2018-03-14 02:55:39',NULL),(568,100567,433,'\0','2018-03-14 02:55:39',NULL),(569,100568,433,'\0','2018-03-14 02:55:39',NULL),(570,100569,433,'\0','2018-03-14 02:55:39',NULL),(571,100570,433,'\0','2018-03-14 02:55:39',NULL),(572,100571,433,'\0','2018-03-14 02:55:39',NULL),(573,100572,433,'\0','2018-03-14 02:55:39',NULL),(574,100573,433,'\0','2018-03-14 02:55:39',NULL),(575,100574,433,'\0','2018-03-14 02:55:39',NULL),(576,100575,433,'\0','2018-03-14 02:55:39',NULL),(577,100576,433,'\0','2018-03-14 02:55:39',NULL),(578,100577,433,'\0','2018-03-14 02:55:39',NULL),(579,100578,433,'\0','2018-03-14 02:55:40',NULL),(580,100579,433,'\0','2018-03-14 02:55:40',NULL),(581,100580,433,'\0','2018-03-14 02:55:40',NULL),(582,100581,433,'\0','2018-03-14 02:55:40',NULL),(583,100582,433,'\0','2018-03-14 02:55:40',NULL),(584,100583,433,'\0','2018-03-14 02:55:40',NULL),(585,100584,433,'\0','2018-03-14 02:55:40',NULL),(586,100585,433,'\0','2018-03-14 02:55:40',NULL),(587,100586,433,'\0','2018-03-14 02:55:40',NULL),(588,100587,433,'\0','2018-03-14 02:55:40',NULL),(589,100588,433,'\0','2018-03-14 02:55:40',NULL),(590,100589,433,'\0','2018-03-14 02:55:40',NULL),(591,100590,433,'\0','2018-03-14 02:55:40',NULL),(592,100591,433,'\0','2018-03-14 02:55:40',NULL),(593,100592,433,'\0','2018-03-14 02:55:40',NULL),(594,100593,433,'\0','2018-03-14 02:55:40',NULL),(595,100594,433,'\0','2018-03-14 02:55:40',NULL),(596,100595,433,'\0','2018-03-14 02:55:41',NULL),(597,100596,433,'\0','2018-03-14 02:55:41',NULL),(598,100597,433,'\0','2018-03-14 02:55:41',NULL),(599,100598,433,'\0','2018-03-14 02:55:41',NULL),(600,100599,433,'\0','2018-03-14 02:55:41',NULL),(601,100600,433,'\0','2018-03-14 02:55:41',NULL),(602,100601,433,'\0','2018-03-14 02:55:41',NULL),(603,100602,433,'\0','2018-03-14 02:55:41',NULL),(604,100603,433,'\0','2018-03-14 02:55:41',NULL),(605,100604,433,'\0','2018-03-14 02:55:41',NULL),(606,100605,433,'\0','2018-03-14 02:55:41',NULL),(607,100606,433,'\0','2018-03-14 02:55:41',NULL),(608,100607,433,'\0','2018-03-14 02:55:41',NULL),(609,100608,433,'\0','2018-03-14 02:55:41',NULL),(610,100609,433,'\0','2018-03-14 02:55:41',NULL),(611,100610,433,'\0','2018-03-14 02:55:42',NULL),(612,100611,433,'\0','2018-03-14 02:55:42',NULL),(613,100612,433,'\0','2018-03-14 02:55:42',NULL),(614,100613,433,'\0','2018-03-14 02:55:42',NULL),(615,100614,433,'\0','2018-03-14 02:55:42',NULL),(616,100615,433,'\0','2018-03-14 02:55:42',NULL),(617,100616,433,'\0','2018-03-14 02:55:42',NULL),(618,100617,433,'\0','2018-03-14 02:55:42',NULL),(619,100618,433,'\0','2018-03-14 02:55:42',NULL),(620,100619,433,'\0','2018-03-14 02:55:42',NULL),(621,100620,433,'\0','2018-03-14 02:55:42',NULL),(622,100621,433,'\0','2018-03-14 02:55:42',NULL),(623,100622,433,'\0','2018-03-14 02:55:42',NULL),(624,100623,433,'\0','2018-03-14 02:55:43',NULL),(625,100624,433,'\0','2018-03-14 02:55:43',NULL),(626,100625,433,'\0','2018-03-14 02:55:43',NULL),(627,100626,433,'\0','2018-03-14 02:55:43',NULL),(628,100627,433,'\0','2018-03-14 02:55:43',NULL),(629,100628,433,'\0','2018-03-14 02:55:43',NULL),(630,100629,433,'\0','2018-03-14 02:55:43',NULL),(631,100630,433,'\0','2018-03-14 02:55:44',NULL),(632,100631,433,'\0','2018-03-14 02:55:44',NULL),(633,100632,433,'\0','2018-03-14 02:55:44',NULL),(634,100633,433,'\0','2018-03-14 02:55:44',NULL),(635,100634,433,'\0','2018-03-14 02:55:44',NULL),(636,100635,433,'\0','2018-03-14 02:55:44',NULL),(637,100636,433,'\0','2018-03-14 02:55:44',NULL),(638,100637,433,'\0','2018-03-14 02:55:44',NULL),(639,100638,433,'\0','2018-03-14 02:55:44',NULL),(640,100639,433,'\0','2018-03-14 02:55:44',NULL),(641,100640,433,'\0','2018-03-14 02:55:44',NULL),(642,100641,433,'\0','2018-03-14 02:55:44',NULL),(643,100642,433,'\0','2018-03-14 02:55:44',NULL),(644,100643,433,'\0','2018-03-14 02:55:44',NULL),(645,100644,433,'\0','2018-03-14 02:55:45',NULL),(646,100645,433,'\0','2018-03-14 02:55:45',NULL),(647,100646,433,'\0','2018-03-14 02:55:45',NULL),(648,100647,433,'\0','2018-03-14 02:55:45',NULL),(649,100648,433,'\0','2018-03-14 02:55:45',NULL),(650,100649,433,'\0','2018-03-14 02:55:45',NULL),(651,100650,433,'\0','2018-03-14 02:55:45',NULL),(652,100651,433,'\0','2018-03-14 02:55:45',NULL),(653,100652,433,'\0','2018-03-14 02:55:45',NULL),(654,100653,433,'\0','2018-03-14 02:55:45',NULL),(655,100654,433,'\0','2018-03-14 02:55:45',NULL),(656,100655,433,'\0','2018-03-14 02:55:45',NULL),(657,100656,433,'\0','2018-03-14 02:55:45',NULL),(658,100657,433,'\0','2018-03-14 02:55:46',NULL),(659,100658,433,'\0','2018-03-14 02:55:46',NULL),(660,100659,433,'\0','2018-03-14 02:55:46',NULL),(661,100660,433,'\0','2018-03-14 02:55:46',NULL),(662,100661,433,'\0','2018-03-14 02:55:46',NULL),(663,100662,433,'\0','2018-03-14 02:55:46',NULL),(664,100663,433,'\0','2018-03-14 02:55:46',NULL),(665,100664,433,'\0','2018-03-14 02:55:46',NULL),(666,100665,433,'\0','2018-03-14 02:55:46',NULL),(667,100666,433,'\0','2018-03-14 02:55:46',NULL),(668,100667,438,'\0','2018-03-14 02:55:46',NULL),(669,100668,438,'\0','2018-03-14 02:55:46',NULL),(670,100669,438,'\0','2018-03-14 02:55:46',NULL),(671,100670,438,'\0','2018-03-14 02:55:46',NULL),(672,100671,438,'\0','2018-03-14 02:55:46',NULL),(673,100672,438,'\0','2018-03-14 02:55:47',NULL),(674,100673,438,'\0','2018-03-14 02:55:47',NULL),(675,100674,438,'\0','2018-03-14 02:55:47',NULL),(676,100675,438,'\0','2018-03-14 02:55:47',NULL),(677,100676,438,'\0','2018-03-14 02:55:47',NULL),(678,100677,438,'\0','2018-03-14 02:55:47',NULL),(679,100678,438,'\0','2018-03-14 02:55:47',NULL),(680,100679,438,'\0','2018-03-14 02:55:47',NULL),(681,100680,438,'\0','2018-03-14 02:55:47',NULL),(682,100681,438,'\0','2018-03-14 02:55:47',NULL),(683,100682,438,'\0','2018-03-14 02:55:47',NULL),(684,100683,438,'\0','2018-03-14 02:55:47',NULL),(685,100684,438,'\0','2018-03-14 02:55:47',NULL),(686,100685,438,'\0','2018-03-14 02:55:47',NULL),(687,100686,438,'\0','2018-03-14 02:55:47',NULL),(688,100687,438,'\0','2018-03-14 02:55:47',NULL),(689,100688,438,'\0','2018-03-14 02:55:47',NULL),(690,100689,438,'\0','2018-03-14 02:55:47',NULL),(691,100690,438,'\0','2018-03-14 02:55:47',NULL),(692,100691,438,'\0','2018-03-14 02:55:47',NULL),(693,100692,438,'\0','2018-03-14 02:55:47',NULL),(694,100693,438,'\0','2018-03-14 02:55:47',NULL),(695,100694,438,'\0','2018-03-14 02:55:47',NULL),(696,100695,438,'\0','2018-03-14 02:55:47',NULL),(697,100696,438,'\0','2018-03-14 02:55:47',NULL),(698,100697,438,'\0','2018-03-14 02:55:48',NULL),(699,100698,438,'\0','2018-03-14 02:55:48',NULL),(700,100699,438,'\0','2018-03-14 02:55:48',NULL),(701,100700,438,'\0','2018-03-14 02:55:48',NULL),(702,100701,438,'\0','2018-03-14 02:55:48',NULL),(703,100702,438,'\0','2018-03-14 02:55:48',NULL),(704,100703,438,'\0','2018-03-14 02:55:48',NULL),(705,100704,438,'\0','2018-03-14 02:55:48',NULL),(706,100705,438,'\0','2018-03-14 02:55:48',NULL),(707,100706,438,'\0','2018-03-14 02:55:48',NULL),(708,100707,438,'\0','2018-03-14 02:55:48',NULL),(709,100708,438,'\0','2018-03-14 02:55:48',NULL),(710,100709,438,'\0','2018-03-14 02:55:48',NULL),(711,100710,438,'\0','2018-03-14 02:55:48',NULL),(712,100711,438,'\0','2018-03-14 02:55:48',NULL),(713,100712,438,'\0','2018-03-14 02:55:48',NULL),(714,100713,438,'\0','2018-03-14 02:55:48',NULL),(715,100714,438,'\0','2018-03-14 02:55:48',NULL),(716,100715,438,'\0','2018-03-14 02:55:48',NULL),(717,100716,438,'\0','2018-03-14 02:55:48',NULL),(718,100717,438,'\0','2018-03-14 02:55:48',NULL),(719,100718,438,'\0','2018-03-14 02:55:48',NULL),(720,100719,438,'\0','2018-03-14 02:55:49',NULL),(721,100720,438,'\0','2018-03-14 02:55:49',NULL),(722,100721,438,'\0','2018-03-14 02:55:49',NULL),(723,100722,438,'\0','2018-03-14 02:55:49',NULL),(724,100723,438,'\0','2018-03-14 02:55:49',NULL),(725,100724,438,'\0','2018-03-14 02:55:49',NULL),(726,100725,438,'\0','2018-03-14 02:55:49',NULL),(727,100726,438,'\0','2018-03-14 02:55:49',NULL),(728,100727,438,'\0','2018-03-14 02:55:49',NULL),(729,100728,438,'\0','2018-03-14 02:55:49',NULL),(730,100729,438,'\0','2018-03-14 02:55:49',NULL),(731,100730,438,'\0','2018-03-14 02:55:49',NULL),(732,100731,438,'\0','2018-03-14 02:55:49',NULL),(733,100732,438,'\0','2018-03-14 02:55:49',NULL),(734,100733,438,'\0','2018-03-14 02:55:49',NULL),(735,100734,438,'\0','2018-03-14 02:55:49',NULL),(736,100735,438,'\0','2018-03-14 02:55:49',NULL),(737,100736,438,'\0','2018-03-14 02:55:49',NULL),(738,100737,438,'\0','2018-03-14 02:55:49',NULL),(739,100738,438,'\0','2018-03-14 02:55:49',NULL),(740,100739,438,'\0','2018-03-14 02:55:49',NULL),(741,100740,438,'\0','2018-03-14 02:55:50',NULL),(742,100741,438,'\0','2018-03-14 02:55:50',NULL),(743,100742,438,'\0','2018-03-14 02:55:50',NULL),(744,100743,438,'\0','2018-03-14 02:55:50',NULL),(745,100744,438,'\0','2018-03-14 02:55:50',NULL),(746,100745,438,'\0','2018-03-14 02:55:50',NULL),(747,100746,438,'\0','2018-03-14 02:55:50',NULL),(748,100747,438,'\0','2018-03-14 02:55:50',NULL),(749,100748,438,'\0','2018-03-14 02:55:50',NULL),(750,100749,438,'\0','2018-03-14 02:55:50',NULL),(751,100750,438,'\0','2018-03-14 02:55:50',NULL),(752,100751,438,'\0','2018-03-14 02:55:50',NULL),(753,100752,438,'\0','2018-03-14 02:55:50',NULL),(754,100753,438,'\0','2018-03-14 02:55:50',NULL),(755,100754,438,'\0','2018-03-14 02:55:50',NULL),(756,100755,438,'\0','2018-03-14 02:55:50',NULL),(757,100756,438,'\0','2018-03-14 02:55:50',NULL),(758,100757,438,'\0','2018-03-14 02:55:51',NULL),(759,100758,438,'\0','2018-03-14 02:55:51',NULL),(760,100759,438,'\0','2018-03-14 02:55:51',NULL),(761,100760,438,'\0','2018-03-14 02:55:51',NULL),(762,100761,438,'\0','2018-03-14 02:55:51',NULL),(763,100762,438,'\0','2018-03-14 02:55:51',NULL),(764,100763,438,'\0','2018-03-14 02:55:51',NULL),(765,100764,438,'\0','2018-03-14 02:55:51',NULL),(766,100765,438,'\0','2018-03-14 02:55:51',NULL),(767,100766,438,'\0','2018-03-14 02:55:51',NULL),(768,100767,438,'\0','2018-03-14 02:55:51',NULL),(769,100768,438,'\0','2018-03-14 02:55:51',NULL),(770,100769,438,'\0','2018-03-14 02:55:51',NULL),(771,100770,438,'\0','2018-03-14 02:55:51',NULL),(772,100771,438,'\0','2018-03-14 02:55:51',NULL),(773,100772,438,'\0','2018-03-14 02:55:51',NULL),(774,100773,438,'\0','2018-03-14 02:55:51',NULL),(775,100774,438,'\0','2018-03-14 02:55:51',NULL),(776,100775,438,'\0','2018-03-14 02:55:51',NULL),(777,100776,438,'\0','2018-03-14 02:55:51',NULL),(778,100777,438,'\0','2018-03-14 02:55:51',NULL),(779,100778,438,'\0','2018-03-14 02:55:51',NULL),(780,100779,438,'\0','2018-03-14 02:55:51',NULL),(781,100780,438,'\0','2018-03-14 02:55:51',NULL),(782,100781,438,'\0','2018-03-14 02:55:52',NULL),(783,100782,438,'\0','2018-03-14 02:55:52',NULL),(784,100783,438,'\0','2018-03-14 02:55:52',NULL),(785,100784,438,'\0','2018-03-14 02:55:52',NULL),(786,100785,438,'\0','2018-03-14 02:55:52',NULL),(787,100786,438,'\0','2018-03-14 02:55:52',NULL),(788,100787,438,'\0','2018-03-14 02:55:52',NULL),(789,100788,438,'\0','2018-03-14 02:55:52',NULL),(790,100789,438,'\0','2018-03-14 02:55:52',NULL),(791,100790,438,'\0','2018-03-14 02:55:52',NULL),(792,100791,438,'\0','2018-03-14 02:55:52',NULL),(793,100792,438,'\0','2018-03-14 02:55:52',NULL),(794,100793,438,'\0','2018-03-14 02:55:52',NULL),(795,100794,438,'\0','2018-03-14 02:55:52',NULL),(796,100795,438,'\0','2018-03-14 02:55:52',NULL),(797,100796,438,'\0','2018-03-14 02:55:52',NULL),(798,100797,438,'\0','2018-03-14 02:55:52',NULL),(799,100798,438,'\0','2018-03-14 02:55:52',NULL),(800,100799,438,'\0','2018-03-14 02:55:52',NULL),(801,100800,438,'\0','2018-03-14 02:55:52',NULL),(802,100801,438,'\0','2018-03-14 02:55:53',NULL),(803,100802,438,'\0','2018-03-14 02:55:53',NULL),(804,100803,438,'\0','2018-03-14 02:55:53',NULL),(805,100804,438,'\0','2018-03-14 02:55:53',NULL),(806,100805,438,'\0','2018-03-14 02:55:53',NULL),(807,100806,438,'\0','2018-03-14 02:55:53',NULL),(808,100807,438,'\0','2018-03-14 02:55:53',NULL),(809,100808,438,'\0','2018-03-14 02:55:53',NULL),(810,100809,438,'\0','2018-03-14 02:55:53',NULL),(811,100810,438,'\0','2018-03-14 02:55:53',NULL),(812,100811,438,'\0','2018-03-14 02:55:53',NULL),(813,100812,438,'\0','2018-03-14 02:55:53',NULL),(814,100813,438,'\0','2018-03-14 02:55:53',NULL),(815,100814,438,'\0','2018-03-14 02:55:53',NULL),(816,100815,438,'\0','2018-03-14 02:55:53',NULL),(817,100816,438,'\0','2018-03-14 02:55:53',NULL),(818,100817,438,'\0','2018-03-14 02:55:53',NULL),(819,100818,438,'\0','2018-03-14 02:55:54',NULL),(820,100819,438,'\0','2018-03-14 02:55:54',NULL),(821,100820,438,'\0','2018-03-14 02:55:54',NULL),(822,100821,438,'\0','2018-03-14 02:55:54',NULL),(823,100822,438,'\0','2018-03-14 02:55:54',NULL),(824,100823,438,'\0','2018-03-14 02:55:54',NULL),(825,100824,438,'\0','2018-03-14 02:55:54',NULL),(826,100825,438,'\0','2018-03-14 02:55:54',NULL),(827,100826,438,'\0','2018-03-14 02:55:54',NULL),(828,100827,438,'\0','2018-03-14 02:55:54',NULL),(829,100828,438,'\0','2018-03-14 02:55:54',NULL),(830,100829,438,'\0','2018-03-14 02:55:54',NULL),(831,100830,438,'\0','2018-03-14 02:55:54',NULL),(832,100831,438,'\0','2018-03-14 02:55:54',NULL),(833,100832,438,'\0','2018-03-14 02:55:54',NULL),(834,100833,438,'\0','2018-03-14 02:55:54',NULL),(835,100834,438,'\0','2018-03-14 02:55:54',NULL),(836,100835,438,'\0','2018-03-14 02:55:55',NULL),(837,100836,438,'\0','2018-03-14 02:55:55',NULL),(838,100837,438,'\0','2018-03-14 02:55:55',NULL),(839,100838,438,'\0','2018-03-14 02:55:55',NULL),(840,100839,438,'\0','2018-03-14 02:55:55',NULL),(841,100840,438,'\0','2018-03-14 02:55:55',NULL),(842,100841,438,'\0','2018-03-14 02:55:55',NULL),(843,100842,438,'\0','2018-03-14 02:55:55',NULL),(844,100843,438,'\0','2018-03-14 02:55:55',NULL),(845,100844,438,'\0','2018-03-14 02:55:55',NULL),(846,100845,438,'\0','2018-03-14 02:55:55',NULL),(847,100846,438,'\0','2018-03-14 02:55:55',NULL),(848,100847,438,'\0','2018-03-14 02:55:55',NULL),(849,100848,438,'\0','2018-03-14 02:55:55',NULL),(850,100849,438,'\0','2018-03-14 02:55:55',NULL),(851,100850,438,'\0','2018-03-14 02:55:55',NULL),(852,100851,438,'\0','2018-03-14 02:55:55',NULL),(853,100852,438,'\0','2018-03-14 02:55:55',NULL),(854,100853,438,'\0','2018-03-14 02:55:55',NULL),(855,100854,438,'\0','2018-03-14 02:55:55',NULL),(856,100855,438,'\0','2018-03-14 02:55:55',NULL),(857,100856,438,'\0','2018-03-14 02:55:55',NULL),(858,100857,438,'\0','2018-03-14 02:55:55',NULL),(859,100858,438,'\0','2018-03-14 02:55:55',NULL),(860,100859,438,'\0','2018-03-14 02:55:55',NULL),(861,100860,438,'\0','2018-03-14 02:55:55',NULL),(862,100861,438,'\0','2018-03-14 02:55:55',NULL),(863,100862,438,'\0','2018-03-14 02:55:56',NULL),(864,100863,438,'\0','2018-03-14 02:55:56',NULL),(865,100864,438,'\0','2018-03-14 02:55:56',NULL),(866,100865,438,'\0','2018-03-14 02:55:56',NULL),(867,100866,438,'\0','2018-03-14 02:55:56',NULL),(868,100867,438,'\0','2018-03-14 02:55:56',NULL),(869,100868,438,'\0','2018-03-14 02:55:56',NULL),(870,100869,438,'\0','2018-03-14 02:55:56',NULL),(871,100870,438,'\0','2018-03-14 02:55:56',NULL),(872,100871,438,'\0','2018-03-14 02:55:56',NULL),(873,100872,438,'\0','2018-03-14 02:55:56',NULL),(874,100873,438,'\0','2018-03-14 02:55:56',NULL),(875,100874,438,'\0','2018-03-14 02:55:56',NULL),(876,100875,438,'\0','2018-03-14 02:55:56',NULL),(877,100876,438,'\0','2018-03-14 02:55:56',NULL),(878,100877,438,'\0','2018-03-14 02:55:56',NULL),(879,100878,438,'\0','2018-03-14 02:55:56',NULL),(880,100879,438,'\0','2018-03-14 02:55:57',NULL),(881,100880,438,'\0','2018-03-14 02:55:57',NULL),(882,100881,438,'\0','2018-03-14 02:55:57',NULL),(883,100882,438,'\0','2018-03-14 02:55:57',NULL),(884,100883,438,'\0','2018-03-14 02:55:57',NULL),(885,100884,438,'\0','2018-03-14 02:55:57',NULL),(886,100885,438,'\0','2018-03-14 02:55:57',NULL),(887,100886,438,'\0','2018-03-14 02:55:57',NULL),(888,100887,438,'\0','2018-03-14 02:55:57',NULL),(889,100888,438,'\0','2018-03-14 02:55:57',NULL),(890,100889,438,'\0','2018-03-14 02:55:57',NULL),(891,100890,438,'\0','2018-03-14 02:55:58',NULL),(892,100891,438,'\0','2018-03-14 02:55:58',NULL),(893,100892,438,'\0','2018-03-14 02:55:58',NULL),(894,100893,438,'\0','2018-03-14 02:55:58',NULL),(895,100894,438,'\0','2018-03-14 02:55:58',NULL),(896,100895,438,'\0','2018-03-14 02:55:58',NULL),(897,100896,438,'\0','2018-03-14 02:55:58',NULL),(898,100897,438,'\0','2018-03-14 02:55:58',NULL),(899,100898,438,'\0','2018-03-14 02:55:58',NULL),(900,100899,438,'\0','2018-03-14 02:55:58',NULL),(901,100900,438,'\0','2018-03-14 02:55:58',NULL),(902,100901,438,'\0','2018-03-14 02:55:58',NULL),(903,100902,438,'\0','2018-03-14 02:55:58',NULL),(904,100903,438,'\0','2018-03-14 02:55:58',NULL),(905,100904,438,'\0','2018-03-14 02:55:58',NULL),(906,100905,438,'\0','2018-03-14 02:55:58',NULL),(907,100906,438,'\0','2018-03-14 02:55:58',NULL),(908,100907,438,'\0','2018-03-14 02:55:58',NULL),(909,100908,438,'\0','2018-03-14 02:55:58',NULL),(910,100909,438,'\0','2018-03-14 02:55:58',NULL),(911,100910,438,'\0','2018-03-14 02:55:59',NULL),(912,100911,438,'\0','2018-03-14 02:55:59',NULL),(913,100912,438,'\0','2018-03-14 02:55:59',NULL),(914,100913,438,'\0','2018-03-14 02:55:59',NULL),(915,100914,438,'\0','2018-03-14 02:55:59',NULL),(916,100915,438,'\0','2018-03-14 02:55:59',NULL),(917,100916,438,'\0','2018-03-14 02:55:59',NULL),(918,100917,438,'\0','2018-03-14 02:55:59',NULL),(919,100918,438,'\0','2018-03-14 02:55:59',NULL),(920,100919,438,'\0','2018-03-14 02:55:59',NULL),(921,100920,438,'\0','2018-03-14 02:55:59',NULL),(922,100921,438,'\0','2018-03-14 02:55:59',NULL),(923,100922,438,'\0','2018-03-14 02:55:59',NULL),(924,100923,438,'\0','2018-03-14 02:55:59',NULL),(925,100924,438,'\0','2018-03-14 02:55:59',NULL),(926,100925,438,'\0','2018-03-14 02:55:59',NULL),(927,100926,438,'\0','2018-03-14 02:55:59',NULL),(928,100927,438,'\0','2018-03-14 02:56:00',NULL),(929,100928,438,'\0','2018-03-14 02:56:00',NULL),(930,100929,438,'\0','2018-03-14 02:56:00',NULL),(931,100930,438,'\0','2018-03-14 02:56:00',NULL),(932,100931,438,'\0','2018-03-14 02:56:00',NULL),(933,100932,438,'\0','2018-03-14 02:56:00',NULL),(934,100933,438,'\0','2018-03-14 02:56:00',NULL),(935,100934,438,'\0','2018-03-14 02:56:00',NULL),(936,100935,438,'\0','2018-03-14 02:56:00',NULL),(937,100936,438,'\0','2018-03-14 02:56:00',NULL),(938,100937,438,'\0','2018-03-14 02:56:00',NULL),(939,100938,438,'\0','2018-03-14 02:56:00',NULL),(940,100939,438,'\0','2018-03-14 02:56:00',NULL),(941,100940,438,'\0','2018-03-14 02:56:00',NULL),(942,100941,438,'\0','2018-03-14 02:56:00',NULL),(943,100942,438,'\0','2018-03-14 02:56:00',NULL),(944,100943,438,'\0','2018-03-14 02:56:00',NULL),(945,100944,438,'\0','2018-03-14 02:56:00',NULL),(946,100945,438,'\0','2018-03-14 02:56:01',NULL),(947,100946,438,'\0','2018-03-14 02:56:01',NULL),(948,100947,438,'\0','2018-03-14 02:56:01',NULL),(949,100948,438,'\0','2018-03-14 02:56:01',NULL),(950,100949,438,'\0','2018-03-14 02:56:01',NULL),(951,100950,438,'\0','2018-03-14 02:56:01',NULL),(952,100951,438,'\0','2018-03-14 02:56:01',NULL),(953,100952,438,'\0','2018-03-14 02:56:01',NULL),(954,100953,438,'\0','2018-03-14 02:56:01',NULL),(955,100954,438,'\0','2018-03-14 02:56:01',NULL),(956,100955,438,'\0','2018-03-14 02:56:01',NULL),(957,100956,438,'\0','2018-03-14 02:56:01',NULL),(958,100957,438,'\0','2018-03-14 02:56:01',NULL),(959,100958,438,'\0','2018-03-14 02:56:01',NULL),(960,100959,438,'\0','2018-03-14 02:56:01',NULL),(961,100960,438,'\0','2018-03-14 02:56:01',NULL),(962,100961,438,'\0','2018-03-14 02:56:01',NULL),(963,100962,438,'\0','2018-03-14 02:56:01',NULL),(964,100963,438,'\0','2018-03-14 02:56:02',NULL),(965,100964,438,'\0','2018-03-14 02:56:02',NULL),(966,100965,438,'\0','2018-03-14 02:56:02',NULL),(967,100966,438,'\0','2018-03-14 02:56:02',NULL),(968,100967,438,'\0','2018-03-14 02:56:02',NULL),(969,100968,438,'\0','2018-03-14 02:56:02',NULL),(970,100969,438,'\0','2018-03-14 02:56:02',NULL),(971,100970,438,'\0','2018-03-14 02:56:02',NULL),(972,100971,438,'\0','2018-03-14 02:56:02',NULL),(973,100972,438,'\0','2018-03-14 02:56:02',NULL),(974,100973,438,'\0','2018-03-14 02:56:02',NULL),(975,100974,438,'\0','2018-03-14 02:56:02',NULL),(976,100975,438,'\0','2018-03-14 02:56:02',NULL),(977,100976,438,'\0','2018-03-14 02:56:02',NULL),(978,100977,438,'\0','2018-03-14 02:56:02',NULL),(979,100978,438,'\0','2018-03-14 02:56:02',NULL),(980,100979,438,'\0','2018-03-14 02:56:02',NULL),(981,100980,438,'\0','2018-03-14 02:56:02',NULL),(982,100981,438,'\0','2018-03-14 02:56:02',NULL),(983,100982,438,'\0','2018-03-14 02:56:02',NULL),(984,100983,438,'\0','2018-03-14 02:56:02',NULL),(985,100984,438,'\0','2018-03-14 02:56:02',NULL),(986,100985,438,'\0','2018-03-14 02:56:02',NULL),(987,100986,438,'\0','2018-03-14 02:56:02',NULL),(988,100987,438,'\0','2018-03-14 02:56:02',NULL),(989,100988,438,'\0','2018-03-14 02:56:02',NULL),(990,100989,438,'\0','2018-03-14 02:56:02',NULL),(991,100990,438,'\0','2018-03-14 02:56:03',NULL),(992,100991,438,'\0','2018-03-14 02:56:03',NULL),(993,100992,438,'\0','2018-03-14 02:56:03',NULL),(994,100993,438,'\0','2018-03-14 02:56:03',NULL),(995,100994,438,'\0','2018-03-14 02:56:03',NULL),(996,100995,438,'\0','2018-03-14 02:56:03',NULL),(997,100996,438,'\0','2018-03-14 02:56:03',NULL),(998,100997,438,'\0','2018-03-14 02:56:03',NULL),(999,100998,438,'\0','2018-03-14 02:56:03',NULL),(1000,100999,438,'\0','2018-03-14 02:56:03',NULL),(1001,101000,438,'\0','2018-03-14 02:56:03',NULL),(1002,101001,433,'\0','2018-03-14 02:56:03',NULL),(1003,101002,433,'\0','2018-03-14 02:56:03',NULL),(1004,101003,433,'\0','2018-03-14 02:56:03',NULL),(1005,101004,433,'\0','2018-03-14 02:56:03',NULL),(1006,101005,433,'\0','2018-03-14 02:56:03',NULL),(1007,101006,433,'\0','2018-03-14 02:56:03',NULL),(1008,101007,433,'\0','2018-03-14 02:56:03',NULL),(1009,101008,433,'\0','2018-03-14 02:56:03',NULL),(1010,101009,433,'\0','2018-03-14 02:56:03',NULL),(1011,101010,433,'\0','2018-03-14 02:56:03',NULL),(1012,101011,433,'\0','2018-03-14 02:56:03',NULL),(1013,101012,433,'\0','2018-03-14 02:56:03',NULL),(1014,101013,433,'\0','2018-03-14 02:56:03',NULL),(1015,101014,433,'\0','2018-03-14 02:56:04',NULL),(1016,101015,433,'\0','2018-03-14 02:56:04',NULL),(1017,101016,433,'\0','2018-03-14 02:56:04',NULL),(1018,101017,433,'\0','2018-03-14 02:56:04',NULL),(1019,101018,433,'\0','2018-03-14 02:56:04',NULL),(1020,101019,433,'\0','2018-03-14 02:56:04',NULL),(1021,101020,433,'\0','2018-03-14 02:56:04',NULL),(1022,101021,433,'\0','2018-03-14 02:56:04',NULL),(1023,101022,433,'\0','2018-03-14 02:56:04',NULL),(1024,101023,433,'\0','2018-03-14 02:56:04',NULL),(1025,101024,433,'\0','2018-03-14 02:56:04',NULL),(1026,101025,433,'\0','2018-03-14 02:56:04',NULL),(1027,101026,433,'\0','2018-03-14 02:56:04',NULL),(1028,101027,433,'\0','2018-03-14 02:56:04',NULL),(1029,101028,433,'\0','2018-03-14 02:56:04',NULL),(1030,101029,433,'\0','2018-03-14 02:56:04',NULL),(1031,101030,433,'\0','2018-03-14 02:56:04',NULL),(1032,101031,433,'\0','2018-03-14 02:56:04',NULL),(1033,101032,433,'\0','2018-03-14 02:56:04',NULL),(1034,101033,433,'\0','2018-03-14 02:56:04',NULL),(1035,101034,433,'\0','2018-03-14 02:56:04',NULL),(1036,101035,433,'\0','2018-03-14 02:56:04',NULL),(1037,101036,433,'\0','2018-03-14 02:56:04',NULL),(1038,101037,433,'\0','2018-03-14 02:56:04',NULL),(1039,101038,433,'\0','2018-03-14 02:56:05',NULL),(1040,101039,433,'\0','2018-03-14 02:56:05',NULL),(1041,101040,433,'\0','2018-03-14 02:56:05',NULL),(1042,101041,433,'\0','2018-03-14 02:56:05',NULL),(1043,101042,433,'\0','2018-03-14 02:56:05',NULL),(1044,101043,433,'\0','2018-03-14 02:56:05',NULL),(1045,101044,433,'\0','2018-03-14 02:56:05',NULL),(1046,101045,433,'\0','2018-03-14 02:56:05',NULL),(1047,101046,433,'\0','2018-03-14 02:56:05',NULL),(1048,101047,433,'\0','2018-03-14 02:56:05',NULL),(1049,101048,433,'\0','2018-03-14 02:56:05',NULL),(1050,101049,433,'\0','2018-03-14 02:56:05',NULL),(1051,101050,433,'\0','2018-03-14 02:56:05',NULL),(1052,101051,433,'\0','2018-03-14 02:56:05',NULL),(1053,101052,433,'\0','2018-03-14 02:56:05',NULL),(1054,101053,433,'\0','2018-03-14 02:56:05',NULL),(1055,101054,433,'\0','2018-03-14 02:56:05',NULL),(1056,101055,433,'\0','2018-03-14 02:56:05',NULL),(1057,101056,433,'\0','2018-03-14 02:56:05',NULL),(1058,101057,433,'\0','2018-03-14 02:56:05',NULL),(1059,101058,433,'\0','2018-03-14 02:56:05',NULL),(1060,101059,433,'\0','2018-03-14 02:56:05',NULL),(1061,101060,433,'\0','2018-03-14 02:56:05',NULL),(1062,101061,433,'\0','2018-03-14 02:56:05',NULL),(1063,101062,433,'\0','2018-03-14 02:56:05',NULL),(1064,101063,433,'\0','2018-03-14 02:56:05',NULL),(1065,101064,433,'\0','2018-03-14 02:56:06',NULL),(1066,101065,433,'\0','2018-03-14 02:56:06',NULL),(1067,101066,433,'\0','2018-03-14 02:56:06',NULL),(1068,101067,433,'\0','2018-03-14 02:56:06',NULL),(1069,101068,433,'\0','2018-03-14 02:56:06',NULL),(1070,101069,433,'\0','2018-03-14 02:56:06',NULL),(1071,101070,433,'\0','2018-03-14 02:56:06',NULL),(1072,101071,433,'\0','2018-03-14 02:56:06',NULL),(1073,101072,433,'\0','2018-03-14 02:56:06',NULL),(1074,101073,433,'\0','2018-03-14 02:56:06',NULL),(1075,101074,433,'\0','2018-03-14 02:56:06',NULL),(1076,101075,433,'\0','2018-03-14 02:56:06',NULL),(1077,101076,433,'\0','2018-03-14 02:56:06',NULL),(1078,101077,433,'\0','2018-03-14 02:56:06',NULL),(1079,101078,433,'\0','2018-03-14 02:56:06',NULL),(1080,101079,433,'\0','2018-03-14 02:56:06',NULL),(1081,101080,433,'\0','2018-03-14 02:56:07',NULL),(1082,101081,433,'\0','2018-03-14 02:56:07',NULL),(1083,101082,433,'\0','2018-03-14 02:56:07',NULL),(1084,101083,433,'\0','2018-03-14 02:56:07',NULL),(1085,101084,433,'\0','2018-03-14 02:56:07',NULL),(1086,101085,433,'\0','2018-03-14 02:56:07',NULL),(1087,101086,433,'\0','2018-03-14 02:56:07',NULL),(1088,101087,433,'\0','2018-03-14 02:56:07',NULL),(1089,101088,433,'\0','2018-03-14 02:56:07',NULL),(1090,101089,433,'\0','2018-03-14 02:56:07',NULL),(1091,101090,433,'\0','2018-03-14 02:56:07',NULL),(1092,101091,433,'\0','2018-03-14 02:56:07',NULL),(1093,101092,433,'\0','2018-03-14 02:56:07',NULL),(1094,101093,433,'\0','2018-03-14 02:56:07',NULL),(1095,101094,433,'\0','2018-03-14 02:56:07',NULL),(1096,101095,433,'\0','2018-03-14 02:56:07',NULL),(1097,101096,433,'\0','2018-03-14 02:56:07',NULL),(1098,101097,433,'\0','2018-03-14 02:56:07',NULL),(1099,101098,433,'\0','2018-03-14 02:56:07',NULL),(1100,101099,433,'\0','2018-03-14 02:56:07',NULL),(1101,101100,433,'\0','2018-03-14 02:56:07',NULL),(1102,101101,433,'\0','2018-03-14 02:56:07',NULL),(1103,101102,433,'\0','2018-03-14 02:56:07',NULL),(1104,101103,433,'\0','2018-03-14 02:56:07',NULL),(1105,101104,433,'\0','2018-03-14 02:56:08',NULL),(1106,101105,433,'\0','2018-03-14 02:56:08',NULL),(1107,101106,433,'\0','2018-03-14 02:56:08',NULL),(1108,101107,433,'\0','2018-03-14 02:56:08',NULL),(1109,101108,433,'\0','2018-03-14 02:56:08',NULL),(1110,101109,433,'\0','2018-03-14 02:56:08',NULL),(1111,101110,433,'\0','2018-03-14 02:56:08',NULL),(1112,101111,433,'\0','2018-03-14 02:56:08',NULL),(1113,101112,433,'\0','2018-03-14 02:56:08',NULL),(1114,101113,433,'\0','2018-03-14 02:56:08',NULL),(1115,101114,433,'\0','2018-03-14 02:56:08',NULL),(1116,101115,433,'\0','2018-03-14 02:56:08',NULL),(1117,101116,433,'\0','2018-03-14 02:56:08',NULL),(1118,101117,433,'\0','2018-03-14 02:56:08',NULL),(1119,101118,433,'\0','2018-03-14 02:56:08',NULL),(1120,101119,433,'\0','2018-03-14 02:56:08',NULL),(1121,101120,433,'\0','2018-03-14 02:56:08',NULL),(1122,101121,433,'\0','2018-03-14 02:56:08',NULL),(1123,101122,433,'\0','2018-03-14 02:56:08',NULL),(1124,101123,433,'\0','2018-03-14 02:56:08',NULL),(1125,101124,433,'\0','2018-03-14 02:56:08',NULL),(1126,101125,433,'\0','2018-03-14 02:56:08',NULL),(1127,101126,433,'\0','2018-03-14 02:56:08',NULL),(1128,101127,433,'\0','2018-03-14 02:56:08',NULL),(1129,101128,433,'\0','2018-03-14 02:56:08',NULL),(1130,101129,433,'\0','2018-03-14 02:56:08',NULL),(1131,101130,433,'\0','2018-03-14 02:56:09',NULL),(1132,101131,433,'\0','2018-03-14 02:56:09',NULL),(1133,101132,433,'\0','2018-03-14 02:56:09',NULL),(1134,101133,433,'\0','2018-03-14 02:56:09',NULL),(1135,101134,433,'\0','2018-03-14 02:56:09',NULL),(1136,101135,433,'\0','2018-03-14 02:56:09',NULL),(1137,101136,433,'\0','2018-03-14 02:56:09',NULL),(1138,101137,433,'\0','2018-03-14 02:56:09',NULL),(1139,101138,433,'\0','2018-03-14 02:56:09',NULL),(1140,101139,433,'\0','2018-03-14 02:56:09',NULL),(1141,101140,433,'\0','2018-03-14 02:56:09',NULL),(1142,101141,433,'\0','2018-03-14 02:56:09',NULL),(1143,101142,433,'\0','2018-03-14 02:56:09',NULL),(1144,101143,433,'\0','2018-03-14 02:56:09',NULL),(1145,101144,433,'\0','2018-03-14 02:56:09',NULL),(1146,101145,433,'\0','2018-03-14 02:56:09',NULL),(1147,101146,433,'\0','2018-03-14 02:56:09',NULL),(1148,101147,433,'\0','2018-03-14 02:56:09',NULL),(1149,101148,433,'\0','2018-03-14 02:56:09',NULL),(1150,101149,433,'\0','2018-03-14 02:56:09',NULL),(1151,101150,433,'\0','2018-03-14 02:56:09',NULL),(1152,101151,433,'\0','2018-03-14 02:56:09',NULL),(1153,101152,433,'\0','2018-03-14 02:56:10',NULL),(1154,101153,433,'\0','2018-03-14 02:56:10',NULL),(1155,101154,433,'\0','2018-03-14 02:56:10',NULL),(1156,101155,433,'\0','2018-03-14 02:56:10',NULL),(1157,101156,433,'\0','2018-03-14 02:56:10',NULL),(1158,101157,433,'\0','2018-03-14 02:56:10',NULL),(1159,101158,433,'\0','2018-03-14 02:56:10',NULL),(1160,101159,433,'\0','2018-03-14 02:56:10',NULL),(1161,101160,433,'\0','2018-03-14 02:56:10',NULL),(1162,101161,433,'\0','2018-03-14 02:56:10',NULL),(1163,101162,433,'\0','2018-03-14 02:56:10',NULL),(1164,101163,433,'\0','2018-03-14 02:56:10',NULL),(1165,101164,433,'\0','2018-03-14 02:56:10',NULL),(1166,101165,433,'\0','2018-03-14 02:56:10',NULL),(1167,101166,433,'\0','2018-03-14 02:56:10',NULL),(1168,101167,433,'\0','2018-03-14 02:56:10',NULL),(1169,101168,433,'\0','2018-03-14 02:56:10',NULL),(1170,101169,433,'\0','2018-03-14 02:56:10',NULL),(1171,101170,433,'\0','2018-03-14 02:56:11',NULL),(1172,101171,433,'\0','2018-03-14 02:56:11',NULL),(1173,101172,433,'\0','2018-03-14 02:56:11',NULL),(1174,101173,433,'\0','2018-03-14 02:56:11',NULL),(1175,101174,433,'\0','2018-03-14 02:56:11',NULL),(1176,101175,433,'\0','2018-03-14 02:56:11',NULL),(1177,101176,433,'\0','2018-03-14 02:56:11',NULL),(1178,101177,433,'\0','2018-03-14 02:56:11',NULL),(1179,101178,433,'\0','2018-03-14 02:56:11',NULL),(1180,101179,433,'\0','2018-03-14 02:56:11',NULL),(1181,101180,433,'\0','2018-03-14 02:56:11',NULL),(1182,101181,433,'\0','2018-03-14 02:56:11',NULL),(1183,101182,433,'\0','2018-03-14 02:56:11',NULL),(1184,101183,433,'\0','2018-03-14 02:56:12',NULL),(1185,101184,433,'\0','2018-03-14 02:56:12',NULL),(1186,101185,433,'\0','2018-03-14 02:56:12',NULL),(1187,101186,433,'\0','2018-03-14 02:56:12',NULL),(1188,101187,433,'\0','2018-03-14 02:56:12',NULL),(1189,101188,433,'\0','2018-03-14 02:56:12',NULL),(1190,101189,433,'\0','2018-03-14 02:56:12',NULL),(1191,101190,433,'\0','2018-03-14 02:56:12',NULL),(1192,101191,433,'\0','2018-03-14 02:56:12',NULL),(1193,101192,433,'\0','2018-03-14 02:56:12',NULL),(1194,101193,433,'\0','2018-03-14 02:56:12',NULL),(1195,101194,433,'\0','2018-03-14 02:56:12',NULL),(1196,101195,433,'\0','2018-03-14 02:56:12',NULL),(1197,101196,433,'\0','2018-03-14 02:56:12',NULL),(1198,101197,433,'\0','2018-03-14 02:56:12',NULL),(1199,101198,433,'\0','2018-03-14 02:56:12',NULL),(1200,101199,433,'\0','2018-03-14 02:56:12',NULL),(1201,101200,433,'\0','2018-03-14 02:56:12',NULL),(1202,101201,433,'\0','2018-03-14 02:56:12',NULL),(1203,101202,433,'\0','2018-03-14 02:56:12',NULL),(1204,101203,433,'\0','2018-03-14 02:56:12',NULL),(1205,101204,433,'\0','2018-03-14 02:56:12',NULL),(1206,101205,433,'\0','2018-03-14 02:56:13',NULL),(1207,101206,433,'\0','2018-03-14 02:56:13',NULL),(1208,101207,433,'\0','2018-03-14 02:56:13',NULL),(1209,101208,433,'\0','2018-03-14 02:56:13',NULL),(1210,101209,433,'\0','2018-03-14 02:56:13',NULL),(1211,101210,433,'\0','2018-03-14 02:56:13',NULL),(1212,101211,433,'\0','2018-03-14 02:56:13',NULL),(1213,101212,433,'\0','2018-03-14 02:56:13',NULL),(1214,101213,433,'\0','2018-03-14 02:56:13',NULL),(1215,101214,433,'\0','2018-03-14 02:56:13',NULL),(1216,101215,433,'\0','2018-03-14 02:56:13',NULL),(1217,101216,433,'\0','2018-03-14 02:56:13',NULL),(1218,101217,433,'\0','2018-03-14 02:56:13',NULL),(1219,101218,433,'\0','2018-03-14 02:56:13',NULL),(1220,101219,433,'\0','2018-03-14 02:56:13',NULL),(1221,101220,433,'\0','2018-03-14 02:56:13',NULL),(1222,101221,433,'\0','2018-03-14 02:56:13',NULL),(1223,101222,433,'\0','2018-03-14 02:56:13',NULL),(1224,101223,433,'\0','2018-03-14 02:56:14',NULL),(1225,101224,433,'\0','2018-03-14 02:56:14',NULL),(1226,101225,433,'\0','2018-03-14 02:56:14',NULL),(1227,101226,433,'\0','2018-03-14 02:56:14',NULL),(1228,101227,433,'\0','2018-03-14 02:56:14',NULL),(1229,101228,433,'\0','2018-03-14 02:56:14',NULL),(1230,101229,433,'\0','2018-03-14 02:56:14',NULL),(1231,101230,433,'\0','2018-03-14 02:56:14',NULL),(1232,101231,433,'\0','2018-03-14 02:56:14',NULL),(1233,101232,433,'\0','2018-03-14 02:56:14',NULL),(1234,101233,433,'\0','2018-03-14 02:56:14',NULL),(1235,101234,433,'\0','2018-03-14 02:56:14',NULL),(1236,101235,433,'\0','2018-03-14 02:56:14',NULL),(1237,101236,433,'\0','2018-03-14 02:56:14',NULL),(1238,101237,433,'\0','2018-03-14 02:56:14',NULL),(1239,101238,433,'\0','2018-03-14 02:56:14',NULL),(1240,101239,433,'\0','2018-03-14 02:56:14',NULL),(1241,101240,433,'\0','2018-03-14 02:56:14',NULL),(1242,101241,433,'\0','2018-03-14 02:56:14',NULL),(1243,101242,433,'\0','2018-03-14 02:56:15',NULL),(1244,101243,433,'\0','2018-03-14 02:56:15',NULL),(1245,101244,433,'\0','2018-03-14 02:56:15',NULL),(1246,101245,433,'\0','2018-03-14 02:56:15',NULL),(1247,101246,433,'\0','2018-03-14 02:56:15',NULL),(1248,101247,433,'\0','2018-03-14 02:56:15',NULL),(1249,101248,433,'\0','2018-03-14 02:56:15',NULL),(1250,101249,433,'\0','2018-03-14 02:56:15',NULL),(1251,101250,433,'\0','2018-03-14 02:56:15',NULL),(1252,101251,433,'\0','2018-03-14 02:56:15',NULL),(1253,101252,433,'\0','2018-03-14 02:56:15',NULL),(1254,101253,433,'\0','2018-03-14 02:56:15',NULL),(1255,101254,433,'\0','2018-03-14 02:56:15',NULL),(1256,101255,433,'\0','2018-03-14 02:56:15',NULL),(1257,101256,433,'\0','2018-03-14 02:56:15',NULL),(1258,101257,433,'\0','2018-03-14 02:56:15',NULL),(1259,101258,433,'\0','2018-03-14 02:56:15',NULL),(1260,101259,433,'\0','2018-03-14 02:56:15',NULL),(1261,101260,433,'\0','2018-03-14 02:56:15',NULL),(1262,101261,433,'\0','2018-03-14 02:56:16',NULL),(1263,101262,433,'\0','2018-03-14 02:56:16',NULL),(1264,101263,433,'\0','2018-03-14 02:56:16',NULL),(1265,101264,433,'\0','2018-03-14 02:56:16',NULL),(1266,101265,433,'\0','2018-03-14 02:56:16',NULL),(1267,101266,433,'\0','2018-03-14 02:56:16',NULL),(1268,101267,433,'\0','2018-03-14 02:56:16',NULL),(1269,101268,433,'\0','2018-03-14 02:56:16',NULL),(1270,101269,433,'\0','2018-03-14 02:56:16',NULL),(1271,101270,433,'\0','2018-03-14 02:56:16',NULL),(1272,101271,433,'\0','2018-03-14 02:56:16',NULL),(1273,101272,433,'\0','2018-03-14 02:56:16',NULL),(1274,101273,433,'\0','2018-03-14 02:56:16',NULL),(1275,101274,433,'\0','2018-03-14 02:56:16',NULL),(1276,101275,433,'\0','2018-03-14 02:56:16',NULL),(1277,101276,433,'\0','2018-03-14 02:56:16',NULL),(1278,101277,433,'\0','2018-03-14 02:56:16',NULL),(1279,101278,433,'\0','2018-03-14 02:56:16',NULL),(1280,101279,433,'\0','2018-03-14 02:56:17',NULL),(1281,101280,433,'\0','2018-03-14 02:56:17',NULL),(1282,101281,433,'\0','2018-03-14 02:56:17',NULL),(1283,101282,433,'\0','2018-03-14 02:56:17',NULL),(1284,101283,433,'\0','2018-03-14 02:56:17',NULL),(1285,101284,433,'\0','2018-03-14 02:56:17',NULL),(1286,101285,433,'\0','2018-03-14 02:56:17',NULL),(1287,101286,433,'\0','2018-03-14 02:56:17',NULL),(1288,101287,433,'\0','2018-03-14 02:56:17',NULL),(1289,101288,433,'\0','2018-03-14 02:56:17',NULL),(1290,101289,433,'\0','2018-03-14 02:56:17',NULL),(1291,101290,433,'\0','2018-03-14 02:56:17',NULL),(1292,101291,433,'\0','2018-03-14 02:56:17',NULL),(1293,101292,433,'\0','2018-03-14 02:56:17',NULL),(1294,101293,433,'\0','2018-03-14 02:56:17',NULL),(1295,101294,433,'\0','2018-03-14 02:56:18',NULL),(1296,101295,433,'\0','2018-03-14 02:56:18',NULL),(1297,101296,433,'\0','2018-03-14 02:56:18',NULL),(1298,101297,433,'\0','2018-03-14 02:56:18',NULL),(1299,101298,433,'\0','2018-03-14 02:56:18',NULL),(1300,101299,433,'\0','2018-03-14 02:56:18',NULL),(1301,101300,433,'\0','2018-03-14 02:56:18',NULL),(1302,101301,433,'\0','2018-03-14 02:56:18',NULL),(1303,101302,433,'\0','2018-03-14 02:56:18',NULL),(1304,101303,433,'\0','2018-03-14 02:56:18',NULL),(1305,101304,433,'\0','2018-03-14 02:56:18',NULL),(1306,101305,433,'\0','2018-03-14 02:56:18',NULL),(1307,101306,433,'\0','2018-03-14 02:56:18',NULL),(1308,101307,433,'\0','2018-03-14 02:56:18',NULL),(1309,101308,433,'\0','2018-03-14 02:56:18',NULL),(1310,101309,433,'\0','2018-03-14 02:56:18',NULL),(1311,101310,433,'\0','2018-03-14 02:56:18',NULL),(1312,101311,433,'\0','2018-03-14 02:56:18',NULL),(1313,101312,433,'\0','2018-03-14 02:56:18',NULL),(1314,101313,433,'\0','2018-03-14 02:56:18',NULL),(1315,101314,433,'\0','2018-03-14 02:56:18',NULL),(1316,101315,433,'\0','2018-03-14 02:56:18',NULL),(1317,101316,433,'\0','2018-03-14 02:56:19',NULL),(1318,101317,433,'\0','2018-03-14 02:56:19',NULL),(1319,101318,433,'\0','2018-03-14 02:56:19',NULL),(1320,101319,433,'\0','2018-03-14 02:56:19',NULL),(1321,101320,433,'\0','2018-03-14 02:56:19',NULL),(1322,101321,433,'\0','2018-03-14 02:56:19',NULL),(1323,101322,433,'\0','2018-03-14 02:56:19',NULL),(1324,101323,433,'\0','2018-03-14 02:56:19',NULL),(1325,101324,433,'\0','2018-03-14 02:56:19',NULL),(1326,101325,433,'\0','2018-03-14 02:56:19',NULL),(1327,101326,433,'\0','2018-03-14 02:56:19',NULL),(1328,101327,433,'\0','2018-03-14 02:56:19',NULL),(1329,101328,433,'\0','2018-03-14 02:56:19',NULL),(1330,101329,433,'\0','2018-03-14 02:56:19',NULL),(1331,101330,433,'\0','2018-03-14 02:56:19',NULL),(1332,101331,433,'\0','2018-03-14 02:56:19',NULL),(1333,101332,433,'\0','2018-03-14 02:56:19',NULL),(1334,101333,433,'\0','2018-03-14 02:56:19',NULL),(1335,101334,433,'\0','2018-03-14 02:56:19',NULL),(1336,101335,433,'\0','2018-03-14 02:56:20',NULL),(1337,101336,433,'\0','2018-03-14 02:56:20',NULL),(1338,101337,433,'\0','2018-03-14 02:56:20',NULL),(1339,101338,433,'\0','2018-03-14 02:56:20',NULL),(1340,101339,433,'\0','2018-03-14 02:56:20',NULL),(1341,101340,433,'\0','2018-03-14 02:56:20',NULL),(1342,101341,433,'\0','2018-03-14 02:56:20',NULL),(1343,101342,433,'\0','2018-03-14 02:56:20',NULL),(1344,101343,433,'\0','2018-03-14 02:56:20',NULL),(1345,101344,433,'\0','2018-03-14 02:56:20',NULL),(1346,101345,433,'\0','2018-03-14 02:56:20',NULL),(1347,101346,433,'\0','2018-03-14 02:56:20',NULL),(1348,101347,433,'\0','2018-03-14 02:56:20',NULL),(1349,101348,433,'\0','2018-03-14 02:56:20',NULL),(1350,101349,433,'\0','2018-03-14 02:56:20',NULL),(1351,101350,433,'\0','2018-03-14 02:56:20',NULL),(1352,101351,433,'\0','2018-03-14 02:56:20',NULL),(1353,101352,433,'\0','2018-03-14 02:56:20',NULL),(1354,101353,433,'\0','2018-03-14 02:56:20',NULL),(1355,101354,433,'\0','2018-03-14 02:56:20',NULL),(1356,101355,433,'\0','2018-03-14 02:56:20',NULL),(1357,101356,433,'\0','2018-03-14 02:56:21',NULL),(1358,101357,433,'\0','2018-03-14 02:56:21',NULL),(1359,101358,433,'\0','2018-03-14 02:56:21',NULL),(1360,101359,433,'\0','2018-03-14 02:56:21',NULL),(1361,101360,433,'\0','2018-03-14 02:56:21',NULL),(1362,101361,433,'\0','2018-03-14 02:56:21',NULL),(1363,101362,433,'\0','2018-03-14 02:56:21',NULL),(1364,101363,433,'\0','2018-03-14 02:56:21',NULL),(1365,101364,433,'\0','2018-03-14 02:56:21',NULL),(1366,101365,433,'\0','2018-03-14 02:56:21',NULL),(1367,101366,433,'\0','2018-03-14 02:56:21',NULL),(1368,101367,433,'\0','2018-03-14 02:56:21',NULL),(1369,101368,433,'\0','2018-03-14 02:56:21',NULL),(1370,101369,433,'\0','2018-03-14 02:56:21',NULL),(1371,101370,433,'\0','2018-03-14 02:56:21',NULL),(1372,101371,433,'\0','2018-03-14 02:56:21',NULL),(1373,101372,433,'\0','2018-03-14 02:56:21',NULL),(1374,101373,433,'\0','2018-03-14 02:56:21',NULL),(1375,101374,433,'\0','2018-03-14 02:56:21',NULL),(1376,101375,433,'\0','2018-03-14 02:56:21',NULL),(1377,101376,433,'\0','2018-03-14 02:56:21',NULL),(1378,101377,433,'\0','2018-03-14 02:56:21',NULL),(1379,101378,433,'\0','2018-03-14 02:56:21',NULL),(1380,101379,433,'\0','2018-03-14 02:56:21',NULL),(1381,101380,433,'\0','2018-03-14 02:56:21',NULL),(1382,101381,433,'\0','2018-03-14 02:56:21',NULL),(1383,101382,433,'\0','2018-03-14 02:56:21',NULL),(1384,101383,433,'\0','2018-03-14 02:56:21',NULL),(1385,101384,433,'\0','2018-03-14 02:56:22',NULL),(1386,101385,433,'\0','2018-03-14 02:56:22',NULL),(1387,101386,433,'\0','2018-03-14 02:56:22',NULL),(1388,101387,433,'\0','2018-03-14 02:56:22',NULL),(1389,101388,433,'\0','2018-03-14 02:56:22',NULL),(1390,101389,433,'\0','2018-03-14 02:56:22',NULL),(1391,101390,433,'\0','2018-03-14 02:56:22',NULL),(1392,101391,433,'\0','2018-03-14 02:56:22',NULL),(1393,101392,433,'\0','2018-03-14 02:56:22',NULL),(1394,101393,433,'\0','2018-03-14 02:56:22',NULL),(1395,101394,433,'\0','2018-03-14 02:56:22',NULL),(1396,101395,433,'\0','2018-03-14 02:56:22',NULL),(1397,101396,433,'\0','2018-03-14 02:56:22',NULL),(1398,101397,433,'\0','2018-03-14 02:56:22',NULL),(1399,101398,433,'\0','2018-03-14 02:56:22',NULL),(1400,101399,433,'\0','2018-03-14 02:56:22',NULL),(1401,101400,433,'\0','2018-03-14 02:56:22',NULL),(1402,101401,433,'\0','2018-03-14 02:56:23',NULL),(1403,101402,433,'\0','2018-03-14 02:56:23',NULL),(1404,101403,433,'\0','2018-03-14 02:56:23',NULL),(1405,101404,433,'\0','2018-03-14 02:56:23',NULL),(1406,101405,433,'\0','2018-03-14 02:56:23',NULL),(1407,101406,433,'\0','2018-03-14 02:56:23',NULL),(1408,101407,433,'\0','2018-03-14 02:56:23',NULL),(1409,101408,433,'\0','2018-03-14 02:56:23',NULL),(1410,101409,433,'\0','2018-03-14 02:56:23',NULL),(1411,101410,433,'\0','2018-03-14 02:56:23',NULL),(1412,101411,433,'\0','2018-03-14 02:56:23',NULL),(1413,101412,433,'\0','2018-03-14 02:56:23',NULL),(1414,101413,433,'\0','2018-03-14 02:56:23',NULL),(1415,101414,433,'\0','2018-03-14 02:56:23',NULL),(1416,101415,433,'\0','2018-03-14 02:56:23',NULL),(1417,101416,433,'\0','2018-03-14 02:56:23',NULL),(1418,101417,433,'\0','2018-03-14 02:56:23',NULL),(1419,101418,433,'\0','2018-03-14 02:56:23',NULL),(1420,101419,433,'\0','2018-03-14 02:56:23',NULL),(1421,101420,433,'\0','2018-03-14 02:56:23',NULL),(1422,101421,433,'\0','2018-03-14 02:56:24',NULL),(1423,101422,433,'\0','2018-03-14 02:56:24',NULL),(1424,101423,433,'\0','2018-03-14 02:56:24',NULL),(1425,101424,433,'\0','2018-03-14 02:56:24',NULL),(1426,101425,433,'\0','2018-03-14 02:56:24',NULL),(1427,101426,433,'\0','2018-03-14 02:56:24',NULL),(1428,101427,433,'\0','2018-03-14 02:56:24',NULL),(1429,101428,433,'\0','2018-03-14 02:56:24',NULL),(1430,101429,433,'\0','2018-03-14 02:56:24',NULL),(1431,101430,433,'\0','2018-03-14 02:56:24',NULL),(1432,101431,433,'\0','2018-03-14 02:56:24',NULL),(1433,101432,433,'\0','2018-03-14 02:56:24',NULL),(1434,101433,433,'\0','2018-03-14 02:56:24',NULL),(1435,101434,433,'\0','2018-03-14 02:56:24',NULL),(1436,101435,433,'\0','2018-03-14 02:56:24',NULL),(1437,101436,433,'\0','2018-03-14 02:56:24',NULL),(1438,101437,433,'\0','2018-03-14 02:56:24',NULL),(1439,101438,433,'\0','2018-03-14 02:56:24',NULL),(1440,101439,433,'\0','2018-03-14 02:56:24',NULL),(1441,101440,433,'\0','2018-03-14 02:56:24',NULL),(1442,101441,433,'\0','2018-03-14 02:56:24',NULL),(1443,101442,433,'\0','2018-03-14 02:56:24',NULL),(1444,101443,433,'\0','2018-03-14 02:56:24',NULL),(1445,101444,433,'\0','2018-03-14 02:56:24',NULL),(1446,101445,433,'\0','2018-03-14 02:56:24',NULL),(1447,101446,433,'\0','2018-03-14 02:56:24',NULL),(1448,101447,433,'\0','2018-03-14 02:56:25',NULL),(1449,101448,433,'\0','2018-03-14 02:56:25',NULL),(1450,101449,433,'\0','2018-03-14 02:56:25',NULL),(1451,101450,433,'\0','2018-03-14 02:56:25',NULL),(1452,101451,433,'\0','2018-03-14 02:56:25',NULL),(1453,101452,433,'\0','2018-03-14 02:56:25',NULL),(1454,101453,433,'\0','2018-03-14 02:56:25',NULL),(1455,101454,433,'\0','2018-03-14 02:56:25',NULL),(1456,101455,433,'\0','2018-03-14 02:56:25',NULL),(1457,101456,433,'\0','2018-03-14 02:56:25',NULL),(1458,101457,433,'\0','2018-03-14 02:56:25',NULL),(1459,101458,433,'\0','2018-03-14 02:56:25',NULL),(1460,101459,433,'\0','2018-03-14 02:56:25',NULL),(1461,101460,433,'\0','2018-03-14 02:56:25',NULL),(1462,101461,433,'\0','2018-03-14 02:56:25',NULL),(1463,101462,433,'\0','2018-03-14 02:56:25',NULL),(1464,101463,433,'\0','2018-03-14 02:56:25',NULL),(1465,101464,433,'\0','2018-03-14 02:56:25',NULL),(1466,101465,433,'\0','2018-03-14 02:56:25',NULL),(1467,101466,433,'\0','2018-03-14 02:56:25',NULL),(1468,101467,433,'\0','2018-03-14 02:56:25',NULL),(1469,101468,433,'\0','2018-03-14 02:56:25',NULL),(1470,101469,433,'\0','2018-03-14 02:56:25',NULL),(1471,101470,433,'\0','2018-03-14 02:56:25',NULL),(1472,101471,433,'\0','2018-03-14 02:56:25',NULL),(1473,101472,433,'\0','2018-03-14 02:56:26',NULL),(1474,101473,433,'\0','2018-03-14 02:56:26',NULL),(1475,101474,433,'\0','2018-03-14 02:56:26',NULL),(1476,101475,433,'\0','2018-03-14 02:56:26',NULL),(1477,101476,433,'\0','2018-03-14 02:56:26',NULL),(1478,101477,433,'\0','2018-03-14 02:56:26',NULL),(1479,101478,433,'\0','2018-03-14 02:56:26',NULL),(1480,101479,433,'\0','2018-03-14 02:56:26',NULL),(1481,101480,433,'\0','2018-03-14 02:56:26',NULL),(1482,101481,433,'\0','2018-03-14 02:56:26',NULL),(1483,101482,433,'\0','2018-03-14 02:56:26',NULL),(1484,101483,433,'\0','2018-03-14 02:56:26',NULL),(1485,101484,433,'\0','2018-03-14 02:56:26',NULL),(1486,101485,433,'\0','2018-03-14 02:56:26',NULL),(1487,101486,433,'\0','2018-03-14 02:56:26',NULL),(1488,101487,433,'\0','2018-03-14 02:56:26',NULL),(1489,101488,433,'\0','2018-03-14 02:56:26',NULL),(1490,101489,433,'\0','2018-03-14 02:56:26',NULL),(1491,101490,433,'\0','2018-03-14 02:56:26',NULL),(1492,101491,433,'\0','2018-03-14 02:56:26',NULL),(1493,101492,433,'\0','2018-03-14 02:56:26',NULL),(1494,101493,433,'\0','2018-03-14 02:56:27',NULL),(1495,101494,433,'\0','2018-03-14 02:56:27',NULL),(1496,101495,433,'\0','2018-03-14 02:56:27',NULL),(1497,101496,433,'\0','2018-03-14 02:56:27',NULL),(1498,101497,433,'\0','2018-03-14 02:56:27',NULL),(1499,101498,433,'\0','2018-03-14 02:56:27',NULL),(1500,101499,433,'\0','2018-03-14 02:56:27',NULL),(1501,101500,433,'\0','2018-03-14 02:56:27',NULL),(1502,101501,433,'\0','2018-03-14 02:56:27',NULL),(1503,101502,433,'\0','2018-03-14 02:56:27',NULL),(1504,101503,433,'\0','2018-03-14 02:56:27',NULL),(1505,101504,433,'\0','2018-03-14 02:56:27',NULL),(1506,101505,433,'\0','2018-03-14 02:56:27',NULL),(1507,101506,433,'\0','2018-03-14 02:56:27',NULL),(1508,101507,433,'\0','2018-03-14 02:56:27',NULL),(1509,101508,433,'\0','2018-03-14 02:56:27',NULL),(1510,101509,433,'\0','2018-03-14 02:56:27',NULL),(1511,101510,433,'\0','2018-03-14 02:56:27',NULL),(1512,101511,433,'\0','2018-03-14 02:56:27',NULL),(1513,101512,433,'\0','2018-03-14 02:56:27',NULL),(1514,101513,433,'\0','2018-03-14 02:56:27',NULL),(1515,101514,433,'\0','2018-03-14 02:56:27',NULL),(1516,101515,433,'\0','2018-03-14 02:56:27',NULL),(1517,101516,433,'\0','2018-03-14 02:56:27',NULL),(1518,101517,433,'\0','2018-03-14 02:56:28',NULL),(1519,101518,433,'\0','2018-03-14 02:56:28',NULL),(1520,101519,433,'\0','2018-03-14 02:56:28',NULL),(1521,101520,433,'\0','2018-03-14 02:56:28',NULL),(1522,101521,433,'\0','2018-03-14 02:56:28',NULL),(1523,101522,433,'\0','2018-03-14 02:56:28',NULL),(1524,101523,433,'\0','2018-03-14 02:56:28',NULL),(1525,101524,433,'\0','2018-03-14 02:56:28',NULL),(1526,101525,433,'\0','2018-03-14 02:56:28',NULL),(1527,101526,433,'\0','2018-03-14 02:56:28',NULL),(1528,101527,433,'\0','2018-03-14 02:56:28',NULL),(1529,101528,433,'\0','2018-03-14 02:56:28',NULL),(1530,101529,433,'\0','2018-03-14 02:56:28',NULL),(1531,101530,433,'\0','2018-03-14 02:56:28',NULL),(1532,101531,433,'\0','2018-03-14 02:56:28',NULL),(1533,101532,433,'\0','2018-03-14 02:56:28',NULL),(1534,101533,433,'\0','2018-03-14 02:56:28',NULL),(1535,101534,433,'\0','2018-03-14 02:56:28',NULL),(1536,101535,433,'\0','2018-03-14 02:56:28',NULL),(1537,101536,433,'\0','2018-03-14 02:56:28',NULL),(1538,101537,433,'\0','2018-03-14 02:56:28',NULL),(1539,101538,433,'\0','2018-03-14 02:56:28',NULL),(1540,101539,433,'\0','2018-03-14 02:56:28',NULL),(1541,101540,433,'\0','2018-03-14 02:56:28',NULL),(1542,101541,433,'\0','2018-03-14 02:56:28',NULL),(1543,101542,433,'\0','2018-03-14 02:56:29',NULL),(1544,101543,433,'\0','2018-03-14 02:56:29',NULL),(1545,101544,433,'\0','2018-03-14 02:56:29',NULL),(1546,101545,433,'\0','2018-03-14 02:56:29',NULL),(1547,101546,433,'\0','2018-03-14 02:56:29',NULL),(1548,101547,433,'\0','2018-03-14 02:56:29',NULL),(1549,101548,433,'\0','2018-03-14 02:56:29',NULL),(1550,101549,433,'\0','2018-03-14 02:56:29',NULL),(1551,101550,433,'\0','2018-03-14 02:56:29',NULL),(1552,101551,433,'\0','2018-03-14 02:56:29',NULL),(1553,101552,433,'\0','2018-03-14 02:56:29',NULL),(1554,101553,433,'\0','2018-03-14 02:56:29',NULL),(1555,101554,433,'\0','2018-03-14 02:56:29',NULL),(1556,101555,433,'\0','2018-03-14 02:56:29',NULL),(1557,101556,433,'\0','2018-03-14 02:56:29',NULL),(1558,101557,433,'\0','2018-03-14 02:56:29',NULL),(1559,101558,433,'\0','2018-03-14 02:56:29',NULL),(1560,101559,433,'\0','2018-03-14 02:56:29',NULL),(1561,101560,433,'\0','2018-03-14 02:56:29',NULL),(1562,101561,433,'\0','2018-03-14 02:56:29',NULL),(1563,101562,433,'\0','2018-03-14 02:56:29',NULL),(1564,101563,433,'\0','2018-03-14 02:56:29',NULL),(1565,101564,433,'\0','2018-03-14 02:56:30',NULL),(1566,101565,433,'\0','2018-03-14 02:56:30',NULL),(1567,101566,433,'\0','2018-03-14 02:56:30',NULL),(1568,101567,433,'\0','2018-03-14 02:56:30',NULL),(1569,101568,433,'\0','2018-03-14 02:56:30',NULL),(1570,101569,433,'\0','2018-03-14 02:56:30',NULL),(1571,101570,433,'\0','2018-03-14 02:56:30',NULL),(1572,101571,433,'\0','2018-03-14 02:56:30',NULL),(1573,101572,433,'\0','2018-03-14 02:56:30',NULL),(1574,101573,433,'\0','2018-03-14 02:56:30',NULL),(1575,101574,433,'\0','2018-03-14 02:56:30',NULL),(1576,101575,433,'\0','2018-03-14 02:56:30',NULL),(1577,101576,433,'\0','2018-03-14 02:56:30',NULL),(1578,101577,433,'\0','2018-03-14 02:56:30',NULL),(1579,101578,433,'\0','2018-03-14 02:56:30',NULL),(1580,101579,433,'\0','2018-03-14 02:56:30',NULL),(1581,101580,433,'\0','2018-03-14 02:56:30',NULL),(1582,101581,433,'\0','2018-03-14 02:56:30',NULL),(1583,101582,433,'\0','2018-03-14 02:56:30',NULL),(1584,101583,433,'\0','2018-03-14 02:56:30',NULL),(1585,101584,433,'\0','2018-03-14 02:56:31',NULL),(1586,101585,433,'\0','2018-03-14 02:56:31',NULL),(1587,101586,433,'\0','2018-03-14 02:56:31',NULL),(1588,101587,433,'\0','2018-03-14 02:56:31',NULL),(1589,101588,433,'\0','2018-03-14 02:56:31',NULL),(1590,101589,433,'\0','2018-03-14 02:56:31',NULL),(1591,101590,433,'\0','2018-03-14 02:56:31',NULL),(1592,101591,433,'\0','2018-03-14 02:56:31',NULL),(1593,101592,433,'\0','2018-03-14 02:56:31',NULL),(1594,101593,433,'\0','2018-03-14 02:56:31',NULL),(1595,101594,433,'\0','2018-03-14 02:56:31',NULL),(1596,101595,433,'\0','2018-03-14 02:56:31',NULL),(1597,101596,433,'\0','2018-03-14 02:56:31',NULL),(1598,101597,433,'\0','2018-03-14 02:56:31',NULL),(1599,101598,433,'\0','2018-03-14 02:56:31',NULL),(1600,101599,433,'\0','2018-03-14 02:56:31',NULL),(1601,101600,433,'\0','2018-03-14 02:56:31',NULL),(1602,101601,433,'\0','2018-03-14 02:56:31',NULL),(1603,101602,433,'\0','2018-03-14 02:56:31',NULL),(1604,101603,433,'\0','2018-03-14 02:56:32',NULL),(1605,101604,433,'\0','2018-03-14 02:56:32',NULL),(1606,101605,433,'\0','2018-03-14 02:56:32',NULL),(1607,101606,433,'\0','2018-03-14 02:56:32',NULL),(1608,101607,433,'\0','2018-03-14 02:56:32',NULL),(1609,101608,433,'\0','2018-03-14 02:56:32',NULL),(1610,101609,433,'\0','2018-03-14 02:56:32',NULL),(1611,101610,433,'\0','2018-03-14 02:56:32',NULL),(1612,101611,433,'\0','2018-03-14 02:56:32',NULL),(1613,101612,433,'\0','2018-03-14 02:56:32',NULL),(1614,101613,433,'\0','2018-03-14 02:56:32',NULL),(1615,101614,433,'\0','2018-03-14 02:56:32',NULL),(1616,101615,433,'\0','2018-03-14 02:56:32',NULL),(1617,101616,433,'\0','2018-03-14 02:56:32',NULL),(1618,101617,433,'\0','2018-03-14 02:56:32',NULL),(1619,101618,433,'\0','2018-03-14 02:56:32',NULL),(1620,101619,433,'\0','2018-03-14 02:56:32',NULL),(1621,101620,433,'\0','2018-03-14 02:56:33',NULL),(1622,101621,433,'\0','2018-03-14 02:56:33',NULL),(1623,101622,433,'\0','2018-03-14 02:56:33',NULL),(1624,101623,433,'\0','2018-03-14 02:56:33',NULL),(1625,101624,433,'\0','2018-03-14 02:56:33',NULL),(1626,101625,433,'\0','2018-03-14 02:56:33',NULL),(1627,101626,433,'\0','2018-03-14 02:56:33',NULL),(1628,101627,433,'\0','2018-03-14 02:56:33',NULL),(1629,101628,433,'\0','2018-03-14 02:56:33',NULL),(1630,101629,433,'\0','2018-03-14 02:56:33',NULL),(1631,101630,433,'\0','2018-03-14 02:56:33',NULL),(1632,101631,433,'\0','2018-03-14 02:56:33',NULL),(1633,101632,433,'\0','2018-03-14 02:56:33',NULL),(1634,101633,433,'\0','2018-03-14 02:56:33',NULL),(1635,101634,433,'\0','2018-03-14 02:56:33',NULL),(1636,101635,433,'\0','2018-03-14 02:56:33',NULL),(1637,101636,433,'\0','2018-03-14 02:56:33',NULL),(1638,101637,433,'\0','2018-03-14 02:56:34',NULL),(1639,101638,433,'\0','2018-03-14 02:56:34',NULL),(1640,101639,433,'\0','2018-03-14 02:56:34',NULL),(1641,101640,433,'\0','2018-03-14 02:56:34',NULL),(1642,101641,433,'\0','2018-03-14 02:56:34',NULL),(1643,101642,433,'\0','2018-03-14 02:56:34',NULL),(1644,101643,433,'\0','2018-03-14 02:56:34',NULL),(1645,101644,433,'\0','2018-03-14 02:56:34',NULL),(1646,101645,433,'\0','2018-03-14 02:56:34',NULL),(1647,101646,433,'\0','2018-03-14 02:56:34',NULL),(1648,101647,433,'\0','2018-03-14 02:56:34',NULL),(1649,101648,433,'\0','2018-03-14 02:56:34',NULL),(1650,101649,433,'\0','2018-03-14 02:56:34',NULL),(1651,101650,433,'\0','2018-03-14 02:56:34',NULL),(1652,101651,433,'\0','2018-03-14 02:56:34',NULL),(1653,101652,433,'\0','2018-03-14 02:56:34',NULL),(1654,101653,433,'\0','2018-03-14 02:56:34',NULL),(1655,101654,433,'\0','2018-03-14 02:56:34',NULL),(1656,101655,433,'\0','2018-03-14 02:56:35',NULL),(1657,101656,433,'\0','2018-03-14 02:56:35',NULL),(1658,101657,433,'\0','2018-03-14 02:56:35',NULL),(1659,101658,433,'\0','2018-03-14 02:56:35',NULL),(1660,101659,433,'\0','2018-03-14 02:56:35',NULL),(1661,101660,433,'\0','2018-03-14 02:56:35',NULL),(1662,101661,433,'\0','2018-03-14 02:56:35',NULL),(1663,101662,433,'\0','2018-03-14 02:56:35',NULL),(1664,101663,433,'\0','2018-03-14 02:56:35',NULL),(1665,101664,433,'\0','2018-03-14 02:56:35',NULL),(1666,101665,433,'\0','2018-03-14 02:56:35',NULL),(1667,101666,433,'\0','2018-03-14 02:56:35',NULL),(1668,101667,433,'\0','2018-03-14 02:56:35',NULL),(1669,101668,433,'\0','2018-03-14 02:56:35',NULL),(1670,101669,433,'\0','2018-03-14 02:56:35',NULL),(1671,101670,433,'\0','2018-03-14 02:56:35',NULL),(1672,101671,433,'\0','2018-03-14 02:56:35',NULL),(1673,101672,433,'\0','2018-03-14 02:56:35',NULL),(1674,101673,433,'\0','2018-03-14 02:56:35',NULL),(1675,101674,433,'\0','2018-03-14 02:56:35',NULL),(1676,101675,433,'\0','2018-03-14 02:56:36',NULL),(1677,101676,433,'\0','2018-03-14 02:56:36',NULL),(1678,101677,433,'\0','2018-03-14 02:56:36',NULL),(1679,101678,433,'\0','2018-03-14 02:56:36',NULL),(1680,101679,433,'\0','2018-03-14 02:56:36',NULL),(1681,101680,433,'\0','2018-03-14 02:56:36',NULL),(1682,101681,433,'\0','2018-03-14 02:56:36',NULL),(1683,101682,433,'\0','2018-03-14 02:56:36',NULL),(1684,101683,433,'\0','2018-03-14 02:56:36',NULL),(1685,101684,433,'\0','2018-03-14 02:56:36',NULL),(1686,101685,433,'\0','2018-03-14 02:56:36',NULL),(1687,101686,433,'\0','2018-03-14 02:56:36',NULL),(1688,101687,433,'\0','2018-03-14 02:56:36',NULL),(1689,101688,433,'\0','2018-03-14 02:56:36',NULL),(1690,101689,433,'\0','2018-03-14 02:56:36',NULL),(1691,101690,433,'\0','2018-03-14 02:56:36',NULL),(1692,101691,433,'\0','2018-03-14 02:56:36',NULL),(1693,101692,433,'\0','2018-03-14 02:56:36',NULL),(1694,101693,433,'\0','2018-03-14 02:56:36',NULL),(1695,101694,433,'\0','2018-03-14 02:56:36',NULL),(1696,101695,433,'\0','2018-03-14 02:56:36',NULL),(1697,101696,433,'\0','2018-03-14 02:56:36',NULL),(1698,101697,433,'\0','2018-03-14 02:56:36',NULL),(1699,101698,433,'\0','2018-03-14 02:56:36',NULL),(1700,101699,433,'\0','2018-03-14 02:56:36',NULL),(1701,101700,433,'\0','2018-03-14 02:56:36',NULL),(1702,101701,433,'\0','2018-03-14 02:56:36',NULL),(1703,101702,433,'\0','2018-03-14 02:56:36',NULL),(1704,101703,433,'\0','2018-03-14 02:56:37',NULL),(1705,101704,433,'\0','2018-03-14 02:56:37',NULL),(1706,101705,433,'\0','2018-03-14 02:56:37',NULL),(1707,101706,433,'\0','2018-03-14 02:56:37',NULL),(1708,101707,433,'\0','2018-03-14 02:56:37',NULL),(1709,101708,433,'\0','2018-03-14 02:56:37',NULL),(1710,101709,433,'\0','2018-03-14 02:56:37',NULL),(1711,101710,433,'\0','2018-03-14 02:56:37',NULL),(1712,101711,433,'\0','2018-03-14 02:56:37',NULL),(1713,101712,433,'\0','2018-03-14 02:56:37',NULL),(1714,101713,433,'\0','2018-03-14 02:56:37',NULL),(1715,101714,433,'\0','2018-03-14 02:56:37',NULL),(1716,101715,433,'\0','2018-03-14 02:56:37',NULL),(1717,101716,433,'\0','2018-03-14 02:56:37',NULL),(1718,101717,433,'\0','2018-03-14 02:56:37',NULL),(1719,101718,433,'\0','2018-03-14 02:56:37',NULL),(1720,101719,433,'\0','2018-03-14 02:56:37',NULL),(1721,101720,433,'\0','2018-03-14 02:56:38',NULL),(1722,101721,433,'\0','2018-03-14 02:56:38',NULL),(1723,101722,433,'\0','2018-03-14 02:56:38',NULL),(1724,101723,433,'\0','2018-03-14 02:56:38',NULL),(1725,101724,433,'\0','2018-03-14 02:56:38',NULL),(1726,101725,433,'\0','2018-03-14 02:56:38',NULL),(1727,101726,433,'\0','2018-03-14 02:56:38',NULL),(1728,101727,433,'\0','2018-03-14 02:56:38',NULL),(1729,101728,433,'\0','2018-03-14 02:56:38',NULL),(1730,101729,433,'\0','2018-03-14 02:56:38',NULL),(1731,101730,433,'\0','2018-03-14 02:56:38',NULL),(1732,101731,433,'\0','2018-03-14 02:56:38',NULL),(1733,101732,433,'\0','2018-03-14 02:56:38',NULL),(1734,101733,433,'\0','2018-03-14 02:56:38',NULL),(1735,101734,433,'\0','2018-03-14 02:56:39',NULL),(1736,101735,433,'\0','2018-03-14 02:56:39',NULL),(1737,101736,433,'\0','2018-03-14 02:56:39',NULL),(1738,101737,433,'\0','2018-03-14 02:56:39',NULL),(1739,101738,433,'\0','2018-03-14 02:56:39',NULL),(1740,101739,433,'\0','2018-03-14 02:56:39',NULL),(1741,101740,433,'\0','2018-03-14 02:56:39',NULL),(1742,101741,433,'\0','2018-03-14 02:56:39',NULL),(1743,101742,433,'\0','2018-03-14 02:56:39',NULL),(1744,101743,433,'\0','2018-03-14 02:56:39',NULL),(1745,101744,433,'\0','2018-03-14 02:56:39',NULL),(1746,101745,433,'\0','2018-03-14 02:56:39',NULL),(1747,101746,433,'\0','2018-03-14 02:56:39',NULL),(1748,101747,433,'\0','2018-03-14 02:56:40',NULL),(1749,101748,433,'\0','2018-03-14 02:56:40',NULL),(1750,101749,433,'\0','2018-03-14 02:56:40',NULL),(1751,101750,433,'\0','2018-03-14 02:56:40',NULL),(1752,101751,433,'\0','2018-03-14 02:56:40',NULL),(1753,101752,433,'\0','2018-03-14 02:56:40',NULL),(1754,101753,433,'\0','2018-03-14 02:56:40',NULL),(1755,101754,433,'\0','2018-03-14 02:56:40',NULL),(1756,101755,433,'\0','2018-03-14 02:56:40',NULL),(1757,101756,433,'\0','2018-03-14 02:56:40',NULL),(1758,101757,433,'\0','2018-03-14 02:56:41',NULL),(1759,101758,433,'\0','2018-03-14 02:56:41',NULL),(1760,101759,433,'\0','2018-03-14 02:56:41',NULL),(1761,101760,433,'\0','2018-03-14 02:56:41',NULL),(1762,101761,433,'\0','2018-03-14 02:56:41',NULL),(1763,101762,433,'\0','2018-03-14 02:56:41',NULL),(1764,101763,433,'\0','2018-03-14 02:56:41',NULL),(1765,101764,433,'\0','2018-03-14 02:56:41',NULL),(1766,101765,433,'\0','2018-03-14 02:56:41',NULL),(1767,101766,433,'\0','2018-03-14 02:56:41',NULL),(1768,101767,433,'\0','2018-03-14 02:56:41',NULL),(1769,101768,433,'\0','2018-03-14 02:56:42',NULL),(1770,101769,433,'\0','2018-03-14 02:56:42',NULL),(1771,101770,433,'\0','2018-03-14 02:56:42',NULL),(1772,101771,433,'\0','2018-03-14 02:56:42',NULL),(1773,101772,433,'\0','2018-03-14 02:56:42',NULL),(1774,101773,433,'\0','2018-03-14 02:56:42',NULL),(1775,101774,433,'\0','2018-03-14 02:56:42',NULL),(1776,101775,433,'\0','2018-03-14 02:56:42',NULL),(1777,101776,433,'\0','2018-03-14 02:56:42',NULL),(1778,101777,433,'\0','2018-03-14 02:56:42',NULL),(1779,101778,433,'\0','2018-03-14 02:56:42',NULL),(1780,101779,433,'\0','2018-03-14 02:56:43',NULL),(1781,101780,433,'\0','2018-03-14 02:56:43',NULL),(1782,101781,433,'\0','2018-03-14 02:56:43',NULL),(1783,101782,433,'\0','2018-03-14 02:56:43',NULL),(1784,101783,433,'\0','2018-03-14 02:56:43',NULL),(1785,101784,433,'\0','2018-03-14 02:56:43',NULL),(1786,101785,433,'\0','2018-03-14 02:56:43',NULL),(1787,101786,433,'\0','2018-03-14 02:56:43',NULL),(1788,101787,433,'\0','2018-03-14 02:56:43',NULL),(1789,101788,433,'\0','2018-03-14 02:56:43',NULL),(1790,101789,433,'\0','2018-03-14 02:56:43',NULL),(1791,101790,433,'\0','2018-03-14 02:56:43',NULL),(1792,101791,433,'\0','2018-03-14 02:56:43',NULL),(1793,101792,433,'\0','2018-03-14 02:56:43',NULL),(1794,101793,433,'\0','2018-03-14 02:56:43',NULL),(1795,101794,433,'\0','2018-03-14 02:56:43',NULL),(1796,101795,433,'\0','2018-03-14 02:56:43',NULL),(1797,101796,433,'\0','2018-03-14 02:56:43',NULL),(1798,101797,433,'\0','2018-03-14 02:56:43',NULL),(1799,101798,433,'\0','2018-03-14 02:56:43',NULL),(1800,101799,433,'\0','2018-03-14 02:56:43',NULL),(1801,101800,433,'\0','2018-03-14 02:56:43',NULL),(1802,101801,433,'\0','2018-03-14 02:56:43',NULL),(1803,101802,433,'\0','2018-03-14 02:56:43',NULL),(1804,101803,433,'\0','2018-03-14 02:56:44',NULL),(1805,101804,433,'\0','2018-03-14 02:56:44',NULL),(1806,101805,433,'\0','2018-03-14 02:56:44',NULL),(1807,101806,433,'\0','2018-03-14 02:56:44',NULL),(1808,101807,433,'\0','2018-03-14 02:56:44',NULL),(1809,101808,433,'\0','2018-03-14 02:56:44',NULL),(1810,101809,433,'\0','2018-03-14 02:56:44',NULL),(1811,101810,433,'\0','2018-03-14 02:56:44',NULL),(1812,101811,433,'\0','2018-03-14 02:56:44',NULL),(1813,101812,433,'\0','2018-03-14 02:56:44',NULL),(1814,101813,433,'\0','2018-03-14 02:56:44',NULL),(1815,101814,433,'\0','2018-03-14 02:56:44',NULL),(1816,101815,433,'\0','2018-03-14 02:56:44',NULL),(1817,101816,433,'\0','2018-03-14 02:56:44',NULL),(1818,101817,433,'\0','2018-03-14 02:56:44',NULL),(1819,101818,433,'\0','2018-03-14 02:56:44',NULL),(1820,101819,433,'\0','2018-03-14 02:56:44',NULL),(1821,101820,433,'\0','2018-03-14 02:56:44',NULL),(1822,101821,433,'\0','2018-03-14 02:56:44',NULL),(1823,101822,433,'\0','2018-03-14 02:56:44',NULL),(1824,101823,433,'\0','2018-03-14 02:56:45',NULL),(1825,101824,433,'\0','2018-03-14 02:56:45',NULL),(1826,101825,433,'\0','2018-03-14 02:56:45',NULL),(1827,101826,433,'\0','2018-03-14 02:56:45',NULL),(1828,101827,433,'\0','2018-03-14 02:56:45',NULL),(1829,101828,433,'\0','2018-03-14 02:56:45',NULL),(1830,101829,433,'\0','2018-03-14 02:56:45',NULL),(1831,101830,433,'\0','2018-03-14 02:56:45',NULL),(1832,101831,433,'\0','2018-03-14 02:56:45',NULL),(1833,101832,433,'\0','2018-03-14 02:56:45',NULL),(1834,101833,433,'\0','2018-03-14 02:56:45',NULL),(1835,101834,433,'\0','2018-03-14 02:56:45',NULL),(1836,101835,433,'\0','2018-03-14 02:56:45',NULL),(1837,101836,433,'\0','2018-03-14 02:56:45',NULL),(1838,101837,433,'\0','2018-03-14 02:56:45',NULL),(1839,101838,433,'\0','2018-03-14 02:56:45',NULL),(1840,101839,433,'\0','2018-03-14 02:56:45',NULL),(1841,101840,433,'\0','2018-03-14 02:56:45',NULL),(1842,101841,433,'\0','2018-03-14 02:56:45',NULL),(1843,101842,433,'\0','2018-03-14 02:56:45',NULL),(1844,101843,433,'\0','2018-03-14 02:56:45',NULL),(1845,101844,433,'\0','2018-03-14 02:56:45',NULL),(1846,101845,433,'\0','2018-03-14 02:56:45',NULL),(1847,101846,433,'\0','2018-03-14 02:56:45',NULL),(1848,101847,433,'\0','2018-03-14 02:56:45',NULL),(1849,101848,433,'\0','2018-03-14 02:56:46',NULL),(1850,101849,433,'\0','2018-03-14 02:56:46',NULL),(1851,101850,433,'\0','2018-03-14 02:56:46',NULL),(1852,101851,433,'\0','2018-03-14 02:56:46',NULL),(1853,101852,433,'\0','2018-03-14 02:56:46',NULL),(1854,101853,433,'\0','2018-03-14 02:56:46',NULL),(1855,101854,433,'\0','2018-03-14 02:56:46',NULL),(1856,101855,433,'\0','2018-03-14 02:56:46',NULL),(1857,101856,433,'\0','2018-03-14 02:56:46',NULL),(1858,101857,433,'\0','2018-03-14 02:56:46',NULL),(1859,101858,433,'\0','2018-03-14 02:56:46',NULL),(1860,101859,433,'\0','2018-03-14 02:56:46',NULL),(1861,101860,433,'\0','2018-03-14 02:56:46',NULL),(1862,101861,433,'\0','2018-03-14 02:56:46',NULL),(1863,101862,433,'\0','2018-03-14 02:56:46',NULL),(1864,101863,433,'\0','2018-03-14 02:56:46',NULL),(1865,101864,433,'\0','2018-03-14 02:56:46',NULL),(1866,101865,433,'\0','2018-03-14 02:56:46',NULL),(1867,101866,433,'\0','2018-03-14 02:56:46',NULL),(1868,101867,433,'\0','2018-03-14 02:56:46',NULL),(1869,101868,433,'\0','2018-03-14 02:56:46',NULL),(1870,101869,433,'\0','2018-03-14 02:56:46',NULL),(1871,101870,433,'\0','2018-03-14 02:56:47',NULL),(1872,101871,433,'\0','2018-03-14 02:56:47',NULL),(1873,101872,433,'\0','2018-03-14 02:56:47',NULL),(1874,101873,433,'\0','2018-03-14 02:56:47',NULL),(1875,101874,433,'\0','2018-03-14 02:56:47',NULL),(1876,101875,433,'\0','2018-03-14 02:56:47',NULL),(1877,101876,433,'\0','2018-03-14 02:56:47',NULL),(1878,101877,433,'\0','2018-03-14 02:56:47',NULL),(1879,101878,433,'\0','2018-03-14 02:56:47',NULL),(1880,101879,433,'\0','2018-03-14 02:56:47',NULL),(1881,101880,433,'\0','2018-03-14 02:56:47',NULL),(1882,101881,433,'\0','2018-03-14 02:56:47',NULL),(1883,101882,433,'\0','2018-03-14 02:56:47',NULL),(1884,101883,433,'\0','2018-03-14 02:56:47',NULL),(1885,101884,433,'\0','2018-03-14 02:56:47',NULL),(1886,101885,433,'\0','2018-03-14 02:56:47',NULL),(1887,101886,433,'\0','2018-03-14 02:56:47',NULL),(1888,101887,433,'\0','2018-03-14 02:56:47',NULL),(1889,101888,433,'\0','2018-03-14 02:56:47',NULL),(1890,101889,433,'\0','2018-03-14 02:56:47',NULL),(1891,101890,433,'\0','2018-03-14 02:56:47',NULL),(1892,101891,433,'\0','2018-03-14 02:56:48',NULL),(1893,101892,433,'\0','2018-03-14 02:56:48',NULL),(1894,101893,433,'\0','2018-03-14 02:56:48',NULL),(1895,101894,433,'\0','2018-03-14 02:56:48',NULL),(1896,101895,433,'\0','2018-03-14 02:56:48',NULL),(1897,101896,433,'\0','2018-03-14 02:56:48',NULL),(1898,101897,433,'\0','2018-03-14 02:56:48',NULL),(1899,101898,433,'\0','2018-03-14 02:56:48',NULL),(1900,101899,433,'\0','2018-03-14 02:56:48',NULL),(1901,101900,433,'\0','2018-03-14 02:56:48',NULL),(1902,101901,433,'\0','2018-03-14 02:56:48',NULL),(1903,101902,433,'\0','2018-03-14 02:56:48',NULL),(1904,101903,433,'\0','2018-03-14 02:56:48',NULL),(1905,101904,433,'\0','2018-03-14 02:56:48',NULL),(1906,101905,433,'\0','2018-03-14 02:56:48',NULL),(1907,101906,433,'\0','2018-03-14 02:56:48',NULL),(1908,101907,433,'\0','2018-03-14 02:56:48',NULL),(1909,101908,433,'\0','2018-03-14 02:56:48',NULL),(1910,101909,433,'\0','2018-03-14 02:56:48',NULL),(1911,101910,433,'\0','2018-03-14 02:56:49',NULL),(1912,101911,433,'\0','2018-03-14 02:56:49',NULL),(1913,101912,433,'\0','2018-03-14 02:56:49',NULL),(1914,101913,433,'\0','2018-03-14 02:56:49',NULL),(1915,101914,433,'\0','2018-03-14 02:56:49',NULL),(1916,101915,433,'\0','2018-03-14 02:56:49',NULL),(1917,101916,433,'\0','2018-03-14 02:56:49',NULL),(1918,101917,433,'\0','2018-03-14 02:56:49',NULL),(1919,101918,433,'\0','2018-03-14 02:56:49',NULL),(1920,101919,433,'\0','2018-03-14 02:56:49',NULL),(1921,101920,433,'\0','2018-03-14 02:56:49',NULL),(1922,101921,433,'\0','2018-03-14 02:56:49',NULL),(1923,101922,433,'\0','2018-03-14 02:56:49',NULL),(1924,101923,433,'\0','2018-03-14 02:56:49',NULL),(1925,101924,433,'\0','2018-03-14 02:56:49',NULL),(1926,101925,433,'\0','2018-03-14 02:56:49',NULL),(1927,101926,433,'\0','2018-03-14 02:56:49',NULL),(1928,101927,433,'\0','2018-03-14 02:56:50',NULL),(1929,101928,433,'\0','2018-03-14 02:56:50',NULL),(1930,101929,433,'\0','2018-03-14 02:56:50',NULL),(1931,101930,433,'\0','2018-03-14 02:56:50',NULL),(1932,101931,433,'\0','2018-03-14 02:56:50',NULL),(1933,101932,433,'\0','2018-03-14 02:56:50',NULL),(1934,101933,433,'\0','2018-03-14 02:56:50',NULL),(1935,101934,433,'\0','2018-03-14 02:56:50',NULL),(1936,101935,433,'\0','2018-03-14 02:56:50',NULL),(1937,101936,433,'\0','2018-03-14 02:56:50',NULL),(1938,101937,433,'\0','2018-03-14 02:56:50',NULL),(1939,101938,433,'\0','2018-03-14 02:56:50',NULL),(1940,101939,433,'\0','2018-03-14 02:56:50',NULL),(1941,101940,433,'\0','2018-03-14 02:56:50',NULL),(1942,101941,433,'\0','2018-03-14 02:56:50',NULL),(1943,101942,433,'\0','2018-03-14 02:56:50',NULL),(1944,101943,433,'\0','2018-03-14 02:56:50',NULL),(1945,101944,433,'\0','2018-03-14 02:56:50',NULL),(1946,101945,433,'\0','2018-03-14 02:56:51',NULL),(1947,101946,433,'\0','2018-03-14 02:56:51',NULL),(1948,101947,433,'\0','2018-03-14 02:56:51',NULL),(1949,101948,433,'\0','2018-03-14 02:56:51',NULL),(1950,101949,433,'\0','2018-03-14 02:56:51',NULL),(1951,101950,433,'\0','2018-03-14 02:56:51',NULL),(1952,101951,433,'\0','2018-03-14 02:56:51',NULL),(1953,101952,433,'\0','2018-03-14 02:56:51',NULL),(1954,101953,433,'\0','2018-03-14 02:56:51',NULL),(1955,101954,433,'\0','2018-03-14 02:56:51',NULL),(1956,101955,433,'\0','2018-03-14 02:56:51',NULL),(1957,101956,433,'\0','2018-03-14 02:56:51',NULL),(1958,101957,433,'\0','2018-03-14 02:56:51',NULL),(1959,101958,433,'\0','2018-03-14 02:56:51',NULL),(1960,101959,433,'\0','2018-03-14 02:56:51',NULL),(1961,101960,433,'\0','2018-03-14 02:56:51',NULL),(1962,101961,433,'\0','2018-03-14 02:56:51',NULL),(1963,101962,433,'\0','2018-03-14 02:56:51',NULL),(1964,101963,433,'\0','2018-03-14 02:56:52',NULL),(1965,101964,433,'\0','2018-03-14 02:56:52',NULL),(1966,101965,433,'\0','2018-03-14 02:56:52',NULL),(1967,101966,433,'\0','2018-03-14 02:56:52',NULL),(1968,101967,433,'\0','2018-03-14 02:56:52',NULL),(1969,101968,433,'\0','2018-03-14 02:56:52',NULL),(1970,101969,433,'\0','2018-03-14 02:56:52',NULL),(1971,101970,433,'\0','2018-03-14 02:56:52',NULL),(1972,101971,433,'\0','2018-03-14 02:56:52',NULL),(1973,101972,433,'\0','2018-03-14 02:56:52',NULL),(1974,101973,433,'\0','2018-03-14 02:56:52',NULL),(1975,101974,433,'\0','2018-03-14 02:56:52',NULL),(1976,101975,433,'\0','2018-03-14 02:56:52',NULL),(1977,101976,433,'\0','2018-03-14 02:56:52',NULL),(1978,101977,433,'\0','2018-03-14 02:56:52',NULL),(1979,101978,433,'\0','2018-03-14 02:56:52',NULL),(1980,101979,433,'\0','2018-03-14 02:56:52',NULL),(1981,101980,433,'\0','2018-03-14 02:56:52',NULL),(1982,101981,433,'\0','2018-03-14 02:56:52',NULL),(1983,101982,433,'\0','2018-03-14 02:56:52',NULL),(1984,101983,433,'\0','2018-03-14 02:56:52',NULL),(1985,101984,433,'\0','2018-03-14 02:56:53',NULL),(1986,101985,433,'\0','2018-03-14 02:56:53',NULL),(1987,101986,433,'\0','2018-03-14 02:56:53',NULL),(1988,101987,433,'\0','2018-03-14 02:56:53',NULL),(1989,101988,433,'\0','2018-03-14 02:56:53',NULL),(1990,101989,433,'\0','2018-03-14 02:56:53',NULL),(1991,101990,433,'\0','2018-03-14 02:56:53',NULL),(1992,101991,433,'\0','2018-03-14 02:56:53',NULL),(1993,101992,433,'\0','2018-03-14 02:56:53',NULL),(1994,101993,433,'\0','2018-03-14 02:56:53',NULL),(1995,101994,433,'\0','2018-03-14 02:56:53',NULL),(1996,101995,433,'\0','2018-03-14 02:56:53',NULL),(1997,101996,433,'\0','2018-03-14 02:56:53',NULL),(1998,101997,433,'\0','2018-03-14 02:56:53',NULL),(1999,101998,433,'\0','2018-03-14 02:56:53',NULL),(2000,101999,433,'\0','2018-03-14 02:56:53',NULL),(2001,102000,433,'\0','2018-03-14 02:56:53',NULL),(2002,102001,433,'\0','2018-03-14 02:56:53',NULL),(2003,102002,433,'\0','2018-03-14 02:56:53',NULL),(2004,102003,433,'\0','2018-03-14 02:56:53',NULL),(2005,102004,433,'\0','2018-03-14 02:56:54',NULL),(2006,102005,433,'\0','2018-03-14 02:56:54',NULL),(2007,102006,433,'\0','2018-03-14 02:56:54',NULL),(2008,102007,433,'\0','2018-03-14 02:56:54',NULL),(2009,102008,433,'\0','2018-03-14 02:56:54',NULL),(2010,102009,433,'\0','2018-03-14 02:56:54',NULL),(2011,102010,433,'\0','2018-03-14 02:56:54',NULL),(2012,102011,433,'\0','2018-03-14 02:56:54',NULL),(2013,102012,433,'\0','2018-03-14 02:56:54',NULL),(2014,102013,433,'\0','2018-03-14 02:56:54',NULL),(2015,102014,433,'\0','2018-03-14 02:56:54',NULL),(2016,102015,433,'\0','2018-03-14 02:56:54',NULL),(2017,102016,433,'\0','2018-03-14 02:56:54',NULL),(2018,102017,433,'\0','2018-03-14 02:56:54',NULL),(2019,102018,433,'\0','2018-03-14 02:56:54',NULL),(2020,102019,433,'\0','2018-03-14 02:56:54',NULL),(2021,102020,433,'\0','2018-03-14 02:56:54',NULL),(2022,102021,433,'\0','2018-03-14 02:56:55',NULL),(2023,102022,433,'\0','2018-03-14 02:56:55',NULL),(2024,102023,433,'\0','2018-03-14 02:56:55',NULL),(2025,102024,433,'\0','2018-03-14 02:56:55',NULL),(2026,102025,433,'\0','2018-03-14 02:56:55',NULL),(2027,102026,433,'\0','2018-03-14 02:56:55',NULL),(2028,102027,433,'\0','2018-03-14 02:56:55',NULL),(2029,102028,433,'\0','2018-03-14 02:56:55',NULL),(2030,102029,433,'\0','2018-03-14 02:56:55',NULL),(2031,102030,433,'\0','2018-03-14 02:56:56',NULL),(2032,102031,433,'\0','2018-03-14 02:56:56',NULL),(2033,102032,433,'\0','2018-03-14 02:56:56',NULL),(2034,102033,433,'\0','2018-03-14 02:56:56',NULL),(2035,102034,433,'\0','2018-03-14 02:56:56',NULL),(2036,102035,433,'\0','2018-03-14 02:56:56',NULL),(2037,102036,433,'\0','2018-03-14 02:56:56',NULL),(2038,102037,433,'\0','2018-03-14 02:56:56',NULL),(2039,102038,433,'\0','2018-03-14 02:56:56',NULL),(2040,102039,433,'\0','2018-03-14 02:56:56',NULL),(2041,102040,433,'\0','2018-03-14 02:56:56',NULL),(2042,102041,433,'\0','2018-03-14 02:56:56',NULL),(2043,102042,433,'\0','2018-03-14 02:56:56',NULL),(2044,102043,433,'\0','2018-03-14 02:56:56',NULL),(2045,102044,433,'\0','2018-03-14 02:56:56',NULL),(2046,102045,433,'\0','2018-03-14 02:56:56',NULL),(2047,102046,433,'\0','2018-03-14 02:56:57',NULL),(2048,102047,433,'\0','2018-03-14 02:56:57',NULL),(2049,102048,433,'\0','2018-03-14 02:56:57',NULL),(2050,102049,433,'\0','2018-03-14 02:56:57',NULL),(2051,102050,433,'\0','2018-03-14 02:56:57',NULL),(2052,102051,433,'\0','2018-03-14 02:56:57',NULL),(2053,102052,433,'\0','2018-03-14 02:56:57',NULL),(2054,102053,433,'\0','2018-03-14 02:56:57',NULL),(2055,102054,433,'\0','2018-03-14 02:56:57',NULL),(2056,102055,433,'\0','2018-03-14 02:56:57',NULL),(2057,102056,433,'\0','2018-03-14 02:56:57',NULL),(2058,102057,433,'\0','2018-03-14 02:56:57',NULL),(2059,102058,433,'\0','2018-03-14 02:56:57',NULL),(2060,102059,433,'\0','2018-03-14 02:56:57',NULL),(2061,102060,433,'\0','2018-03-14 02:56:57',NULL),(2062,102061,433,'\0','2018-03-14 02:56:57',NULL),(2063,102062,433,'\0','2018-03-14 02:56:57',NULL),(2064,102063,433,'\0','2018-03-14 02:56:57',NULL),(2065,102064,433,'\0','2018-03-14 02:56:57',NULL),(2066,102065,433,'\0','2018-03-14 02:56:57',NULL),(2067,102066,433,'\0','2018-03-14 02:56:57',NULL),(2068,102067,433,'\0','2018-03-14 02:56:58',NULL),(2069,102068,433,'\0','2018-03-14 02:56:58',NULL),(2070,102069,433,'\0','2018-03-14 02:56:58',NULL),(2071,102070,433,'\0','2018-03-14 02:56:58',NULL),(2072,102071,433,'\0','2018-03-14 02:56:58',NULL),(2073,102072,433,'\0','2018-03-14 02:56:58',NULL),(2074,102073,433,'\0','2018-03-14 02:56:58',NULL),(2075,102074,433,'\0','2018-03-14 02:56:58',NULL),(2076,102075,433,'\0','2018-03-14 02:56:58',NULL),(2077,102076,433,'\0','2018-03-14 02:56:58',NULL),(2078,102077,433,'\0','2018-03-14 02:56:58',NULL),(2079,102078,433,'\0','2018-03-14 02:56:58',NULL),(2080,102079,433,'\0','2018-03-14 02:56:58',NULL),(2081,102080,433,'\0','2018-03-14 02:56:58',NULL),(2082,102081,433,'\0','2018-03-14 02:56:58',NULL),(2083,102082,433,'\0','2018-03-14 02:56:58',NULL),(2084,102083,433,'\0','2018-03-14 02:56:58',NULL),(2085,102084,433,'\0','2018-03-14 02:56:58',NULL),(2086,102085,433,'\0','2018-03-14 02:56:58',NULL),(2087,102086,433,'\0','2018-03-14 02:56:59',NULL),(2088,102087,433,'\0','2018-03-14 02:56:59',NULL),(2089,102088,433,'\0','2018-03-14 02:56:59',NULL),(2090,102089,433,'\0','2018-03-14 02:56:59',NULL),(2091,102090,433,'\0','2018-03-14 02:56:59',NULL),(2092,102091,433,'\0','2018-03-14 02:56:59',NULL),(2093,102092,433,'\0','2018-03-14 02:56:59',NULL),(2094,102093,433,'\0','2018-03-14 02:56:59',NULL),(2095,102094,433,'\0','2018-03-14 02:56:59',NULL),(2096,102095,433,'\0','2018-03-14 02:56:59',NULL),(2097,102096,433,'\0','2018-03-14 02:56:59',NULL),(2098,102097,433,'\0','2018-03-14 02:56:59',NULL),(2099,102098,433,'\0','2018-03-14 02:56:59',NULL),(2100,102099,433,'\0','2018-03-14 02:56:59',NULL),(2101,102100,433,'\0','2018-03-14 02:56:59',NULL),(2102,102101,433,'\0','2018-03-14 02:56:59',NULL),(2103,102102,433,'\0','2018-03-14 02:56:59',NULL),(2104,102103,433,'\0','2018-03-14 02:56:59',NULL),(2105,102104,433,'\0','2018-03-14 02:56:59',NULL),(2106,102105,433,'\0','2018-03-14 02:56:59',NULL),(2107,102106,433,'\0','2018-03-14 02:56:59',NULL),(2108,102107,433,'\0','2018-03-14 02:56:59',NULL),(2109,102108,433,'\0','2018-03-14 02:57:00',NULL),(2110,102109,433,'\0','2018-03-14 02:57:00',NULL),(2111,102110,433,'\0','2018-03-14 02:57:00',NULL),(2112,102111,433,'\0','2018-03-14 02:57:00',NULL),(2113,102112,433,'\0','2018-03-14 02:57:00',NULL),(2114,102113,433,'\0','2018-03-14 02:57:00',NULL),(2115,102114,433,'\0','2018-03-14 02:57:00',NULL),(2116,102115,433,'\0','2018-03-14 02:57:00',NULL),(2117,102116,433,'\0','2018-03-14 02:57:00',NULL),(2118,102117,433,'\0','2018-03-14 02:57:00',NULL),(2119,102118,433,'\0','2018-03-14 02:57:00',NULL),(2120,102119,433,'\0','2018-03-14 02:57:00',NULL),(2121,102120,433,'\0','2018-03-14 02:57:00',NULL),(2122,102121,433,'\0','2018-03-14 02:57:00',NULL),(2123,102122,433,'\0','2018-03-14 02:57:00',NULL),(2124,102123,433,'\0','2018-03-14 02:57:00',NULL),(2125,102124,433,'\0','2018-03-14 02:57:00',NULL),(2126,102125,433,'\0','2018-03-14 02:57:00',NULL),(2127,102126,433,'\0','2018-03-14 02:57:00',NULL),(2128,102127,433,'\0','2018-03-14 02:57:01',NULL),(2129,102128,433,'\0','2018-03-14 02:57:01',NULL),(2130,102129,433,'\0','2018-03-14 02:57:01',NULL),(2131,102130,433,'\0','2018-03-14 02:57:01',NULL),(2132,102131,433,'\0','2018-03-14 02:57:01',NULL),(2133,102132,433,'\0','2018-03-14 02:57:01',NULL),(2134,102133,433,'\0','2018-03-14 02:57:01',NULL),(2135,102134,433,'\0','2018-03-14 02:57:01',NULL),(2136,102135,433,'\0','2018-03-14 02:57:01',NULL),(2137,102136,433,'\0','2018-03-14 02:57:01',NULL),(2138,102137,433,'\0','2018-03-14 02:57:01',NULL),(2139,102138,433,'\0','2018-03-14 02:57:01',NULL),(2140,102139,433,'\0','2018-03-14 02:57:01',NULL),(2141,102140,433,'\0','2018-03-14 02:57:01',NULL),(2142,102141,433,'\0','2018-03-14 02:57:01',NULL),(2143,102142,433,'\0','2018-03-14 02:57:01',NULL),(2144,102143,433,'\0','2018-03-14 02:57:01',NULL),(2145,102144,433,'\0','2018-03-14 02:57:01',NULL),(2146,102145,433,'\0','2018-03-14 02:57:01',NULL),(2147,102146,433,'\0','2018-03-14 02:57:01',NULL),(2148,102147,433,'\0','2018-03-14 02:57:02',NULL),(2149,102148,433,'\0','2018-03-14 02:57:02',NULL),(2150,102149,433,'\0','2018-03-14 02:57:02',NULL),(2151,102150,433,'\0','2018-03-14 02:57:02',NULL),(2152,102151,433,'\0','2018-03-14 02:57:02',NULL),(2153,102152,433,'\0','2018-03-14 02:57:02',NULL),(2154,102153,433,'\0','2018-03-14 02:57:02',NULL),(2155,102154,433,'\0','2018-03-14 02:57:02',NULL),(2156,102155,433,'\0','2018-03-14 02:57:02',NULL),(2157,102156,433,'\0','2018-03-14 02:57:02',NULL),(2158,102157,433,'\0','2018-03-14 02:57:02',NULL),(2159,102158,433,'\0','2018-03-14 02:57:02',NULL),(2160,102159,433,'\0','2018-03-14 02:57:02',NULL),(2161,102160,433,'\0','2018-03-14 02:57:02',NULL),(2162,102161,433,'\0','2018-03-14 02:57:02',NULL),(2163,102162,433,'\0','2018-03-14 02:57:02',NULL),(2164,102163,433,'\0','2018-03-14 02:57:02',NULL),(2165,102164,433,'\0','2018-03-14 02:57:02',NULL),(2166,102165,433,'\0','2018-03-14 02:57:02',NULL),(2167,102166,433,'\0','2018-03-14 02:57:02',NULL),(2168,102167,433,'\0','2018-03-14 02:57:03',NULL),(2169,102168,433,'\0','2018-03-14 02:57:03',NULL),(2170,102169,433,'\0','2018-03-14 02:57:03',NULL),(2171,102170,433,'\0','2018-03-14 02:57:03',NULL),(2172,102171,433,'\0','2018-03-14 02:57:03',NULL),(2173,102172,433,'\0','2018-03-14 02:57:03',NULL),(2174,102173,433,'\0','2018-03-14 02:57:03',NULL),(2175,102174,433,'\0','2018-03-14 02:57:03',NULL),(2176,102175,433,'\0','2018-03-14 02:57:03',NULL),(2177,102176,433,'\0','2018-03-14 02:57:03',NULL),(2178,102177,433,'\0','2018-03-14 02:57:03',NULL),(2179,102178,433,'\0','2018-03-14 02:57:03',NULL),(2180,102179,433,'\0','2018-03-14 02:57:03',NULL),(2181,102180,433,'\0','2018-03-14 02:57:03',NULL),(2182,102181,433,'\0','2018-03-14 02:57:03',NULL),(2183,102182,433,'\0','2018-03-14 02:57:03',NULL),(2184,102183,433,'\0','2018-03-14 02:57:03',NULL),(2185,102184,433,'\0','2018-03-14 02:57:03',NULL),(2186,102185,433,'\0','2018-03-14 02:57:03',NULL),(2187,102186,433,'\0','2018-03-14 02:57:03',NULL),(2188,102187,433,'\0','2018-03-14 02:57:04',NULL),(2189,102188,433,'\0','2018-03-14 02:57:04',NULL),(2190,102189,433,'\0','2018-03-14 02:57:04',NULL),(2191,102190,433,'\0','2018-03-14 02:57:04',NULL),(2192,102191,433,'\0','2018-03-14 02:57:04',NULL),(2193,102192,433,'\0','2018-03-14 02:57:04',NULL),(2194,102193,433,'\0','2018-03-14 02:57:04',NULL),(2195,102194,433,'\0','2018-03-14 02:57:04',NULL),(2196,102195,433,'\0','2018-03-14 02:57:04',NULL),(2197,102196,433,'\0','2018-03-14 02:57:04',NULL),(2198,102197,433,'\0','2018-03-14 02:57:04',NULL),(2199,102198,433,'\0','2018-03-14 02:57:04',NULL),(2200,102199,433,'\0','2018-03-14 02:57:04',NULL),(2201,102200,433,'\0','2018-03-14 02:57:04',NULL),(2202,102201,433,'\0','2018-03-14 02:57:04',NULL),(2203,102202,433,'\0','2018-03-14 02:57:04',NULL),(2204,102203,433,'\0','2018-03-14 02:57:04',NULL),(2205,102204,433,'\0','2018-03-14 02:57:04',NULL),(2206,102205,433,'\0','2018-03-14 02:57:05',NULL),(2207,102206,433,'\0','2018-03-14 02:57:05',NULL),(2208,102207,433,'\0','2018-03-14 02:57:05',NULL),(2209,102208,433,'\0','2018-03-14 02:57:05',NULL),(2210,102209,433,'\0','2018-03-14 02:57:05',NULL),(2211,102210,433,'\0','2018-03-14 02:57:05',NULL),(2212,102211,433,'\0','2018-03-14 02:57:05',NULL),(2213,102212,433,'\0','2018-03-14 02:57:05',NULL),(2214,102213,433,'\0','2018-03-14 02:57:05',NULL),(2215,102214,433,'\0','2018-03-14 02:57:05',NULL),(2216,102215,433,'\0','2018-03-14 02:57:05',NULL),(2217,102216,433,'\0','2018-03-14 02:57:05',NULL),(2218,102217,433,'\0','2018-03-14 02:57:05',NULL),(2219,102218,433,'\0','2018-03-14 02:57:05',NULL),(2220,102219,433,'\0','2018-03-14 02:57:05',NULL),(2221,102220,433,'\0','2018-03-14 02:57:05',NULL),(2222,102221,433,'\0','2018-03-14 02:57:06',NULL),(2223,102222,433,'\0','2018-03-14 02:57:06',NULL),(2224,102223,433,'\0','2018-03-14 02:57:06',NULL),(2225,102224,433,'\0','2018-03-14 02:57:06',NULL),(2226,102225,433,'\0','2018-03-14 02:57:06',NULL),(2227,102226,433,'\0','2018-03-14 02:57:06',NULL),(2228,102227,433,'\0','2018-03-14 02:57:06',NULL),(2229,102228,433,'\0','2018-03-14 02:57:06',NULL),(2230,102229,433,'\0','2018-03-14 02:57:06',NULL),(2231,102230,433,'\0','2018-03-14 02:57:06',NULL),(2232,102231,433,'\0','2018-03-14 02:57:06',NULL),(2233,102232,433,'\0','2018-03-14 02:57:06',NULL),(2234,102233,433,'\0','2018-03-14 02:57:06',NULL),(2235,102234,433,'\0','2018-03-14 02:57:06',NULL),(2236,102235,433,'\0','2018-03-14 02:57:06',NULL),(2237,102236,433,'\0','2018-03-14 02:57:06',NULL),(2238,102237,433,'\0','2018-03-14 02:57:06',NULL),(2239,102238,433,'\0','2018-03-14 02:57:06',NULL),(2240,102239,433,'\0','2018-03-14 02:57:06',NULL),(2241,102240,433,'\0','2018-03-14 02:57:06',NULL),(2242,102241,433,'\0','2018-03-14 02:57:06',NULL),(2243,102242,433,'\0','2018-03-14 02:57:06',NULL),(2244,102243,433,'\0','2018-03-14 02:57:06',NULL),(2245,102244,433,'\0','2018-03-14 02:57:06',NULL),(2246,102245,433,'\0','2018-03-14 02:57:06',NULL),(2247,102246,433,'\0','2018-03-14 02:57:06',NULL),(2248,102247,433,'\0','2018-03-14 02:57:06',NULL),(2249,102248,433,'\0','2018-03-14 02:57:07',NULL),(2250,102249,433,'\0','2018-03-14 02:57:07',NULL),(2251,102250,433,'\0','2018-03-14 02:57:07',NULL),(2252,102251,433,'\0','2018-03-14 02:57:07',NULL),(2253,102252,433,'\0','2018-03-14 02:57:07',NULL),(2254,102253,433,'\0','2018-03-14 02:57:07',NULL),(2255,102254,433,'\0','2018-03-14 02:57:07',NULL),(2256,102255,433,'\0','2018-03-14 02:57:07',NULL),(2257,102256,433,'\0','2018-03-14 02:57:07',NULL),(2258,102257,433,'\0','2018-03-14 02:57:07',NULL),(2259,102258,433,'\0','2018-03-14 02:57:07',NULL),(2260,102259,433,'\0','2018-03-14 02:57:07',NULL),(2261,102260,433,'\0','2018-03-14 02:57:07',NULL),(2262,102261,433,'\0','2018-03-14 02:57:07',NULL),(2263,102262,433,'\0','2018-03-14 02:57:07',NULL),(2264,102263,433,'\0','2018-03-14 02:57:07',NULL),(2265,102264,433,'\0','2018-03-14 02:57:07',NULL),(2266,102265,433,'\0','2018-03-14 02:57:07',NULL),(2267,102266,433,'\0','2018-03-14 02:57:07',NULL),(2268,102267,433,'\0','2018-03-14 02:57:07',NULL),(2269,102268,433,'\0','2018-03-14 02:57:07',NULL),(2270,102269,433,'\0','2018-03-14 02:57:07',NULL),(2271,102270,433,'\0','2018-03-14 02:57:07',NULL),(2272,102271,433,'\0','2018-03-14 02:57:07',NULL),(2273,102272,433,'\0','2018-03-14 02:57:07',NULL),(2274,102273,433,'\0','2018-03-14 02:57:07',NULL),(2275,102274,433,'\0','2018-03-14 02:57:07',NULL),(2276,102275,433,'\0','2018-03-14 02:57:08',NULL),(2277,102276,433,'\0','2018-03-14 02:57:08',NULL),(2278,102277,433,'\0','2018-03-14 02:57:08',NULL),(2279,102278,433,'\0','2018-03-14 02:57:08',NULL),(2280,102279,433,'\0','2018-03-14 02:57:08',NULL),(2281,102280,433,'\0','2018-03-14 02:57:08',NULL),(2282,102281,433,'\0','2018-03-14 02:57:08',NULL),(2283,102282,433,'\0','2018-03-14 02:57:08',NULL),(2284,102283,433,'\0','2018-03-14 02:57:08',NULL),(2285,102284,433,'\0','2018-03-14 02:57:08',NULL),(2286,102285,433,'\0','2018-03-14 02:57:08',NULL),(2287,102286,433,'\0','2018-03-14 02:57:08',NULL),(2288,102287,433,'\0','2018-03-14 02:57:08',NULL),(2289,102288,433,'\0','2018-03-14 02:57:08',NULL),(2290,102289,433,'\0','2018-03-14 02:57:08',NULL),(2291,102290,433,'\0','2018-03-14 02:57:08',NULL),(2292,102291,433,'\0','2018-03-14 02:57:08',NULL),(2293,102292,433,'\0','2018-03-14 02:57:08',NULL),(2294,102293,433,'\0','2018-03-14 02:57:08',NULL),(2295,102294,433,'\0','2018-03-14 02:57:08',NULL),(2296,102295,433,'\0','2018-03-14 02:57:08',NULL),(2297,102296,433,'\0','2018-03-14 02:57:08',NULL),(2298,102297,433,'\0','2018-03-14 02:57:08',NULL),(2299,102298,433,'\0','2018-03-14 02:57:08',NULL),(2300,102299,433,'\0','2018-03-14 02:57:08',NULL),(2301,102300,433,'\0','2018-03-14 02:57:08',NULL),(2302,102301,433,'\0','2018-03-14 02:57:09',NULL),(2303,102302,433,'\0','2018-03-14 02:57:09',NULL),(2304,102303,433,'\0','2018-03-14 02:57:09',NULL),(2305,102304,433,'\0','2018-03-14 02:57:09',NULL),(2306,102305,433,'\0','2018-03-14 02:57:09',NULL),(2307,102306,433,'\0','2018-03-14 02:57:09',NULL),(2308,102307,433,'\0','2018-03-14 02:57:09',NULL),(2309,102308,433,'\0','2018-03-14 02:57:09',NULL),(2310,102309,433,'\0','2018-03-14 02:57:09',NULL),(2311,102310,433,'\0','2018-03-14 02:57:09',NULL),(2312,102311,433,'\0','2018-03-14 02:57:09',NULL),(2313,102312,433,'\0','2018-03-14 02:57:09',NULL),(2314,102313,433,'\0','2018-03-14 02:57:09',NULL),(2315,102314,433,'\0','2018-03-14 02:57:09',NULL),(2316,102315,433,'\0','2018-03-14 02:57:09',NULL),(2317,102316,433,'\0','2018-03-14 02:57:09',NULL),(2318,102317,433,'\0','2018-03-14 02:57:09',NULL),(2319,102318,433,'\0','2018-03-14 02:57:09',NULL),(2320,102319,433,'\0','2018-03-14 02:57:09',NULL),(2321,102320,433,'\0','2018-03-14 02:57:09',NULL),(2322,102321,433,'\0','2018-03-14 02:57:09',NULL),(2323,102322,433,'\0','2018-03-14 02:57:10',NULL),(2324,102323,433,'\0','2018-03-14 02:57:10',NULL),(2325,102324,433,'\0','2018-03-14 02:57:10',NULL),(2326,102325,433,'\0','2018-03-14 02:57:10',NULL),(2327,102326,433,'\0','2018-03-14 02:57:10',NULL),(2328,102327,433,'\0','2018-03-14 02:57:10',NULL),(2329,102328,433,'\0','2018-03-14 02:57:10',NULL),(2330,102329,433,'\0','2018-03-14 02:57:10',NULL),(2331,102330,433,'\0','2018-03-14 02:57:10',NULL),(2332,102331,433,'\0','2018-03-14 02:57:10',NULL),(2333,102332,433,'\0','2018-03-14 02:57:10',NULL),(2334,102333,433,'\0','2018-03-14 02:57:10',NULL),(2335,102334,433,'\0','2018-03-14 02:57:10',NULL),(2336,102335,433,'\0','2018-03-14 02:57:10',NULL),(2337,102336,433,'\0','2018-03-14 02:57:10',NULL),(2338,102337,433,'\0','2018-03-14 02:57:10',NULL),(2339,102338,433,'\0','2018-03-14 02:57:10',NULL),(2340,102339,433,'\0','2018-03-14 02:57:10',NULL),(2341,102340,433,'\0','2018-03-14 02:57:10',NULL),(2342,102341,433,'\0','2018-03-14 02:57:11',NULL),(2343,102342,433,'\0','2018-03-14 02:57:11',NULL),(2344,102343,433,'\0','2018-03-14 02:57:11',NULL),(2345,102344,433,'\0','2018-03-14 02:57:11',NULL),(2346,102345,433,'\0','2018-03-14 02:57:11',NULL),(2347,102346,433,'\0','2018-03-14 02:57:11',NULL),(2348,102347,433,'\0','2018-03-14 02:57:11',NULL),(2349,102348,433,'\0','2018-03-14 02:57:11',NULL),(2350,102349,433,'\0','2018-03-14 02:57:11',NULL),(2351,102350,433,'\0','2018-03-14 02:57:11',NULL),(2352,102351,433,'\0','2018-03-14 02:57:11',NULL),(2353,102352,433,'\0','2018-03-14 02:57:11',NULL),(2354,102353,433,'\0','2018-03-14 02:57:11',NULL),(2355,102354,433,'\0','2018-03-14 02:57:11',NULL),(2356,102355,433,'\0','2018-03-14 02:57:12',NULL),(2357,102356,433,'\0','2018-03-14 02:57:12',NULL),(2358,102357,433,'\0','2018-03-14 02:57:12',NULL),(2359,102358,433,'\0','2018-03-14 02:57:12',NULL),(2360,102359,433,'\0','2018-03-14 02:57:12',NULL),(2361,102360,433,'\0','2018-03-14 02:57:12',NULL),(2362,102361,433,'\0','2018-03-14 02:57:12',NULL),(2363,102362,433,'\0','2018-03-14 02:57:12',NULL),(2364,102363,433,'\0','2018-03-14 02:57:12',NULL),(2365,102364,433,'\0','2018-03-14 02:57:12',NULL),(2366,102365,433,'\0','2018-03-14 02:57:12',NULL),(2367,102366,433,'\0','2018-03-14 02:57:12',NULL),(2368,102367,433,'\0','2018-03-14 02:57:12',NULL),(2369,102368,433,'\0','2018-03-14 02:57:12',NULL),(2370,102369,433,'\0','2018-03-14 02:57:12',NULL),(2371,102370,433,'\0','2018-03-14 02:57:12',NULL),(2372,102371,433,'\0','2018-03-14 02:57:12',NULL),(2373,102372,433,'\0','2018-03-14 02:57:13',NULL),(2374,102373,433,'\0','2018-03-14 02:57:13',NULL),(2375,102374,433,'\0','2018-03-14 02:57:13',NULL),(2376,102375,433,'\0','2018-03-14 02:57:13',NULL),(2377,102376,433,'\0','2018-03-14 02:57:13',NULL),(2378,102377,433,'\0','2018-03-14 02:57:13',NULL),(2379,102378,433,'\0','2018-03-14 02:57:13',NULL),(2380,102379,433,'\0','2018-03-14 02:57:13',NULL),(2381,102380,433,'\0','2018-03-14 02:57:13',NULL),(2382,102381,433,'\0','2018-03-14 02:57:13',NULL),(2383,102382,433,'\0','2018-03-14 02:57:13',NULL),(2384,102383,433,'\0','2018-03-14 02:57:13',NULL),(2385,102384,433,'\0','2018-03-14 02:57:13',NULL),(2386,102385,433,'\0','2018-03-14 02:57:13',NULL),(2387,102386,433,'\0','2018-03-14 02:57:13',NULL),(2388,102387,433,'\0','2018-03-14 02:57:13',NULL),(2389,102388,433,'\0','2018-03-14 02:57:13',NULL),(2390,102389,433,'\0','2018-03-14 02:57:14',NULL),(2391,102390,433,'\0','2018-03-14 02:57:14',NULL),(2392,102391,433,'\0','2018-03-14 02:57:14',NULL),(2393,102392,433,'\0','2018-03-14 02:57:14',NULL),(2394,102393,433,'\0','2018-03-14 02:57:14',NULL),(2395,102394,433,'\0','2018-03-14 02:57:14',NULL),(2396,102395,433,'\0','2018-03-14 02:57:14',NULL),(2397,102396,433,'\0','2018-03-14 02:57:14',NULL),(2398,102397,433,'\0','2018-03-14 02:57:14',NULL),(2399,102398,433,'\0','2018-03-14 02:57:14',NULL),(2400,102399,433,'\0','2018-03-14 02:57:14',NULL),(2401,102400,433,'\0','2018-03-14 02:57:14',NULL),(2402,102401,433,'\0','2018-03-14 02:57:14',NULL),(2403,102402,433,'\0','2018-03-14 02:57:14',NULL),(2404,102403,433,'\0','2018-03-14 02:57:14',NULL),(2405,102404,433,'\0','2018-03-14 02:57:14',NULL),(2406,102405,433,'\0','2018-03-14 02:57:15',NULL),(2407,102406,433,'\0','2018-03-14 02:57:15',NULL),(2408,102407,433,'\0','2018-03-14 02:57:15',NULL),(2409,102408,433,'\0','2018-03-14 02:57:15',NULL),(2410,102409,433,'\0','2018-03-14 02:57:15',NULL),(2411,102410,433,'\0','2018-03-14 02:57:15',NULL),(2412,102411,433,'\0','2018-03-14 02:57:15',NULL),(2413,102412,433,'\0','2018-03-14 02:57:15',NULL),(2414,102413,433,'\0','2018-03-14 02:57:16',NULL),(2415,102414,433,'\0','2018-03-14 02:57:16',NULL),(2416,102415,433,'\0','2018-03-14 02:57:16',NULL),(2417,102416,433,'\0','2018-03-14 02:57:16',NULL),(2418,102417,433,'\0','2018-03-14 02:57:16',NULL),(2419,102418,433,'\0','2018-03-14 02:57:16',NULL),(2420,102419,433,'\0','2018-03-14 02:57:16',NULL),(2421,102420,433,'\0','2018-03-14 02:57:16',NULL),(2422,102421,433,'\0','2018-03-14 02:57:16',NULL),(2423,102422,433,'\0','2018-03-14 02:57:16',NULL),(2424,102423,433,'\0','2018-03-14 02:57:16',NULL),(2425,102424,433,'\0','2018-03-14 02:57:16',NULL),(2426,102425,433,'\0','2018-03-14 02:57:16',NULL),(2427,102426,433,'\0','2018-03-14 02:57:16',NULL),(2428,102427,433,'\0','2018-03-14 02:57:17',NULL),(2429,102428,433,'\0','2018-03-14 02:57:17',NULL),(2430,102429,433,'\0','2018-03-14 02:57:17',NULL),(2431,102430,433,'\0','2018-03-14 02:57:17',NULL),(2432,102431,433,'\0','2018-03-14 02:57:17',NULL),(2433,102432,433,'\0','2018-03-14 02:57:17',NULL),(2434,102433,433,'\0','2018-03-14 02:57:17',NULL),(2435,102434,433,'\0','2018-03-14 02:57:17',NULL),(2436,102435,433,'\0','2018-03-14 02:57:17',NULL),(2437,102436,433,'\0','2018-03-14 02:57:17',NULL),(2438,102437,433,'\0','2018-03-14 02:57:17',NULL),(2439,102438,433,'\0','2018-03-14 02:57:17',NULL),(2440,102439,433,'\0','2018-03-14 02:57:17',NULL),(2441,102440,433,'\0','2018-03-14 02:57:17',NULL),(2442,102441,433,'\0','2018-03-14 02:57:17',NULL),(2443,102442,433,'\0','2018-03-14 02:57:17',NULL),(2444,102443,433,'\0','2018-03-14 02:57:17',NULL),(2445,102444,433,'\0','2018-03-14 02:57:17',NULL),(2446,102445,433,'\0','2018-03-14 02:57:17',NULL),(2447,102446,433,'\0','2018-03-14 02:57:17',NULL),(2448,102447,433,'\0','2018-03-14 02:57:17',NULL),(2449,102448,433,'\0','2018-03-14 02:57:18',NULL),(2450,102449,433,'\0','2018-03-14 02:57:18',NULL),(2451,102450,433,'\0','2018-03-14 02:57:18',NULL),(2452,102451,433,'\0','2018-03-14 02:57:18',NULL),(2453,102452,433,'\0','2018-03-14 02:57:18',NULL),(2454,102453,433,'\0','2018-03-14 02:57:18',NULL),(2455,102454,433,'\0','2018-03-14 02:57:18',NULL),(2456,102455,433,'\0','2018-03-14 02:57:18',NULL),(2457,102456,433,'\0','2018-03-14 02:57:18',NULL),(2458,102457,433,'\0','2018-03-14 02:57:18',NULL),(2459,102458,433,'\0','2018-03-14 02:57:18',NULL),(2460,102459,433,'\0','2018-03-14 02:57:18',NULL),(2461,102460,433,'\0','2018-03-14 02:57:18',NULL),(2462,102461,433,'\0','2018-03-14 02:57:18',NULL),(2463,102462,433,'\0','2018-03-14 02:57:18',NULL),(2464,102463,433,'\0','2018-03-14 02:57:19',NULL),(2465,102464,433,'\0','2018-03-14 02:57:19',NULL),(2466,102465,433,'\0','2018-03-14 02:57:19',NULL),(2467,102466,433,'\0','2018-03-14 02:57:19',NULL),(2468,102467,433,'\0','2018-03-14 02:57:19',NULL),(2469,102468,433,'\0','2018-03-14 02:57:19',NULL),(2470,102469,433,'\0','2018-03-14 02:57:19',NULL),(2471,102470,433,'\0','2018-03-14 02:57:19',NULL),(2472,102471,433,'\0','2018-03-14 02:57:19',NULL),(2473,102472,433,'\0','2018-03-14 02:57:19',NULL),(2474,102473,433,'\0','2018-03-14 02:57:19',NULL),(2475,102474,433,'\0','2018-03-14 02:57:19',NULL),(2476,102475,433,'\0','2018-03-14 02:57:19',NULL),(2477,102476,433,'\0','2018-03-14 02:57:19',NULL),(2478,102477,433,'\0','2018-03-14 02:57:19',NULL),(2479,102478,433,'\0','2018-03-14 02:57:20',NULL),(2480,102479,433,'\0','2018-03-14 02:57:20',NULL),(2481,102480,433,'\0','2018-03-14 02:57:20',NULL),(2482,102481,433,'\0','2018-03-14 02:57:20',NULL),(2483,102482,433,'\0','2018-03-14 02:57:20',NULL),(2484,102483,433,'\0','2018-03-14 02:57:20',NULL),(2485,102484,433,'\0','2018-03-14 02:57:20',NULL),(2486,102485,433,'\0','2018-03-14 02:57:20',NULL),(2487,102486,433,'\0','2018-03-14 02:57:20',NULL),(2488,102487,433,'\0','2018-03-14 02:57:20',NULL),(2489,102488,433,'\0','2018-03-14 02:57:21',NULL),(2490,102489,433,'\0','2018-03-14 02:57:21',NULL),(2491,102490,433,'\0','2018-03-14 02:57:21',NULL),(2492,102491,433,'\0','2018-03-14 02:57:21',NULL),(2493,102492,433,'\0','2018-03-14 02:57:21',NULL),(2494,102493,433,'\0','2018-03-14 02:57:21',NULL),(2495,102494,433,'\0','2018-03-14 02:57:21',NULL),(2496,102495,433,'\0','2018-03-14 02:57:21',NULL),(2497,102496,433,'\0','2018-03-14 02:57:22',NULL),(2498,102497,433,'\0','2018-03-14 02:57:22',NULL),(2499,102498,433,'\0','2018-03-14 02:57:22',NULL),(2500,102499,433,'\0','2018-03-14 02:57:22',NULL),(2501,102500,433,'\0','2018-03-14 02:57:22',NULL),(2502,102501,433,'\0','2018-03-14 02:57:22',NULL),(2503,102502,433,'\0','2018-03-14 02:57:22',NULL),(2504,102503,433,'\0','2018-03-14 02:57:22',NULL),(2505,102504,433,'\0','2018-03-14 02:57:22',NULL),(2506,102505,433,'\0','2018-03-14 02:57:23',NULL),(2507,102506,433,'\0','2018-03-14 02:57:23',NULL),(2508,102507,433,'\0','2018-03-14 02:57:23',NULL),(2509,102508,433,'\0','2018-03-14 02:57:23',NULL),(2510,102509,433,'\0','2018-03-14 02:57:23',NULL),(2511,102510,433,'\0','2018-03-14 02:57:23',NULL),(2512,102511,433,'\0','2018-03-14 02:57:23',NULL),(2513,102512,433,'\0','2018-03-14 02:57:23',NULL),(2514,102513,433,'\0','2018-03-14 02:57:24',NULL),(2515,102514,433,'\0','2018-03-14 02:57:24',NULL),(2516,102515,433,'\0','2018-03-14 02:57:24',NULL),(2517,102516,433,'\0','2018-03-14 02:57:24',NULL),(2518,102517,433,'\0','2018-03-14 02:57:24',NULL),(2519,102518,433,'\0','2018-03-14 02:57:24',NULL),(2520,102519,433,'\0','2018-03-14 02:57:24',NULL),(2521,102520,433,'\0','2018-03-14 02:57:24',NULL),(2522,102521,433,'\0','2018-03-14 02:57:24',NULL),(2523,102522,433,'\0','2018-03-14 02:57:25',NULL),(2524,102523,433,'\0','2018-03-14 02:57:25',NULL),(2525,102524,433,'\0','2018-03-14 02:57:25',NULL),(2526,102525,433,'\0','2018-03-14 02:57:25',NULL),(2527,102526,433,'\0','2018-03-14 02:57:25',NULL),(2528,102527,433,'\0','2018-03-14 02:57:25',NULL),(2529,102528,433,'\0','2018-03-14 02:57:25',NULL),(2530,102529,433,'\0','2018-03-14 02:57:25',NULL),(2531,102530,433,'\0','2018-03-14 02:57:26',NULL),(2532,102531,433,'\0','2018-03-14 02:57:26',NULL),(2533,102532,433,'\0','2018-03-14 02:57:26',NULL),(2534,102533,433,'\0','2018-03-14 02:57:26',NULL),(2535,102534,433,'\0','2018-03-14 02:57:26',NULL),(2536,102535,433,'\0','2018-03-14 02:57:26',NULL),(2537,102536,433,'\0','2018-03-14 02:57:26',NULL),(2538,102537,433,'\0','2018-03-14 02:57:26',NULL),(2539,102538,433,'\0','2018-03-14 02:57:26',NULL),(2540,102539,433,'\0','2018-03-14 02:57:26',NULL),(2541,102540,433,'\0','2018-03-14 02:57:27',NULL),(2542,102541,433,'\0','2018-03-14 02:57:27',NULL),(2543,102542,433,'\0','2018-03-14 02:57:27',NULL),(2544,102543,433,'\0','2018-03-14 02:57:27',NULL),(2545,102544,433,'\0','2018-03-14 02:57:27',NULL),(2546,102545,433,'\0','2018-03-14 02:57:27',NULL),(2547,102546,433,'\0','2018-03-14 02:57:27',NULL),(2548,102547,433,'\0','2018-03-14 02:57:27',NULL),(2549,102548,433,'\0','2018-03-14 02:57:27',NULL),(2550,102549,433,'\0','2018-03-14 02:57:28',NULL),(2551,102550,433,'\0','2018-03-14 02:57:28',NULL),(2552,102551,433,'\0','2018-03-14 02:57:28',NULL),(2553,102552,433,'\0','2018-03-14 02:57:28',NULL),(2554,102553,433,'\0','2018-03-14 02:57:28',NULL),(2555,102554,433,'\0','2018-03-14 02:57:28',NULL),(2556,102555,433,'\0','2018-03-14 02:57:28',NULL),(2557,102556,433,'\0','2018-03-14 02:57:28',NULL),(2558,102557,433,'\0','2018-03-14 02:57:28',NULL),(2559,102558,433,'\0','2018-03-14 02:57:28',NULL),(2560,102559,433,'\0','2018-03-14 02:57:28',NULL),(2561,102560,433,'\0','2018-03-14 02:57:28',NULL),(2562,102561,433,'\0','2018-03-14 02:57:28',NULL),(2563,102562,433,'\0','2018-03-14 02:57:28',NULL),(2564,102563,433,'\0','2018-03-14 02:57:28',NULL),(2565,102564,433,'\0','2018-03-14 02:57:29',NULL),(2566,102565,433,'\0','2018-03-14 02:57:29',NULL),(2567,102566,433,'\0','2018-03-14 02:57:29',NULL),(2568,102567,433,'\0','2018-03-14 02:57:29',NULL),(2569,102568,433,'\0','2018-03-14 02:57:29',NULL),(2570,102569,433,'\0','2018-03-14 02:57:29',NULL),(2571,102570,433,'\0','2018-03-14 02:57:29',NULL),(2572,102571,433,'\0','2018-03-14 02:57:29',NULL),(2573,102572,433,'\0','2018-03-14 02:57:29',NULL),(2574,102573,433,'\0','2018-03-14 02:57:29',NULL),(2575,102574,433,'\0','2018-03-14 02:57:29',NULL),(2576,102575,433,'\0','2018-03-14 02:57:29',NULL),(2577,102576,433,'\0','2018-03-14 02:57:29',NULL),(2578,102577,433,'\0','2018-03-14 02:57:29',NULL),(2579,102578,433,'\0','2018-03-14 02:57:29',NULL),(2580,102579,433,'\0','2018-03-14 02:57:29',NULL),(2581,102580,433,'\0','2018-03-14 02:57:29',NULL),(2582,102581,433,'\0','2018-03-14 02:57:30',NULL),(2583,102582,433,'\0','2018-03-14 02:57:30',NULL),(2584,102583,433,'\0','2018-03-14 02:57:30',NULL),(2585,102584,433,'\0','2018-03-14 02:57:30',NULL),(2586,102585,433,'\0','2018-03-14 02:57:30',NULL),(2587,102586,433,'\0','2018-03-14 02:57:30',NULL),(2588,102587,433,'\0','2018-03-14 02:57:30',NULL),(2589,102588,433,'\0','2018-03-14 02:57:30',NULL),(2590,102589,433,'\0','2018-03-14 02:57:30',NULL),(2591,102590,433,'\0','2018-03-14 02:57:30',NULL),(2592,102591,433,'\0','2018-03-14 02:57:30',NULL),(2593,102592,433,'\0','2018-03-14 02:57:30',NULL),(2594,102593,433,'\0','2018-03-14 02:57:30',NULL),(2595,102594,433,'\0','2018-03-14 02:57:30',NULL),(2596,102595,433,'\0','2018-03-14 02:57:30',NULL),(2597,102596,433,'\0','2018-03-14 02:57:30',NULL),(2598,102597,433,'\0','2018-03-14 02:57:30',NULL),(2599,102598,433,'\0','2018-03-14 02:57:31',NULL),(2600,102599,433,'\0','2018-03-14 02:57:31',NULL),(2601,102600,433,'\0','2018-03-14 02:57:31',NULL),(2602,102601,433,'\0','2018-03-14 02:57:31',NULL),(2603,102602,433,'\0','2018-03-14 02:57:31',NULL),(2604,102603,433,'\0','2018-03-14 02:57:31',NULL),(2605,102604,433,'\0','2018-03-14 02:57:31',NULL),(2606,102605,433,'\0','2018-03-14 02:57:31',NULL),(2607,102606,433,'\0','2018-03-14 02:57:31',NULL),(2608,102607,433,'\0','2018-03-14 02:57:31',NULL),(2609,102608,433,'\0','2018-03-14 02:57:31',NULL),(2610,102609,433,'\0','2018-03-14 02:57:31',NULL),(2611,102610,433,'\0','2018-03-14 02:57:31',NULL),(2612,102611,433,'\0','2018-03-14 02:57:31',NULL),(2613,102612,433,'\0','2018-03-14 02:57:31',NULL),(2614,102613,433,'\0','2018-03-14 02:57:31',NULL),(2615,102614,433,'\0','2018-03-14 02:57:32',NULL),(2616,102615,433,'\0','2018-03-14 02:57:32',NULL),(2617,102616,433,'\0','2018-03-14 02:57:32',NULL),(2618,102617,433,'\0','2018-03-14 02:57:32',NULL),(2619,102618,433,'\0','2018-03-14 02:57:32',NULL),(2620,102619,433,'\0','2018-03-14 02:57:32',NULL),(2621,102620,433,'\0','2018-03-14 02:57:32',NULL),(2622,102621,433,'\0','2018-03-14 02:57:32',NULL),(2623,102622,433,'\0','2018-03-14 02:57:32',NULL),(2624,102623,433,'\0','2018-03-14 02:57:32',NULL),(2625,102624,433,'\0','2018-03-14 02:57:32',NULL),(2626,102625,433,'\0','2018-03-14 02:57:32',NULL),(2627,102626,433,'\0','2018-03-14 02:57:32',NULL),(2628,102627,433,'\0','2018-03-14 02:57:32',NULL),(2629,102628,433,'\0','2018-03-14 02:57:33',NULL),(2630,102629,433,'\0','2018-03-14 02:57:33',NULL),(2631,102630,433,'\0','2018-03-14 02:57:33',NULL),(2632,102631,433,'\0','2018-03-14 02:57:33',NULL),(2633,102632,433,'\0','2018-03-14 02:57:33',NULL),(2634,102633,433,'\0','2018-03-14 02:57:33',NULL),(2635,102634,433,'\0','2018-03-14 02:57:33',NULL),(2636,102635,433,'\0','2018-03-14 02:57:33',NULL),(2637,102636,433,'\0','2018-03-14 02:57:33',NULL),(2638,102637,433,'\0','2018-03-14 02:57:33',NULL),(2639,102638,433,'\0','2018-03-14 02:57:33',NULL),(2640,102639,433,'\0','2018-03-14 02:57:33',NULL),(2641,102640,433,'\0','2018-03-14 02:57:33',NULL),(2642,102641,433,'\0','2018-03-14 02:57:33',NULL),(2643,102642,433,'\0','2018-03-14 02:57:33',NULL),(2644,102643,433,'\0','2018-03-14 02:57:34',NULL),(2645,102644,433,'\0','2018-03-14 02:57:34',NULL),(2646,102645,433,'\0','2018-03-14 02:57:34',NULL),(2647,102646,433,'\0','2018-03-14 02:57:34',NULL),(2648,102647,433,'\0','2018-03-14 02:57:34',NULL),(2649,102648,433,'\0','2018-03-14 02:57:34',NULL),(2650,102649,433,'\0','2018-03-14 02:57:34',NULL),(2651,102650,433,'\0','2018-03-14 02:57:34',NULL),(2652,102651,433,'\0','2018-03-14 02:57:34',NULL),(2653,102652,433,'\0','2018-03-14 02:57:34',NULL),(2654,102653,433,'\0','2018-03-14 02:57:34',NULL),(2655,102654,433,'\0','2018-03-14 02:57:34',NULL),(2656,102655,433,'\0','2018-03-14 02:57:34',NULL),(2657,102656,433,'\0','2018-03-14 02:57:34',NULL),(2658,102657,433,'\0','2018-03-14 02:57:34',NULL),(2659,102658,433,'\0','2018-03-14 02:57:34',NULL),(2660,102659,433,'\0','2018-03-14 02:57:35',NULL),(2661,102660,433,'\0','2018-03-14 02:57:35',NULL),(2662,102661,433,'\0','2018-03-14 02:57:35',NULL),(2663,102662,433,'\0','2018-03-14 02:57:35',NULL),(2664,102663,433,'\0','2018-03-14 02:57:35',NULL),(2665,102664,433,'\0','2018-03-14 02:57:35',NULL),(2666,102665,433,'\0','2018-03-14 02:57:35',NULL),(2667,102666,433,'\0','2018-03-14 02:57:35',NULL),(2668,102667,433,'\0','2018-03-14 02:57:35',NULL),(2669,102668,433,'\0','2018-03-14 02:57:35',NULL),(2670,102669,433,'\0','2018-03-14 02:57:35',NULL),(2671,102670,433,'\0','2018-03-14 02:57:35',NULL),(2672,102671,433,'\0','2018-03-14 02:57:35',NULL),(2673,102672,433,'\0','2018-03-14 02:57:35',NULL),(2674,102673,433,'\0','2018-03-14 02:57:35',NULL),(2675,102674,433,'\0','2018-03-14 02:57:35',NULL),(2676,102675,433,'\0','2018-03-14 02:57:36',NULL),(2677,102676,433,'\0','2018-03-14 02:57:36',NULL),(2678,102677,433,'\0','2018-03-14 02:57:36',NULL),(2679,102678,433,'\0','2018-03-14 02:57:36',NULL),(2680,102679,433,'\0','2018-03-14 02:57:36',NULL),(2681,102680,433,'\0','2018-03-14 02:57:36',NULL),(2682,102681,433,'\0','2018-03-14 02:57:36',NULL),(2683,102682,433,'\0','2018-03-14 02:57:36',NULL),(2684,102683,433,'\0','2018-03-14 02:57:36',NULL),(2685,102684,433,'\0','2018-03-14 02:57:36',NULL),(2686,102685,433,'\0','2018-03-14 02:57:36',NULL),(2687,102686,433,'\0','2018-03-14 02:57:36',NULL),(2688,102687,433,'\0','2018-03-14 02:57:36',NULL),(2689,102688,433,'\0','2018-03-14 02:57:36',NULL),(2690,102689,433,'\0','2018-03-14 02:57:36',NULL),(2691,102690,433,'\0','2018-03-14 02:57:36',NULL),(2692,102691,433,'\0','2018-03-14 02:57:37',NULL),(2693,102692,433,'\0','2018-03-14 02:57:37',NULL),(2694,102693,433,'\0','2018-03-14 02:57:37',NULL),(2695,102694,433,'\0','2018-03-14 02:57:37',NULL),(2696,102695,433,'\0','2018-03-14 02:57:37',NULL),(2697,102696,433,'\0','2018-03-14 02:57:37',NULL),(2698,102697,433,'\0','2018-03-14 02:57:37',NULL),(2699,102698,433,'\0','2018-03-14 02:57:37',NULL),(2700,102699,433,'\0','2018-03-14 02:57:37',NULL),(2701,102700,433,'\0','2018-03-14 02:57:37',NULL),(2702,102701,433,'\0','2018-03-14 02:57:37',NULL),(2703,102702,433,'\0','2018-03-14 02:57:37',NULL),(2704,102703,433,'\0','2018-03-14 02:57:37',NULL),(2705,102704,433,'\0','2018-03-14 02:57:37',NULL),(2706,102705,433,'\0','2018-03-14 02:57:38',NULL),(2707,102706,433,'\0','2018-03-14 02:57:38',NULL),(2708,102707,433,'\0','2018-03-14 02:57:38',NULL),(2709,102708,433,'\0','2018-03-14 02:57:38',NULL),(2710,102709,433,'\0','2018-03-14 02:57:38',NULL),(2711,102710,433,'\0','2018-03-14 02:57:38',NULL),(2712,102711,433,'\0','2018-03-14 02:57:38',NULL),(2713,102712,433,'\0','2018-03-14 02:57:38',NULL),(2714,102713,433,'\0','2018-03-14 02:57:38',NULL),(2715,102714,433,'\0','2018-03-14 02:57:38',NULL),(2716,102715,433,'\0','2018-03-14 02:57:38',NULL),(2717,102716,433,'\0','2018-03-14 02:57:39',NULL),(2718,102717,433,'\0','2018-03-14 02:57:39',NULL),(2719,102718,433,'\0','2018-03-14 02:57:39',NULL),(2720,102719,433,'\0','2018-03-14 02:57:39',NULL),(2721,102720,433,'\0','2018-03-14 02:57:39',NULL),(2722,102721,433,'\0','2018-03-14 02:57:39',NULL),(2723,102722,433,'\0','2018-03-14 02:57:39',NULL),(2724,102723,433,'\0','2018-03-14 02:57:39',NULL),(2725,102724,433,'\0','2018-03-14 02:57:39',NULL),(2726,102725,433,'\0','2018-03-14 02:57:39',NULL),(2727,102726,433,'\0','2018-03-14 02:57:39',NULL),(2728,102727,433,'\0','2018-03-14 02:57:39',NULL),(2729,102728,433,'\0','2018-03-14 02:57:39',NULL),(2730,102729,433,'\0','2018-03-14 02:57:39',NULL),(2731,102730,433,'\0','2018-03-14 02:57:40',NULL),(2732,102731,433,'\0','2018-03-14 02:57:40',NULL),(2733,102732,433,'\0','2018-03-14 02:57:40',NULL),(2734,102733,433,'\0','2018-03-14 02:57:40',NULL),(2735,102734,433,'\0','2018-03-14 02:57:40',NULL),(2736,102735,433,'\0','2018-03-14 02:57:40',NULL),(2737,102736,433,'\0','2018-03-14 02:57:40',NULL),(2738,102737,433,'\0','2018-03-14 02:57:40',NULL),(2739,102738,433,'\0','2018-03-14 02:57:40',NULL),(2740,102739,433,'\0','2018-03-14 02:57:40',NULL),(2741,102740,433,'\0','2018-03-14 02:57:40',NULL),(2742,102741,433,'\0','2018-03-14 02:57:40',NULL),(2743,102742,433,'\0','2018-03-14 02:57:40',NULL),(2744,102743,433,'\0','2018-03-14 02:57:40',NULL),(2745,102744,433,'\0','2018-03-14 02:57:40',NULL),(2746,102745,433,'\0','2018-03-14 02:57:40',NULL),(2747,102746,433,'\0','2018-03-14 02:57:40',NULL),(2748,102747,433,'\0','2018-03-14 02:57:41',NULL),(2749,102748,433,'\0','2018-03-14 02:57:41',NULL),(2750,102749,433,'\0','2018-03-14 02:57:41',NULL),(2751,102750,433,'\0','2018-03-14 02:57:41',NULL),(2752,102751,433,'\0','2018-03-14 02:57:41',NULL),(2753,102752,433,'\0','2018-03-14 02:57:41',NULL),(2754,102753,433,'\0','2018-03-14 02:57:41',NULL),(2755,102754,433,'\0','2018-03-14 02:57:41',NULL),(2756,102755,433,'\0','2018-03-14 02:57:41',NULL),(2757,102756,433,'\0','2018-03-14 02:57:41',NULL),(2758,102757,433,'\0','2018-03-14 02:57:41',NULL),(2759,102758,433,'\0','2018-03-14 02:57:41',NULL),(2760,102759,433,'\0','2018-03-14 02:57:41',NULL),(2761,102760,433,'\0','2018-03-14 02:57:41',NULL),(2762,102761,433,'\0','2018-03-14 02:57:41',NULL),(2763,102762,433,'\0','2018-03-14 02:57:41',NULL),(2764,102763,433,'\0','2018-03-14 02:57:42',NULL),(2765,102764,433,'\0','2018-03-14 02:57:42',NULL),(2766,102765,433,'\0','2018-03-14 02:57:42',NULL),(2767,102766,433,'\0','2018-03-14 02:57:42',NULL),(2768,102767,433,'\0','2018-03-14 02:57:42',NULL),(2769,102768,433,'\0','2018-03-14 02:57:42',NULL),(2770,102769,433,'\0','2018-03-14 02:57:42',NULL),(2771,102770,433,'\0','2018-03-14 02:57:42',NULL),(2772,102771,433,'\0','2018-03-14 02:57:42',NULL),(2773,102772,433,'\0','2018-03-14 02:57:42',NULL),(2774,102773,433,'\0','2018-03-14 02:57:42',NULL),(2775,102774,433,'\0','2018-03-14 02:57:42',NULL),(2776,102775,433,'\0','2018-03-14 02:57:42',NULL),(2777,102776,433,'\0','2018-03-14 02:57:42',NULL),(2778,102777,433,'\0','2018-03-14 02:57:42',NULL),(2779,102778,433,'\0','2018-03-14 02:57:42',NULL),(2780,102779,433,'\0','2018-03-14 02:57:42',NULL),(2781,102780,433,'\0','2018-03-14 02:57:43',NULL),(2782,102781,433,'\0','2018-03-14 02:57:43',NULL),(2783,102782,433,'\0','2018-03-14 02:57:43',NULL),(2784,102783,433,'\0','2018-03-14 02:57:43',NULL),(2785,102784,433,'\0','2018-03-14 02:57:43',NULL),(2786,102785,433,'\0','2018-03-14 02:57:43',NULL),(2787,102786,433,'\0','2018-03-14 02:57:43',NULL),(2788,102787,433,'\0','2018-03-14 02:57:43',NULL),(2789,102788,433,'\0','2018-03-14 02:57:43',NULL),(2790,102789,433,'\0','2018-03-14 02:57:43',NULL),(2791,102790,433,'\0','2018-03-14 02:57:43',NULL),(2792,102791,433,'\0','2018-03-14 02:57:43',NULL),(2793,102792,433,'\0','2018-03-14 02:57:43',NULL),(2794,102793,433,'\0','2018-03-14 02:57:43',NULL),(2795,102794,433,'\0','2018-03-14 02:57:43',NULL),(2796,102795,433,'\0','2018-03-14 02:57:43',NULL),(2797,102796,433,'\0','2018-03-14 02:57:44',NULL),(2798,102797,433,'\0','2018-03-14 02:57:44',NULL),(2799,102798,433,'\0','2018-03-14 02:57:44',NULL),(2800,102799,433,'\0','2018-03-14 02:57:44',NULL),(2801,102800,433,'\0','2018-03-14 02:57:44',NULL),(2802,102801,433,'\0','2018-03-14 02:57:44',NULL),(2803,102802,433,'\0','2018-03-14 02:57:44',NULL),(2804,102803,433,'\0','2018-03-14 02:57:44',NULL),(2805,102804,433,'\0','2018-03-14 02:57:44',NULL),(2806,102805,433,'\0','2018-03-14 02:57:44',NULL),(2807,102806,433,'\0','2018-03-14 02:57:44',NULL),(2808,102807,433,'\0','2018-03-14 02:57:44',NULL),(2809,102808,433,'\0','2018-03-14 02:57:44',NULL),(2810,102809,433,'\0','2018-03-14 02:57:44',NULL),(2811,102810,433,'\0','2018-03-14 02:57:44',NULL),(2812,102811,433,'\0','2018-03-14 02:57:45',NULL),(2813,102812,433,'\0','2018-03-14 02:57:45',NULL),(2814,102813,433,'\0','2018-03-14 02:57:45',NULL),(2815,102814,433,'\0','2018-03-14 02:57:45',NULL),(2816,102815,433,'\0','2018-03-14 02:57:45',NULL),(2817,102816,433,'\0','2018-03-14 02:57:45',NULL),(2818,102817,433,'\0','2018-03-14 02:57:45',NULL),(2819,102818,433,'\0','2018-03-14 02:57:45',NULL),(2820,102819,433,'\0','2018-03-14 02:57:45',NULL),(2821,102820,433,'\0','2018-03-14 02:57:45',NULL),(2822,102821,433,'\0','2018-03-14 02:57:45',NULL),(2823,102822,433,'\0','2018-03-14 02:57:45',NULL),(2824,102823,433,'\0','2018-03-14 02:57:45',NULL),(2825,102824,433,'\0','2018-03-14 02:57:45',NULL),(2826,102825,433,'\0','2018-03-14 02:57:45',NULL),(2827,102826,433,'\0','2018-03-14 02:57:46',NULL),(2828,102827,433,'\0','2018-03-14 02:57:46',NULL),(2829,102828,433,'\0','2018-03-14 02:57:46',NULL),(2830,102829,433,'\0','2018-03-14 02:57:46',NULL),(2831,102830,433,'\0','2018-03-14 02:57:46',NULL),(2832,102831,433,'\0','2018-03-14 02:57:46',NULL),(2833,102832,433,'\0','2018-03-14 02:57:46',NULL),(2834,102833,433,'\0','2018-03-14 02:57:46',NULL),(2835,102834,433,'\0','2018-03-14 02:57:46',NULL),(2836,102835,433,'\0','2018-03-14 02:57:46',NULL),(2837,102836,433,'\0','2018-03-14 02:57:46',NULL),(2838,102837,433,'\0','2018-03-14 02:57:46',NULL),(2839,102838,433,'\0','2018-03-14 02:57:46',NULL),(2840,102839,433,'\0','2018-03-14 02:57:46',NULL),(2841,102840,433,'\0','2018-03-14 02:57:46',NULL),(2842,102841,433,'\0','2018-03-14 02:57:46',NULL),(2843,102842,433,'\0','2018-03-14 02:57:46',NULL),(2844,102843,433,'\0','2018-03-14 02:57:47',NULL),(2845,102844,433,'\0','2018-03-14 02:57:47',NULL),(2846,102845,433,'\0','2018-03-14 02:57:47',NULL),(2847,102846,433,'\0','2018-03-14 02:57:47',NULL),(2848,102847,433,'\0','2018-03-14 02:57:47',NULL),(2849,102848,433,'\0','2018-03-14 02:57:47',NULL),(2850,102849,433,'\0','2018-03-14 02:57:47',NULL),(2851,102850,433,'\0','2018-03-14 02:57:47',NULL),(2852,102851,433,'\0','2018-03-14 02:57:47',NULL),(2853,102852,433,'\0','2018-03-14 02:57:47',NULL),(2854,102853,433,'\0','2018-03-14 02:57:47',NULL),(2855,102854,433,'\0','2018-03-14 02:57:48',NULL),(2856,102855,433,'\0','2018-03-14 02:57:48',NULL),(2857,102856,433,'\0','2018-03-14 02:57:48',NULL),(2858,102857,433,'\0','2018-03-14 02:57:48',NULL),(2859,102858,433,'\0','2018-03-14 02:57:48',NULL),(2860,102859,433,'\0','2018-03-14 02:57:48',NULL),(2861,102860,433,'\0','2018-03-14 02:57:48',NULL),(2862,102861,433,'\0','2018-03-14 02:57:48',NULL),(2863,102862,433,'\0','2018-03-14 02:57:48',NULL),(2864,102863,433,'\0','2018-03-14 02:57:48',NULL),(2865,102864,433,'\0','2018-03-14 02:57:48',NULL),(2866,102865,433,'\0','2018-03-14 02:57:48',NULL),(2867,102866,433,'\0','2018-03-14 02:57:48',NULL),(2868,102867,433,'\0','2018-03-14 02:57:48',NULL),(2869,102868,433,'\0','2018-03-14 02:57:48',NULL),(2870,102869,433,'\0','2018-03-14 02:57:48',NULL),(2871,102870,433,'\0','2018-03-14 02:57:48',NULL),(2872,102871,433,'\0','2018-03-14 02:57:49',NULL),(2873,102872,433,'\0','2018-03-14 02:57:49',NULL),(2874,102873,433,'\0','2018-03-14 02:57:49',NULL),(2875,102874,433,'\0','2018-03-14 02:57:49',NULL),(2876,102875,433,'\0','2018-03-14 02:57:49',NULL),(2877,102876,433,'\0','2018-03-14 02:57:49',NULL),(2878,102877,433,'\0','2018-03-14 02:57:49',NULL),(2879,102878,433,'\0','2018-03-14 02:57:49',NULL),(2880,102879,433,'\0','2018-03-14 02:57:49',NULL),(2881,102880,433,'\0','2018-03-14 02:57:49',NULL),(2882,102881,433,'\0','2018-03-14 02:57:49',NULL),(2883,102882,433,'\0','2018-03-14 02:57:49',NULL),(2884,102883,433,'\0','2018-03-14 02:57:49',NULL),(2885,102884,433,'\0','2018-03-14 02:57:49',NULL),(2886,102885,433,'\0','2018-03-14 02:57:49',NULL),(2887,102886,433,'\0','2018-03-14 02:57:49',NULL),(2888,102887,433,'\0','2018-03-14 02:57:49',NULL),(2889,102888,433,'\0','2018-03-14 02:57:49',NULL),(2890,102889,433,'\0','2018-03-14 02:57:49',NULL),(2891,102890,433,'\0','2018-03-14 02:57:49',NULL),(2892,102891,433,'\0','2018-03-14 02:57:49',NULL),(2893,102892,433,'\0','2018-03-14 02:57:49',NULL),(2894,102893,433,'\0','2018-03-14 02:57:50',NULL),(2895,102894,433,'\0','2018-03-14 02:57:50',NULL),(2896,102895,433,'\0','2018-03-14 02:57:50',NULL),(2897,102896,433,'\0','2018-03-14 02:57:50',NULL),(2898,102897,433,'\0','2018-03-14 02:57:50',NULL),(2899,102898,433,'\0','2018-03-14 02:57:50',NULL),(2900,102899,433,'\0','2018-03-14 02:57:50',NULL),(2901,102900,433,'\0','2018-03-14 02:57:50',NULL),(2902,102901,433,'\0','2018-03-14 02:57:50',NULL),(2903,102902,433,'\0','2018-03-14 02:57:50',NULL),(2904,102903,433,'\0','2018-03-14 02:57:50',NULL),(2905,102904,433,'\0','2018-03-14 02:57:50',NULL),(2906,102905,433,'\0','2018-03-14 02:57:50',NULL),(2907,102906,433,'\0','2018-03-14 02:57:50',NULL),(2908,102907,433,'\0','2018-03-14 02:57:50',NULL),(2909,102908,433,'\0','2018-03-14 02:57:51',NULL),(2910,102909,433,'\0','2018-03-14 02:57:51',NULL),(2911,102910,433,'\0','2018-03-14 02:57:51',NULL),(2912,102911,433,'\0','2018-03-14 02:57:51',NULL),(2913,102912,433,'\0','2018-03-14 02:57:51',NULL),(2914,102913,433,'\0','2018-03-14 02:57:51',NULL),(2915,102914,433,'\0','2018-03-14 02:57:51',NULL),(2916,102915,433,'\0','2018-03-14 02:57:51',NULL),(2917,102916,433,'\0','2018-03-14 02:57:51',NULL),(2918,102917,433,'\0','2018-03-14 02:57:51',NULL),(2919,102918,433,'\0','2018-03-14 02:57:51',NULL),(2920,102919,433,'\0','2018-03-14 02:57:51',NULL),(2921,102920,433,'\0','2018-03-14 02:57:51',NULL),(2922,102921,433,'\0','2018-03-14 02:57:51',NULL),(2923,102922,433,'\0','2018-03-14 02:57:51',NULL),(2924,102923,433,'\0','2018-03-14 02:57:51',NULL),(2925,102924,433,'\0','2018-03-14 02:57:51',NULL),(2926,102925,433,'\0','2018-03-14 02:57:52',NULL),(2927,102926,433,'\0','2018-03-14 02:57:52',NULL),(2928,102927,433,'\0','2018-03-14 02:57:52',NULL),(2929,102928,433,'\0','2018-03-14 02:57:52',NULL),(2930,102929,433,'\0','2018-03-14 02:57:52',NULL),(2931,102930,433,'\0','2018-03-14 02:57:52',NULL),(2932,102931,433,'\0','2018-03-14 02:57:52',NULL),(2933,102932,433,'\0','2018-03-14 02:57:52',NULL),(2934,102933,433,'\0','2018-03-14 02:57:52',NULL),(2935,102934,433,'\0','2018-03-14 02:57:52',NULL),(2936,102935,433,'\0','2018-03-14 02:57:52',NULL),(2937,102936,433,'\0','2018-03-14 02:57:52',NULL),(2938,102937,433,'\0','2018-03-14 02:57:52',NULL),(2939,102938,433,'\0','2018-03-14 02:57:52',NULL),(2940,102939,433,'\0','2018-03-14 02:57:52',NULL),(2941,102940,433,'\0','2018-03-14 02:57:52',NULL),(2942,102941,433,'\0','2018-03-14 02:57:52',NULL),(2943,102942,433,'\0','2018-03-14 02:57:53',NULL),(2944,102943,433,'\0','2018-03-14 02:57:53',NULL),(2945,102944,433,'\0','2018-03-14 02:57:53',NULL),(2946,102945,433,'\0','2018-03-14 02:57:53',NULL),(2947,102946,433,'\0','2018-03-14 02:57:53',NULL),(2948,102947,433,'\0','2018-03-14 02:57:53',NULL),(2949,102948,433,'\0','2018-03-14 02:57:53',NULL),(2950,102949,433,'\0','2018-03-14 02:57:53',NULL),(2951,102950,433,'\0','2018-03-14 02:57:53',NULL),(2952,102951,433,'\0','2018-03-14 02:57:53',NULL),(2953,102952,433,'\0','2018-03-14 02:57:53',NULL),(2954,102953,433,'\0','2018-03-14 02:57:53',NULL),(2955,102954,433,'\0','2018-03-14 02:57:53',NULL),(2956,102955,433,'\0','2018-03-14 02:57:53',NULL),(2957,102956,433,'\0','2018-03-14 02:57:54',NULL),(2958,102957,433,'\0','2018-03-14 02:57:54',NULL),(2959,102958,433,'\0','2018-03-14 02:57:54',NULL),(2960,102959,433,'\0','2018-03-14 02:57:54',NULL),(2961,102960,433,'\0','2018-03-14 02:57:54',NULL),(2962,102961,433,'\0','2018-03-14 02:57:54',NULL),(2963,102962,433,'\0','2018-03-14 02:57:54',NULL),(2964,102963,433,'\0','2018-03-14 02:57:54',NULL),(2965,102964,433,'\0','2018-03-14 02:57:54',NULL),(2966,102965,433,'\0','2018-03-14 02:57:54',NULL),(2967,102966,433,'\0','2018-03-14 02:57:54',NULL),(2968,102967,433,'\0','2018-03-14 02:57:54',NULL),(2969,102968,433,'\0','2018-03-14 02:57:54',NULL),(2970,102969,433,'\0','2018-03-14 02:57:54',NULL),(2971,102970,433,'\0','2018-03-14 02:57:54',NULL),(2972,102971,433,'\0','2018-03-14 02:57:54',NULL),(2973,102972,433,'\0','2018-03-14 02:57:55',NULL),(2974,102973,433,'\0','2018-03-14 02:57:55',NULL),(2975,102974,433,'\0','2018-03-14 02:57:55',NULL),(2976,102975,433,'\0','2018-03-14 02:57:55',NULL),(2977,102976,433,'\0','2018-03-14 02:57:55',NULL),(2978,102977,433,'\0','2018-03-14 02:57:55',NULL),(2979,102978,433,'\0','2018-03-14 02:57:55',NULL),(2980,102979,433,'\0','2018-03-14 02:57:55',NULL),(2981,102980,433,'\0','2018-03-14 02:57:55',NULL),(2982,102981,433,'\0','2018-03-14 02:57:55',NULL),(2983,102982,433,'\0','2018-03-14 02:57:55',NULL),(2984,102983,433,'\0','2018-03-14 02:57:55',NULL),(2985,102984,433,'\0','2018-03-14 02:57:56',NULL),(2986,102985,433,'\0','2018-03-14 02:57:56',NULL),(2987,102986,433,'\0','2018-03-14 02:57:56',NULL),(2988,102987,433,'\0','2018-03-14 02:57:56',NULL),(2989,102988,433,'\0','2018-03-14 02:57:56',NULL),(2990,102989,433,'\0','2018-03-14 02:57:56',NULL),(2991,102990,433,'\0','2018-03-14 02:57:56',NULL),(2992,102991,433,'\0','2018-03-14 02:57:56',NULL),(2993,102992,433,'\0','2018-03-14 02:57:56',NULL),(2994,102993,433,'\0','2018-03-14 02:57:56',NULL),(2995,102994,433,'\0','2018-03-14 02:57:56',NULL),(2996,102995,433,'\0','2018-03-14 02:57:56',NULL),(2997,102996,433,'\0','2018-03-14 02:57:56',NULL),(2998,102997,433,'\0','2018-03-14 02:57:56',NULL),(2999,102998,433,'\0','2018-03-14 02:57:56',NULL),(3000,102999,433,'\0','2018-03-14 02:57:57',NULL),(3001,103000,433,'\0','2018-03-14 02:57:57',NULL),(3002,103001,433,'\0','2018-03-14 02:57:57',NULL),(3003,103002,433,'\0','2018-03-14 02:57:57',NULL),(3004,103003,433,'\0','2018-03-14 02:57:57',NULL),(3005,103004,433,'\0','2018-03-14 02:57:57',NULL),(3006,103005,433,'\0','2018-03-14 02:57:57',NULL),(3007,103006,433,'\0','2018-03-14 02:57:57',NULL),(3008,103007,433,'\0','2018-03-14 02:57:57',NULL),(3009,103008,433,'\0','2018-03-14 02:57:57',NULL),(3010,103009,433,'\0','2018-03-14 02:57:57',NULL),(3011,103010,433,'\0','2018-03-14 02:57:57',NULL),(3012,103011,433,'\0','2018-03-14 02:57:58',NULL),(3013,103012,433,'\0','2018-03-14 02:57:58',NULL),(3014,103013,433,'\0','2018-03-14 02:57:58',NULL),(3015,103014,433,'\0','2018-03-14 02:57:58',NULL),(3016,103015,433,'\0','2018-03-14 02:57:58',NULL),(3017,103016,433,'\0','2018-03-14 02:57:58',NULL),(3018,103017,433,'\0','2018-03-14 02:57:58',NULL),(3019,103018,433,'\0','2018-03-14 02:57:58',NULL),(3020,103019,433,'\0','2018-03-14 02:57:58',NULL),(3021,103020,433,'\0','2018-03-14 02:57:58',NULL),(3022,103021,433,'\0','2018-03-14 02:57:58',NULL),(3023,103022,433,'\0','2018-03-14 02:57:58',NULL),(3024,103023,433,'\0','2018-03-14 02:57:58',NULL),(3025,103024,433,'\0','2018-03-14 02:57:59',NULL),(3026,103025,433,'\0','2018-03-14 02:57:59',NULL),(3027,103026,433,'\0','2018-03-14 02:57:59',NULL),(3028,103027,433,'\0','2018-03-14 02:57:59',NULL),(3029,103028,433,'\0','2018-03-14 02:57:59',NULL),(3030,103029,433,'\0','2018-03-14 02:57:59',NULL),(3031,103030,433,'\0','2018-03-14 02:57:59',NULL),(3032,103031,433,'\0','2018-03-14 02:58:00',NULL),(3033,103032,433,'\0','2018-03-14 02:58:00',NULL),(3034,103033,433,'\0','2018-03-14 02:58:00',NULL),(3035,103034,433,'\0','2018-03-14 02:58:00',NULL),(3036,103035,433,'\0','2018-03-14 02:58:00',NULL),(3037,103036,433,'\0','2018-03-14 02:58:00',NULL),(3038,103037,433,'\0','2018-03-14 02:58:00',NULL),(3039,103038,433,'\0','2018-03-14 02:58:00',NULL),(3040,103039,433,'\0','2018-03-14 02:58:01',NULL),(3041,103040,433,'\0','2018-03-14 02:58:01',NULL),(3042,103041,433,'\0','2018-03-14 02:58:01',NULL),(3043,103042,433,'\0','2018-03-14 02:58:01',NULL),(3044,103043,433,'\0','2018-03-14 02:58:01',NULL),(3045,103044,433,'\0','2018-03-14 02:58:01',NULL),(3046,103045,433,'\0','2018-03-14 02:58:01',NULL),(3047,103046,433,'\0','2018-03-14 02:58:01',NULL),(3048,103047,433,'\0','2018-03-14 02:58:02',NULL),(3049,103048,433,'\0','2018-03-14 02:58:02',NULL),(3050,103049,433,'\0','2018-03-14 02:58:02',NULL),(3051,103050,433,'\0','2018-03-14 02:58:02',NULL),(3052,103051,433,'\0','2018-03-14 02:58:02',NULL),(3053,103052,433,'\0','2018-03-14 02:58:02',NULL),(3054,103053,433,'\0','2018-03-14 02:58:02',NULL),(3055,103054,433,'\0','2018-03-14 02:58:03',NULL),(3056,103055,433,'\0','2018-03-14 02:58:03',NULL),(3057,103056,433,'\0','2018-03-14 02:58:03',NULL),(3058,103057,433,'\0','2018-03-14 02:58:03',NULL),(3059,103058,433,'\0','2018-03-14 02:58:03',NULL),(3060,103059,433,'\0','2018-03-14 02:58:03',NULL),(3061,103060,433,'\0','2018-03-14 02:58:03',NULL),(3062,103061,433,'\0','2018-03-14 02:58:03',NULL),(3063,103062,433,'\0','2018-03-14 02:58:03',NULL),(3064,103063,433,'\0','2018-03-14 02:58:03',NULL),(3065,103064,433,'\0','2018-03-14 02:58:03',NULL),(3066,103065,433,'\0','2018-03-14 02:58:04',NULL),(3067,103066,433,'\0','2018-03-14 02:58:04',NULL),(3068,103067,433,'\0','2018-03-14 02:58:04',NULL),(3069,103068,433,'\0','2018-03-14 02:58:04',NULL),(3070,103069,433,'\0','2018-03-14 02:58:04',NULL),(3071,103070,433,'\0','2018-03-14 02:58:04',NULL),(3072,103071,433,'\0','2018-03-14 02:58:04',NULL),(3073,103072,433,'\0','2018-03-14 02:58:04',NULL),(3074,103073,433,'\0','2018-03-14 02:58:04',NULL),(3075,103074,433,'\0','2018-03-14 02:58:05',NULL),(3076,103075,433,'\0','2018-03-14 02:58:05',NULL),(3077,103076,433,'\0','2018-03-14 02:58:05',NULL),(3078,103077,433,'\0','2018-03-14 02:58:05',NULL),(3079,103078,433,'\0','2018-03-14 02:58:05',NULL),(3080,103079,433,'\0','2018-03-14 02:58:05',NULL),(3081,103080,433,'\0','2018-03-14 02:58:05',NULL),(3082,103081,433,'\0','2018-03-14 02:58:05',NULL),(3083,103082,433,'\0','2018-03-14 02:58:05',NULL),(3084,103083,433,'\0','2018-03-14 02:58:05',NULL),(3085,103084,433,'\0','2018-03-14 02:58:05',NULL),(3086,103085,433,'\0','2018-03-14 02:58:05',NULL),(3087,103086,433,'\0','2018-03-14 02:58:05',NULL),(3088,103087,433,'\0','2018-03-14 02:58:05',NULL),(3089,103088,433,'\0','2018-03-14 02:58:05',NULL),(3090,103089,433,'\0','2018-03-14 02:58:06',NULL),(3091,103090,433,'\0','2018-03-14 02:58:06',NULL),(3092,103091,433,'\0','2018-03-14 02:58:06',NULL),(3093,103092,433,'\0','2018-03-14 02:58:06',NULL),(3094,103093,433,'\0','2018-03-14 02:58:06',NULL),(3095,103094,433,'\0','2018-03-14 02:58:06',NULL),(3096,103095,433,'\0','2018-03-14 02:58:06',NULL),(3097,103096,433,'\0','2018-03-14 02:58:06',NULL),(3098,103097,433,'\0','2018-03-14 02:58:06',NULL),(3099,103098,433,'\0','2018-03-14 02:58:06',NULL),(3100,103099,433,'\0','2018-03-14 02:58:06',NULL),(3101,103100,433,'\0','2018-03-14 02:58:06',NULL),(3102,103101,433,'\0','2018-03-14 02:58:06',NULL),(3103,103102,433,'\0','2018-03-14 02:58:06',NULL),(3104,103103,433,'\0','2018-03-14 02:58:07',NULL),(3105,103104,433,'\0','2018-03-14 02:58:07',NULL),(3106,103105,433,'\0','2018-03-14 02:58:07',NULL),(3107,103106,433,'\0','2018-03-14 02:58:07',NULL),(3108,103107,433,'\0','2018-03-14 02:58:07',NULL),(3109,103108,433,'\0','2018-03-14 02:58:07',NULL),(3110,103109,433,'\0','2018-03-14 02:58:07',NULL),(3111,103110,433,'\0','2018-03-14 02:58:07',NULL),(3112,103111,433,'\0','2018-03-14 02:58:07',NULL),(3113,103112,433,'\0','2018-03-14 02:58:07',NULL),(3114,103113,433,'\0','2018-03-14 02:58:07',NULL),(3115,103114,433,'\0','2018-03-14 02:58:07',NULL),(3116,103115,433,'\0','2018-03-14 02:58:07',NULL),(3117,103116,433,'\0','2018-03-14 02:58:07',NULL),(3118,103117,433,'\0','2018-03-14 02:58:07',NULL),(3119,103118,433,'\0','2018-03-14 02:58:07',NULL),(3120,103119,433,'\0','2018-03-14 02:58:07',NULL),(3121,103120,433,'\0','2018-03-14 02:58:07',NULL),(3122,103121,433,'\0','2018-03-14 02:58:08',NULL),(3123,103122,433,'\0','2018-03-14 02:58:08',NULL),(3124,103123,433,'\0','2018-03-14 02:58:08',NULL),(3125,103124,433,'\0','2018-03-14 02:58:08',NULL),(3126,103125,433,'\0','2018-03-14 02:58:08',NULL),(3127,103126,433,'\0','2018-03-14 02:58:08',NULL),(3128,103127,433,'\0','2018-03-14 02:58:08',NULL),(3129,103128,433,'\0','2018-03-14 02:58:08',NULL),(3130,103129,433,'\0','2018-03-14 02:58:08',NULL),(3131,103130,433,'\0','2018-03-14 02:58:08',NULL),(3132,103131,433,'\0','2018-03-14 02:58:08',NULL),(3133,103132,433,'\0','2018-03-14 02:58:08',NULL),(3134,103133,433,'\0','2018-03-14 02:58:08',NULL),(3135,103134,433,'\0','2018-03-14 02:58:08',NULL),(3136,103135,433,'\0','2018-03-14 02:58:08',NULL),(3137,103136,433,'\0','2018-03-14 02:58:08',NULL),(3138,103137,433,'\0','2018-03-14 02:58:08',NULL),(3139,103138,433,'\0','2018-03-14 02:58:08',NULL),(3140,103139,433,'\0','2018-03-14 02:58:09',NULL),(3141,103140,433,'\0','2018-03-14 02:58:09',NULL),(3142,103141,433,'\0','2018-03-14 02:58:09',NULL),(3143,103142,433,'\0','2018-03-14 02:58:09',NULL),(3144,103143,433,'\0','2018-03-14 02:58:09',NULL),(3145,103144,433,'\0','2018-03-14 02:58:09',NULL),(3146,103145,433,'\0','2018-03-14 02:58:09',NULL),(3147,103146,433,'\0','2018-03-14 02:58:09',NULL),(3148,103147,433,'\0','2018-03-14 02:58:09',NULL),(3149,103148,433,'\0','2018-03-14 02:58:09',NULL),(3150,103149,433,'\0','2018-03-14 02:58:09',NULL),(3151,103150,433,'\0','2018-03-14 02:58:09',NULL),(3152,103151,433,'\0','2018-03-14 02:58:09',NULL),(3153,103152,433,'\0','2018-03-14 02:58:09',NULL),(3154,103153,433,'\0','2018-03-14 02:58:10',NULL),(3155,103154,433,'\0','2018-03-14 02:58:10',NULL),(3156,103155,433,'\0','2018-03-14 02:58:10',NULL),(3157,103156,433,'\0','2018-03-14 02:58:10',NULL),(3158,103157,433,'\0','2018-03-14 02:58:10',NULL),(3159,103158,433,'\0','2018-03-14 02:58:10',NULL),(3160,103159,433,'\0','2018-03-14 02:58:10',NULL),(3161,103160,433,'\0','2018-03-14 02:58:10',NULL),(3162,103161,433,'\0','2018-03-14 02:58:10',NULL),(3163,103162,433,'\0','2018-03-14 02:58:10',NULL),(3164,103163,433,'\0','2018-03-14 02:58:11',NULL),(3165,103164,433,'\0','2018-03-14 02:58:11',NULL),(3166,103165,433,'\0','2018-03-14 02:58:11',NULL),(3167,103166,433,'\0','2018-03-14 02:58:11',NULL),(3168,103167,433,'\0','2018-03-14 02:58:11',NULL),(3169,103168,433,'\0','2018-03-14 02:58:11',NULL),(3170,103169,433,'\0','2018-03-14 02:58:11',NULL),(3171,103170,433,'\0','2018-03-14 02:58:11',NULL),(3172,103171,433,'\0','2018-03-14 02:58:11',NULL),(3173,103172,433,'\0','2018-03-14 02:58:11',NULL),(3174,103173,433,'\0','2018-03-14 02:58:12',NULL),(3175,103174,433,'\0','2018-03-14 02:58:12',NULL),(3176,103175,433,'\0','2018-03-14 02:58:12',NULL),(3177,103176,433,'\0','2018-03-14 02:58:12',NULL),(3178,103177,433,'\0','2018-03-14 02:58:12',NULL),(3179,103178,433,'\0','2018-03-14 02:58:12',NULL),(3180,103179,433,'\0','2018-03-14 02:58:12',NULL),(3181,103180,433,'\0','2018-03-14 02:58:12',NULL),(3182,103181,433,'\0','2018-03-14 02:58:12',NULL),(3183,103182,433,'\0','2018-03-14 02:58:12',NULL),(3184,103183,433,'\0','2018-03-14 02:58:12',NULL),(3185,103184,433,'\0','2018-03-14 02:58:12',NULL),(3186,103185,433,'\0','2018-03-14 02:58:12',NULL),(3187,103186,433,'\0','2018-03-14 02:58:12',NULL),(3188,103187,433,'\0','2018-03-14 02:58:12',NULL),(3189,103188,433,'\0','2018-03-14 02:58:13',NULL),(3190,103189,433,'\0','2018-03-14 02:58:13',NULL),(3191,103190,433,'\0','2018-03-14 02:58:13',NULL),(3192,103191,433,'\0','2018-03-14 02:58:13',NULL),(3193,103192,433,'\0','2018-03-14 02:58:13',NULL),(3194,103193,433,'\0','2018-03-14 02:58:13',NULL),(3195,103194,433,'\0','2018-03-14 02:58:13',NULL),(3196,103195,433,'\0','2018-03-14 02:58:13',NULL),(3197,103196,433,'\0','2018-03-14 02:58:13',NULL),(3198,103197,433,'\0','2018-03-14 02:58:13',NULL),(3199,103198,433,'\0','2018-03-14 02:58:13',NULL),(3200,103199,433,'\0','2018-03-14 02:58:13',NULL),(3201,103200,433,'\0','2018-03-14 02:58:14',NULL),(3202,103201,433,'\0','2018-03-14 02:58:14',NULL),(3203,103202,433,'\0','2018-03-14 02:58:14',NULL),(3204,103203,433,'\0','2018-03-14 02:58:14',NULL),(3205,103204,433,'\0','2018-03-14 02:58:14',NULL),(3206,103205,433,'\0','2018-03-14 02:58:14',NULL),(3207,103206,433,'\0','2018-03-14 02:58:14',NULL),(3208,103207,433,'\0','2018-03-14 02:58:14',NULL),(3209,103208,433,'\0','2018-03-14 02:58:14',NULL),(3210,103209,433,'\0','2018-03-14 02:58:14',NULL),(3211,103210,433,'\0','2018-03-14 02:58:14',NULL),(3212,103211,433,'\0','2018-03-14 02:58:14',NULL),(3213,103212,433,'\0','2018-03-14 02:58:14',NULL),(3214,103213,433,'\0','2018-03-14 02:58:14',NULL),(3215,103214,433,'\0','2018-03-14 02:58:15',NULL),(3216,103215,433,'\0','2018-03-14 02:58:15',NULL),(3217,103216,433,'\0','2018-03-14 02:58:15',NULL),(3218,103217,433,'\0','2018-03-14 02:58:15',NULL),(3219,103218,433,'\0','2018-03-14 02:58:15',NULL),(3220,103219,433,'\0','2018-03-14 02:58:15',NULL),(3221,103220,433,'\0','2018-03-14 02:58:15',NULL),(3222,103221,433,'\0','2018-03-14 02:58:15',NULL),(3223,103222,433,'\0','2018-03-14 02:58:15',NULL),(3224,103223,433,'\0','2018-03-14 02:58:15',NULL),(3225,103224,433,'\0','2018-03-14 02:58:15',NULL),(3226,103225,433,'\0','2018-03-14 02:58:15',NULL),(3227,103226,433,'\0','2018-03-14 02:58:15',NULL),(3228,103227,433,'\0','2018-03-14 02:58:16',NULL),(3229,103228,433,'\0','2018-03-14 02:58:16',NULL),(3230,103229,433,'\0','2018-03-14 02:58:16',NULL),(3231,103230,433,'\0','2018-03-14 02:58:16',NULL),(3232,103231,433,'\0','2018-03-14 02:58:16',NULL),(3233,103232,433,'\0','2018-03-14 02:58:16',NULL),(3234,103233,433,'\0','2018-03-14 02:58:16',NULL),(3235,103234,433,'\0','2018-03-14 02:58:16',NULL),(3236,103235,433,'\0','2018-03-14 02:58:16',NULL),(3237,103236,433,'\0','2018-03-14 02:58:16',NULL),(3238,103237,433,'\0','2018-03-14 02:58:16',NULL),(3239,103238,433,'\0','2018-03-14 02:58:16',NULL),(3240,103239,433,'\0','2018-03-14 02:58:16',NULL),(3241,103240,433,'\0','2018-03-14 02:58:16',NULL),(3242,103241,433,'\0','2018-03-14 02:58:16',NULL),(3243,103242,433,'\0','2018-03-14 02:58:16',NULL),(3244,103243,433,'\0','2018-03-14 02:58:17',NULL),(3245,103244,433,'\0','2018-03-14 02:58:17',NULL),(3246,103245,433,'\0','2018-03-14 02:58:17',NULL),(3247,103246,433,'\0','2018-03-14 02:58:17',NULL),(3248,103247,433,'\0','2018-03-14 02:58:17',NULL),(3249,103248,433,'\0','2018-03-14 02:58:17',NULL),(3250,103249,433,'\0','2018-03-14 02:58:17',NULL),(3251,103250,433,'\0','2018-03-14 02:58:17',NULL),(3252,103251,433,'\0','2018-03-14 02:58:17',NULL),(3253,103252,433,'\0','2018-03-14 02:58:17',NULL),(3254,103253,433,'\0','2018-03-14 02:58:17',NULL),(3255,103254,433,'\0','2018-03-14 02:58:17',NULL),(3256,103255,433,'\0','2018-03-14 02:58:17',NULL),(3257,103256,433,'\0','2018-03-14 02:58:17',NULL),(3258,103257,433,'\0','2018-03-14 02:58:17',NULL),(3259,103258,433,'\0','2018-03-14 02:58:17',NULL),(3260,103259,433,'\0','2018-03-14 02:58:17',NULL),(3261,103260,433,'\0','2018-03-14 02:58:18',NULL),(3262,103261,433,'\0','2018-03-14 02:58:18',NULL),(3263,103262,433,'\0','2018-03-14 02:58:18',NULL),(3264,103263,433,'\0','2018-03-14 02:58:18',NULL),(3265,103264,433,'\0','2018-03-14 02:58:18',NULL),(3266,103265,433,'\0','2018-03-14 02:58:18',NULL),(3267,103266,433,'\0','2018-03-14 02:58:18',NULL),(3268,103267,433,'\0','2018-03-14 02:58:18',NULL),(3269,103268,433,'\0','2018-03-14 02:58:18',NULL),(3270,103269,433,'\0','2018-03-14 02:58:18',NULL),(3271,103270,433,'\0','2018-03-14 02:58:18',NULL),(3272,103271,433,'\0','2018-03-14 02:58:18',NULL),(3273,103272,433,'\0','2018-03-14 02:58:18',NULL),(3274,103273,433,'\0','2018-03-14 02:58:18',NULL),(3275,103274,433,'\0','2018-03-14 02:58:18',NULL),(3276,103275,433,'\0','2018-03-14 02:58:19',NULL),(3277,103276,433,'\0','2018-03-14 02:58:19',NULL),(3278,103277,433,'\0','2018-03-14 02:58:19',NULL),(3279,103278,433,'\0','2018-03-14 02:58:19',NULL),(3280,103279,433,'\0','2018-03-14 02:58:19',NULL),(3281,103280,433,'\0','2018-03-14 02:58:19',NULL),(3282,103281,433,'\0','2018-03-14 02:58:19',NULL),(3283,103282,433,'\0','2018-03-14 02:58:19',NULL),(3284,103283,433,'\0','2018-03-14 02:58:19',NULL),(3285,103284,433,'\0','2018-03-14 02:58:19',NULL),(3286,103285,433,'\0','2018-03-14 02:58:19',NULL),(3287,103286,433,'\0','2018-03-14 02:58:19',NULL),(3288,103287,433,'\0','2018-03-14 02:58:19',NULL),(3289,103288,433,'\0','2018-03-14 02:58:20',NULL),(3290,103289,433,'\0','2018-03-14 02:58:20',NULL),(3291,103290,433,'\0','2018-03-14 02:58:20',NULL),(3292,103291,433,'\0','2018-03-14 02:58:20',NULL),(3293,103292,433,'\0','2018-03-14 02:58:20',NULL),(3294,103293,433,'\0','2018-03-14 02:58:20',NULL),(3295,103294,433,'\0','2018-03-14 02:58:20',NULL),(3296,103295,433,'\0','2018-03-14 02:58:20',NULL),(3297,103296,433,'\0','2018-03-14 02:58:20',NULL),(3298,103297,433,'\0','2018-03-14 02:58:20',NULL),(3299,103298,433,'\0','2018-03-14 02:58:20',NULL),(3300,103299,433,'\0','2018-03-14 02:58:20',NULL),(3301,103300,433,'\0','2018-03-14 02:58:20',NULL),(3302,103301,433,'\0','2018-03-14 02:58:20',NULL),(3303,103302,433,'\0','2018-03-14 02:58:20',NULL),(3304,103303,433,'\0','2018-03-14 02:58:21',NULL),(3305,103304,433,'\0','2018-03-14 02:58:21',NULL),(3306,103305,433,'\0','2018-03-14 02:58:21',NULL),(3307,103306,433,'\0','2018-03-14 02:58:21',NULL),(3308,103307,433,'\0','2018-03-14 02:58:21',NULL),(3309,103308,433,'\0','2018-03-14 02:58:21',NULL),(3310,103309,433,'\0','2018-03-14 02:58:21',NULL),(3311,103310,433,'\0','2018-03-14 02:58:21',NULL),(3312,103311,433,'\0','2018-03-14 02:58:21',NULL),(3313,103312,433,'\0','2018-03-14 02:58:21',NULL),(3314,103313,433,'\0','2018-03-14 02:58:21',NULL),(3315,103314,433,'\0','2018-03-14 02:58:21',NULL),(3316,103315,433,'\0','2018-03-14 02:58:21',NULL),(3317,103316,433,'\0','2018-03-14 02:58:21',NULL),(3318,103317,433,'\0','2018-03-14 02:58:21',NULL),(3319,103318,433,'\0','2018-03-14 02:58:21',NULL),(3320,103319,433,'\0','2018-03-14 02:58:21',NULL),(3321,103320,433,'\0','2018-03-14 02:58:22',NULL),(3322,103321,433,'\0','2018-03-14 02:58:22',NULL),(3323,103322,433,'\0','2018-03-14 02:58:22',NULL),(3324,103323,433,'\0','2018-03-14 02:58:22',NULL),(3325,103324,433,'\0','2018-03-14 02:58:22',NULL),(3326,103325,433,'\0','2018-03-14 02:58:22',NULL),(3327,103326,433,'\0','2018-03-14 02:58:22',NULL),(3328,103327,433,'\0','2018-03-14 02:58:22',NULL),(3329,103328,433,'\0','2018-03-14 02:58:22',NULL),(3330,103329,433,'\0','2018-03-14 02:58:22',NULL),(3331,103330,433,'\0','2018-03-14 02:58:22',NULL),(3332,103331,433,'\0','2018-03-14 02:58:22',NULL),(3333,103332,433,'\0','2018-03-14 02:58:22',NULL),(3334,103333,433,'\0','2018-03-14 02:58:22',NULL),(3335,103334,433,'\0','2018-03-14 02:58:22',NULL),(3336,103335,433,'\0','2018-03-14 02:58:22',NULL),(3337,103336,433,'\0','2018-03-14 02:58:22',NULL),(3338,103337,433,'\0','2018-03-14 02:58:22',NULL),(3339,103338,433,'\0','2018-03-14 02:58:22',NULL),(3340,103339,433,'\0','2018-03-14 02:58:22',NULL),(3341,103340,433,'\0','2018-03-14 02:58:22',NULL),(3342,103341,433,'\0','2018-03-14 02:58:22',NULL),(3343,103342,433,'\0','2018-03-14 02:58:22',NULL),(3344,103343,433,'\0','2018-03-14 02:58:22',NULL),(3345,103344,433,'\0','2018-03-14 02:58:22',NULL),(3346,103345,433,'\0','2018-03-14 02:58:22',NULL),(3347,103346,433,'\0','2018-03-14 02:58:23',NULL),(3348,103347,433,'\0','2018-03-14 02:58:23',NULL),(3349,103348,433,'\0','2018-03-14 02:58:23',NULL),(3350,103349,433,'\0','2018-03-14 02:58:23',NULL),(3351,103350,433,'\0','2018-03-14 02:58:23',NULL),(3352,103351,433,'\0','2018-03-14 02:58:23',NULL),(3353,103352,433,'\0','2018-03-14 02:58:23',NULL),(3354,103353,433,'\0','2018-03-14 02:58:23',NULL),(3355,103354,433,'\0','2018-03-14 02:58:23',NULL),(3356,103355,433,'\0','2018-03-14 02:58:23',NULL),(3357,103356,433,'\0','2018-03-14 02:58:23',NULL),(3358,103357,433,'\0','2018-03-14 02:58:23',NULL),(3359,103358,433,'\0','2018-03-14 02:58:23',NULL),(3360,103359,433,'\0','2018-03-14 02:58:23',NULL),(3361,103360,433,'\0','2018-03-14 02:58:23',NULL),(3362,103361,433,'\0','2018-03-14 02:58:23',NULL),(3363,103362,433,'\0','2018-03-14 02:58:23',NULL),(3364,103363,433,'\0','2018-03-14 02:58:23',NULL),(3365,103364,433,'\0','2018-03-14 02:58:23',NULL),(3366,103365,433,'\0','2018-03-14 02:58:23',NULL),(3367,103366,433,'\0','2018-03-14 02:58:24',NULL),(3368,103367,433,'\0','2018-03-14 02:58:24',NULL),(3369,103368,433,'\0','2018-03-14 02:58:24',NULL),(3370,103369,433,'\0','2018-03-14 02:58:24',NULL),(3371,103370,433,'\0','2018-03-14 02:58:24',NULL),(3372,103371,433,'\0','2018-03-14 02:58:24',NULL),(3373,103372,433,'\0','2018-03-14 02:58:24',NULL),(3374,103373,433,'\0','2018-03-14 02:58:24',NULL),(3375,103374,433,'\0','2018-03-14 02:58:24',NULL),(3376,103375,433,'\0','2018-03-14 02:58:24',NULL),(3377,103376,433,'\0','2018-03-14 02:58:24',NULL),(3378,103377,433,'\0','2018-03-14 02:58:24',NULL),(3379,103378,433,'\0','2018-03-14 02:58:24',NULL),(3380,103379,433,'\0','2018-03-14 02:58:24',NULL),(3381,103380,433,'\0','2018-03-14 02:58:24',NULL),(3382,103381,433,'\0','2018-03-14 02:58:24',NULL),(3383,103382,433,'\0','2018-03-14 02:58:24',NULL),(3384,103383,433,'\0','2018-03-14 02:58:24',NULL),(3385,103384,433,'\0','2018-03-14 02:58:24',NULL),(3386,103385,433,'\0','2018-03-14 02:58:24',NULL),(3387,103386,433,'\0','2018-03-14 02:58:25',NULL),(3388,103387,433,'\0','2018-03-14 02:58:25',NULL),(3389,103388,433,'\0','2018-03-14 02:58:25',NULL),(3390,103389,433,'\0','2018-03-14 02:58:25',NULL),(3391,103390,433,'\0','2018-03-14 02:58:25',NULL),(3392,103391,433,'\0','2018-03-14 02:58:25',NULL),(3393,103392,433,'\0','2018-03-14 02:58:25',NULL),(3394,103393,433,'\0','2018-03-14 02:58:25',NULL),(3395,103394,433,'\0','2018-03-14 02:58:25',NULL),(3396,103395,433,'\0','2018-03-14 02:58:25',NULL),(3397,103396,433,'\0','2018-03-14 02:58:25',NULL),(3398,103397,433,'\0','2018-03-14 02:58:25',NULL),(3399,103398,433,'\0','2018-03-14 02:58:25',NULL),(3400,103399,433,'\0','2018-03-14 02:58:25',NULL),(3401,103400,433,'\0','2018-03-14 02:58:25',NULL),(3402,103401,433,'\0','2018-03-14 02:58:25',NULL),(3403,103402,433,'\0','2018-03-14 02:58:26',NULL),(3404,103403,433,'\0','2018-03-14 02:58:26',NULL),(3405,103404,433,'\0','2018-03-14 02:58:26',NULL),(3406,103405,433,'\0','2018-03-14 02:58:26',NULL),(3407,103406,433,'\0','2018-03-14 02:58:26',NULL),(3408,103407,433,'\0','2018-03-14 02:58:26',NULL),(3409,103408,433,'\0','2018-03-14 02:58:26',NULL),(3410,103409,433,'\0','2018-03-14 02:58:26',NULL),(3411,103410,433,'\0','2018-03-14 02:58:26',NULL),(3412,103411,433,'\0','2018-03-14 02:58:26',NULL),(3413,103412,433,'\0','2018-03-14 02:58:26',NULL),(3414,103413,433,'\0','2018-03-14 02:58:26',NULL),(3415,103414,433,'\0','2018-03-14 02:58:27',NULL),(3416,103415,433,'\0','2018-03-14 02:58:27',NULL),(3417,103416,433,'\0','2018-03-14 02:58:27',NULL),(3418,103417,433,'\0','2018-03-14 02:58:27',NULL),(3419,103418,433,'\0','2018-03-14 02:58:27',NULL),(3420,103419,433,'\0','2018-03-14 02:58:27',NULL),(3421,103420,433,'\0','2018-03-14 02:58:27',NULL),(3422,103421,433,'\0','2018-03-14 02:58:27',NULL),(3423,103422,433,'\0','2018-03-14 02:58:27',NULL),(3424,103423,433,'\0','2018-03-14 02:58:27',NULL),(3425,103424,433,'\0','2018-03-14 02:58:27',NULL),(3426,103425,433,'\0','2018-03-14 02:58:27',NULL),(3427,103426,433,'\0','2018-03-14 02:58:27',NULL),(3428,103427,433,'\0','2018-03-14 02:58:27',NULL),(3429,103428,433,'\0','2018-03-14 02:58:27',NULL),(3430,103429,433,'\0','2018-03-14 02:58:27',NULL),(3431,103430,433,'\0','2018-03-14 02:58:28',NULL),(3432,103431,433,'\0','2018-03-14 02:58:28',NULL),(3433,103432,433,'\0','2018-03-14 02:58:28',NULL),(3434,103433,433,'\0','2018-03-14 02:58:28',NULL),(3435,103434,433,'\0','2018-03-14 02:58:28',NULL),(3436,103435,433,'\0','2018-03-14 02:58:28',NULL),(3437,103436,433,'\0','2018-03-14 02:58:28',NULL),(3438,103437,433,'\0','2018-03-14 02:58:28',NULL),(3439,103438,433,'\0','2018-03-14 02:58:28',NULL),(3440,103439,433,'\0','2018-03-14 02:58:28',NULL),(3441,103440,433,'\0','2018-03-14 02:58:28',NULL),(3442,103441,433,'\0','2018-03-14 02:58:28',NULL),(3443,103442,433,'\0','2018-03-14 02:58:28',NULL),(3444,103443,433,'\0','2018-03-14 02:58:28',NULL),(3445,103444,433,'\0','2018-03-14 02:58:28',NULL),(3446,103445,433,'\0','2018-03-14 02:58:28',NULL),(3447,103446,433,'\0','2018-03-14 02:58:29',NULL),(3448,103447,433,'\0','2018-03-14 02:58:29',NULL),(3449,103448,433,'\0','2018-03-14 02:58:29',NULL),(3450,103449,433,'\0','2018-03-14 02:58:29',NULL),(3451,103450,433,'\0','2018-03-14 02:58:29',NULL),(3452,103451,433,'\0','2018-03-14 02:58:29',NULL),(3453,103452,433,'\0','2018-03-14 02:58:29',NULL),(3454,103453,433,'\0','2018-03-14 02:58:29',NULL),(3455,103454,433,'\0','2018-03-14 02:58:29',NULL),(3456,103455,433,'\0','2018-03-14 02:58:30',NULL),(3457,103456,433,'\0','2018-03-14 02:58:30',NULL),(3458,103457,433,'\0','2018-03-14 02:58:30',NULL),(3459,103458,433,'\0','2018-03-14 02:58:30',NULL),(3460,103459,433,'\0','2018-03-14 02:58:30',NULL),(3461,103460,433,'\0','2018-03-14 02:58:30',NULL),(3462,103461,433,'\0','2018-03-14 02:58:30',NULL),(3463,103462,433,'\0','2018-03-14 02:58:30',NULL),(3464,103463,433,'\0','2018-03-14 02:58:30',NULL),(3465,103464,433,'\0','2018-03-14 02:58:30',NULL),(3466,103465,433,'\0','2018-03-14 02:58:30',NULL),(3467,103466,433,'\0','2018-03-14 02:58:30',NULL),(3468,103467,433,'\0','2018-03-14 02:58:30',NULL),(3469,103468,433,'\0','2018-03-14 02:58:30',NULL),(3470,103469,433,'\0','2018-03-14 02:58:30',NULL),(3471,103470,433,'\0','2018-03-14 02:58:30',NULL),(3472,103471,433,'\0','2018-03-14 02:58:30',NULL),(3473,103472,433,'\0','2018-03-14 02:58:30',NULL),(3474,103473,433,'\0','2018-03-14 02:58:30',NULL),(3475,103474,433,'\0','2018-03-14 02:58:30',NULL),(3476,103475,433,'\0','2018-03-14 02:58:30',NULL),(3477,103476,433,'\0','2018-03-14 02:58:30',NULL),(3478,103477,433,'\0','2018-03-14 02:58:30',NULL),(3479,103478,433,'\0','2018-03-14 02:58:30',NULL),(3480,103479,433,'\0','2018-03-14 02:58:31',NULL),(3481,103480,433,'\0','2018-03-14 02:58:31',NULL),(3482,103481,433,'\0','2018-03-14 02:58:31',NULL),(3483,103482,433,'\0','2018-03-14 02:58:31',NULL),(3484,103483,433,'\0','2018-03-14 02:58:31',NULL),(3485,103484,433,'\0','2018-03-14 02:58:31',NULL),(3486,103485,433,'\0','2018-03-14 02:58:31',NULL),(3487,103486,433,'\0','2018-03-14 02:58:31',NULL),(3488,103487,433,'\0','2018-03-14 02:58:31',NULL),(3489,103488,433,'\0','2018-03-14 02:58:31',NULL),(3490,103489,433,'\0','2018-03-14 02:58:31',NULL),(3491,103490,433,'\0','2018-03-14 02:58:31',NULL),(3492,103491,433,'\0','2018-03-14 02:58:31',NULL),(3493,103492,433,'\0','2018-03-14 02:58:31',NULL),(3494,103493,433,'\0','2018-03-14 02:58:31',NULL),(3495,103494,433,'\0','2018-03-14 02:58:31',NULL),(3496,103495,433,'\0','2018-03-14 02:58:31',NULL),(3497,103496,433,'\0','2018-03-14 02:58:31',NULL),(3498,103497,433,'\0','2018-03-14 02:58:31',NULL),(3499,103498,433,'\0','2018-03-14 02:58:31',NULL),(3500,103499,433,'\0','2018-03-14 02:58:31',NULL),(3501,103500,433,'\0','2018-03-14 02:58:31',NULL),(3502,103501,433,'\0','2018-03-14 02:58:31',NULL),(3503,103502,433,'\0','2018-03-14 02:58:31',NULL),(3504,103503,433,'\0','2018-03-14 02:58:31',NULL),(3505,103504,433,'\0','2018-03-14 02:58:31',NULL),(3506,103505,433,'\0','2018-03-14 02:58:31',NULL),(3507,103506,433,'\0','2018-03-14 02:58:31',NULL),(3508,103507,433,'\0','2018-03-14 02:58:32',NULL),(3509,103508,433,'\0','2018-03-14 02:58:32',NULL),(3510,103509,433,'\0','2018-03-14 02:58:32',NULL),(3511,103510,433,'\0','2018-03-14 02:58:32',NULL),(3512,103511,433,'\0','2018-03-14 02:58:32',NULL),(3513,103512,433,'\0','2018-03-14 02:58:32',NULL),(3514,103513,433,'\0','2018-03-14 02:58:32',NULL),(3515,103514,433,'\0','2018-03-14 02:58:32',NULL),(3516,103515,433,'\0','2018-03-14 02:58:32',NULL),(3517,103516,433,'\0','2018-03-14 02:58:32',NULL),(3518,103517,433,'\0','2018-03-14 02:58:32',NULL),(3519,103518,433,'\0','2018-03-14 02:58:32',NULL),(3520,103519,433,'\0','2018-03-14 02:58:32',NULL),(3521,103520,433,'\0','2018-03-14 02:58:32',NULL),(3522,103521,433,'\0','2018-03-14 02:58:32',NULL),(3523,103522,433,'\0','2018-03-14 02:58:32',NULL),(3524,103523,433,'\0','2018-03-14 02:58:32',NULL),(3525,103524,433,'\0','2018-03-14 02:58:32',NULL),(3526,103525,433,'\0','2018-03-14 02:58:32',NULL),(3527,103526,433,'\0','2018-03-14 02:58:32',NULL),(3528,103527,433,'\0','2018-03-14 02:58:32',NULL),(3529,103528,433,'\0','2018-03-14 02:58:32',NULL),(3530,103529,433,'\0','2018-03-14 02:58:33',NULL),(3531,103530,433,'\0','2018-03-14 02:58:33',NULL),(3532,103531,433,'\0','2018-03-14 02:58:33',NULL),(3533,103532,433,'\0','2018-03-14 02:58:33',NULL),(3534,103533,433,'\0','2018-03-14 02:58:33',NULL),(3535,103534,433,'\0','2018-03-14 02:58:33',NULL),(3536,103535,433,'\0','2018-03-14 02:58:33',NULL),(3537,103536,433,'\0','2018-03-14 02:58:33',NULL),(3538,103537,433,'\0','2018-03-14 02:58:33',NULL),(3539,103538,433,'\0','2018-03-14 02:58:33',NULL),(3540,103539,433,'\0','2018-03-14 02:58:33',NULL),(3541,103540,433,'\0','2018-03-14 02:58:33',NULL),(3542,103541,433,'\0','2018-03-14 02:58:33',NULL),(3543,103542,433,'\0','2018-03-14 02:58:33',NULL),(3544,103543,433,'\0','2018-03-14 02:58:33',NULL),(3545,103544,433,'\0','2018-03-14 02:58:33',NULL),(3546,103545,433,'\0','2018-03-14 02:58:33',NULL),(3547,103546,433,'\0','2018-03-14 02:58:33',NULL),(3548,103547,433,'\0','2018-03-14 02:58:34',NULL),(3549,103548,433,'\0','2018-03-14 02:58:34',NULL),(3550,103549,433,'\0','2018-03-14 02:58:34',NULL),(3551,103550,433,'\0','2018-03-14 02:58:34',NULL),(3552,103551,433,'\0','2018-03-14 02:58:34',NULL),(3553,103552,433,'\0','2018-03-14 02:58:34',NULL),(3554,103553,433,'\0','2018-03-14 02:58:34',NULL),(3555,103554,433,'\0','2018-03-14 02:58:34',NULL),(3556,103555,433,'\0','2018-03-14 02:58:34',NULL),(3557,103556,433,'\0','2018-03-14 02:58:34',NULL),(3558,103557,433,'\0','2018-03-14 02:58:34',NULL),(3559,103558,433,'\0','2018-03-14 02:58:35',NULL),(3560,103559,433,'\0','2018-03-14 02:58:35',NULL),(3561,103560,433,'\0','2018-03-14 02:58:35',NULL),(3562,103561,433,'\0','2018-03-14 02:58:35',NULL),(3563,103562,433,'\0','2018-03-14 02:58:35',NULL),(3564,103563,433,'\0','2018-03-14 02:58:35',NULL),(3565,103564,433,'\0','2018-03-14 02:58:35',NULL),(3566,103565,433,'\0','2018-03-14 02:58:35',NULL),(3567,103566,433,'\0','2018-03-14 02:58:35',NULL),(3568,103567,433,'\0','2018-03-14 02:58:36',NULL),(3569,103568,433,'\0','2018-03-14 02:58:36',NULL),(3570,103569,433,'\0','2018-03-14 02:58:36',NULL),(3571,103570,433,'\0','2018-03-14 02:58:36',NULL),(3572,103571,433,'\0','2018-03-14 02:58:36',NULL),(3573,103572,433,'\0','2018-03-14 02:58:36',NULL),(3574,103573,433,'\0','2018-03-14 02:58:36',NULL),(3575,103574,433,'\0','2018-03-14 02:58:37',NULL),(3576,103575,433,'\0','2018-03-14 02:58:37',NULL),(3577,103576,433,'\0','2018-03-14 02:58:37',NULL),(3578,103577,433,'\0','2018-03-14 02:58:37',NULL),(3579,103578,433,'\0','2018-03-14 02:58:37',NULL),(3580,103579,433,'\0','2018-03-14 02:58:37',NULL),(3581,103580,433,'\0','2018-03-14 02:58:37',NULL),(3582,103581,433,'\0','2018-03-14 02:58:37',NULL),(3583,103582,433,'\0','2018-03-14 02:58:37',NULL),(3584,103583,433,'\0','2018-03-14 02:58:37',NULL),(3585,103584,433,'\0','2018-03-14 02:58:38',NULL),(3586,103585,433,'\0','2018-03-14 02:58:38',NULL),(3587,103586,433,'\0','2018-03-14 02:58:38',NULL),(3588,103587,433,'\0','2018-03-14 02:58:38',NULL),(3589,103588,433,'\0','2018-03-14 02:58:38',NULL),(3590,103589,433,'\0','2018-03-14 02:58:38',NULL),(3591,103590,433,'\0','2018-03-14 02:58:38',NULL),(3592,103591,433,'\0','2018-03-14 02:58:38',NULL),(3593,103592,433,'\0','2018-03-14 02:58:38',NULL),(3594,103593,433,'\0','2018-03-14 02:58:38',NULL),(3595,103594,433,'\0','2018-03-14 02:58:38',NULL),(3596,103595,433,'\0','2018-03-14 02:58:38',NULL),(3597,103596,433,'\0','2018-03-14 02:58:38',NULL),(3598,103597,433,'\0','2018-03-14 02:58:39',NULL),(3599,103598,433,'\0','2018-03-14 02:58:39',NULL),(3600,103599,433,'\0','2018-03-14 02:58:39',NULL),(3601,103600,433,'\0','2018-03-14 02:58:39',NULL),(3602,103601,433,'\0','2018-03-14 02:58:39',NULL),(3603,103602,433,'\0','2018-03-14 02:58:39',NULL),(3604,103603,433,'\0','2018-03-14 02:58:39',NULL),(3605,103604,433,'\0','2018-03-14 02:58:39',NULL),(3606,103605,433,'\0','2018-03-14 02:58:39',NULL),(3607,103606,433,'\0','2018-03-14 02:58:39',NULL),(3608,103607,433,'\0','2018-03-14 02:58:39',NULL),(3609,103608,433,'\0','2018-03-14 02:58:39',NULL),(3610,103609,433,'\0','2018-03-14 02:58:39',NULL),(3611,103610,433,'\0','2018-03-14 02:58:39',NULL),(3612,103611,433,'\0','2018-03-14 02:58:39',NULL),(3613,103612,433,'\0','2018-03-14 02:58:39',NULL),(3614,103613,433,'\0','2018-03-14 02:58:39',NULL),(3615,103614,433,'\0','2018-03-14 02:58:39',NULL),(3616,103615,433,'\0','2018-03-14 02:58:39',NULL),(3617,103616,433,'\0','2018-03-14 02:58:39',NULL),(3618,103617,433,'\0','2018-03-14 02:58:39',NULL),(3619,103618,433,'\0','2018-03-14 02:58:40',NULL),(3620,103619,433,'\0','2018-03-14 02:58:40',NULL),(3621,103620,433,'\0','2018-03-14 02:58:40',NULL),(3622,103621,433,'\0','2018-03-14 02:58:40',NULL),(3623,103622,433,'\0','2018-03-14 02:58:40',NULL),(3624,103623,433,'\0','2018-03-14 02:58:40',NULL),(3625,103624,433,'\0','2018-03-14 02:58:40',NULL),(3626,103625,433,'\0','2018-03-14 02:58:40',NULL),(3627,103626,433,'\0','2018-03-14 02:58:40',NULL),(3628,103627,433,'\0','2018-03-14 02:58:40',NULL),(3629,103628,433,'\0','2018-03-14 02:58:40',NULL),(3630,103629,433,'\0','2018-03-14 02:58:40',NULL),(3631,103630,433,'\0','2018-03-14 02:58:40',NULL),(3632,103631,433,'\0','2018-03-14 02:58:40',NULL),(3633,103632,433,'\0','2018-03-14 02:58:40',NULL),(3634,103633,433,'\0','2018-03-14 02:58:40',NULL),(3635,103634,433,'\0','2018-03-14 02:58:40',NULL),(3636,103635,433,'\0','2018-03-14 02:58:40',NULL),(3637,103636,433,'\0','2018-03-14 02:58:40',NULL),(3638,103637,433,'\0','2018-03-14 02:58:40',NULL),(3639,103638,433,'\0','2018-03-14 02:58:40',NULL),(3640,103639,433,'\0','2018-03-14 02:58:40',NULL),(3641,103640,433,'\0','2018-03-14 02:58:40',NULL),(3642,103641,433,'\0','2018-03-14 02:58:40',NULL),(3643,103642,433,'\0','2018-03-14 02:58:40',NULL),(3644,103643,433,'\0','2018-03-14 02:58:40',NULL),(3645,103644,433,'\0','2018-03-14 02:58:40',NULL),(3646,103645,433,'\0','2018-03-14 02:58:41',NULL),(3647,103646,433,'\0','2018-03-14 02:58:41',NULL),(3648,103647,433,'\0','2018-03-14 02:58:41',NULL),(3649,103648,433,'\0','2018-03-14 02:58:41',NULL),(3650,103649,433,'\0','2018-03-14 02:58:41',NULL),(3651,103650,433,'\0','2018-03-14 02:58:41',NULL),(3652,103651,433,'\0','2018-03-14 02:58:41',NULL),(3653,103652,433,'\0','2018-03-14 02:58:41',NULL),(3654,103653,433,'\0','2018-03-14 02:58:41',NULL),(3655,103654,433,'\0','2018-03-14 02:58:41',NULL),(3656,103655,433,'\0','2018-03-14 02:58:41',NULL),(3657,103656,433,'\0','2018-03-14 02:58:41',NULL),(3658,103657,433,'\0','2018-03-14 02:58:41',NULL),(3659,103658,433,'\0','2018-03-14 02:58:41',NULL),(3660,103659,433,'\0','2018-03-14 02:58:41',NULL),(3661,103660,433,'\0','2018-03-14 02:58:41',NULL),(3662,103661,433,'\0','2018-03-14 02:58:41',NULL),(3663,103662,433,'\0','2018-03-14 02:58:41',NULL),(3664,103663,433,'\0','2018-03-14 02:58:41',NULL),(3665,103664,433,'\0','2018-03-14 02:58:41',NULL),(3666,103665,433,'\0','2018-03-14 02:58:41',NULL),(3667,103666,433,'\0','2018-03-14 02:58:41',NULL),(3668,103667,433,'\0','2018-03-14 02:58:41',NULL),(3669,103668,433,'\0','2018-03-14 02:58:41',NULL),(3670,103669,433,'\0','2018-03-14 02:58:41',NULL),(3671,103670,433,'\0','2018-03-14 02:58:41',NULL);
/*!40000 ALTER TABLE `or_no_mt` ENABLE KEYS */;
UNLOCK TABLES;

--
-- Table structure for table `paymentterm_mt`
--

DROP TABLE IF EXISTS `paymentterm_mt`;
/*!40101 SET @saved_cs_client     = @@character_set_client */;
/*!40101 SET character_set_client = utf8 */;
CREATE TABLE `paymentterm_mt` (
  `paymentterm_id` int(11) NOT NULL AUTO_INCREMENT,
  `paymentterm_name` varchar(45) NOT NULL,
  `isPaymentTermActive` bit(1) NOT NULL DEFAULT b'1',
  `divisor` int(11) NOT NULL,
  PRIMARY KEY (`paymentterm_id`)
) ENGINE=InnoDB AUTO_INCREMENT=6 DEFAULT CHARSET=latin1;
/*!40101 SET character_set_client = @saved_cs_client */;

--
-- Dumping data for table `paymentterm_mt`
--

LOCK TABLES `paymentterm_mt` WRITE;
/*!40000 ALTER TABLE `paymentterm_mt` DISABLE KEYS */;
INSERT INTO `paymentterm_mt` VALUES (2,'Cash','',1),(3,'Quarterly','',4),(4,'Semestral','',2),(5,'Monthly','',10);
/*!40000 ALTER TABLE `paymentterm_mt` ENABLE KEYS */;
UNLOCK TABLES;

--
-- Table structure for table `paymentterm_penalty`
--

DROP TABLE IF EXISTS `paymentterm_penalty`;
/*!40101 SET @saved_cs_client     = @@character_set_client */;
/*!40101 SET character_set_client = utf8 */;
CREATE TABLE `paymentterm_penalty` (
  `penalty_id` int(11) NOT NULL AUTO_INCREMENT,
  `schoolyear_id` int(11) NOT NULL,
  `paymentterm_id` int(11) NOT NULL,
  `penalty_amount` decimal(10,2) NOT NULL,
  `isActive` bit(1) NOT NULL DEFAULT b'1',
  `date_added` datetime NOT NULL DEFAULT CURRENT_TIMESTAMP,
  PRIMARY KEY (`penalty_id`),
  UNIQUE KEY `uk_paymentterm_penaltyTABLE` (`schoolyear_id`,`paymentterm_id`),
  KEY `fk_paymentterm_penaltyTABLE_paymentterm_idCOL_idx` (`paymentterm_id`),
  KEY `fk_paymentterm_penaltyTABLE_schoolyear_idCOL_idx` (`schoolyear_id`),
  CONSTRAINT `fk_paymentterm_penaltyTABLE_paymentterm_idCOL` FOREIGN KEY (`paymentterm_id`) REFERENCES `paymentterm_mt` (`paymentterm_id`) ON DELETE NO ACTION ON UPDATE NO ACTION,
  CONSTRAINT `fk_paymentterm_penaltyTABLE_schoolyear_idCOL` FOREIGN KEY (`schoolyear_id`) REFERENCES `schoolyear_mt` (`schoolyear_id`) ON DELETE NO ACTION ON UPDATE NO ACTION
) ENGINE=InnoDB AUTO_INCREMENT=66 DEFAULT CHARSET=latin1 COMMENT='Stores how much penalty fee is charged for late payments per schoolyear.';
/*!40101 SET character_set_client = @saved_cs_client */;

--
-- Dumping data for table `paymentterm_penalty`
--

LOCK TABLES `paymentterm_penalty` WRITE;
/*!40000 ALTER TABLE `paymentterm_penalty` DISABLE KEYS */;
INSERT INTO `paymentterm_penalty` VALUES (46,432,2,100.00,'','2018-03-25 21:32:18'),(47,432,4,500.00,'','2018-03-25 21:32:18'),(48,432,3,300.00,'','2018-03-25 21:32:18'),(49,432,5,100.00,'','2018-03-25 21:32:18'),(50,433,2,500.00,'','2018-04-02 02:46:15'),(51,433,4,300.00,'','2018-04-02 02:46:15'),(52,433,3,200.00,'','2018-04-02 02:46:15'),(53,433,5,100.00,'','2018-04-02 02:46:15'),(62,438,2,500.00,'','2018-04-02 11:44:01'),(63,438,4,300.00,'','2018-04-02 11:44:01'),(64,438,3,200.00,'','2018-04-02 11:44:01'),(65,438,5,100.00,'','2018-04-02 11:44:01');
/*!40000 ALTER TABLE `paymentterm_penalty` ENABLE KEYS */;
UNLOCK TABLES;

--
-- Table structure for table `paymentterm_period`
--

DROP TABLE IF EXISTS `paymentterm_period`;
/*!40101 SET @saved_cs_client     = @@character_set_client */;
/*!40101 SET character_set_client = utf8 */;
CREATE TABLE `paymentterm_period` (
  `paymentterm_period_id` int(11) NOT NULL AUTO_INCREMENT,
  `paymentterm_id` int(11) NOT NULL,
  `period_id` int(11) NOT NULL,
  `date_added` datetime NOT NULL DEFAULT CURRENT_TIMESTAMP,
  PRIMARY KEY (`paymentterm_period_id`),
  KEY `fk_paymentterm_divisionTABLE_paymentterm_idCOL_idx` (`paymentterm_id`),
  KEY `fk_paymentterm_divisionTABLE_division_idCOL_idx` (`period_id`)
) ENGINE=InnoDB AUTO_INCREMENT=22 DEFAULT CHARSET=latin1;
/*!40101 SET character_set_client = @saved_cs_client */;

--
-- Dumping data for table `paymentterm_period`
--

LOCK TABLES `paymentterm_period` WRITE;
/*!40000 ALTER TABLE `paymentterm_period` DISABLE KEYS */;
INSERT INTO `paymentterm_period` VALUES (1,4,5,'2017-07-13 16:37:54'),(2,4,6,'2017-07-13 16:37:59'),(3,3,4,'2017-07-13 16:38:04'),(4,3,3,'2017-07-13 16:38:09'),(5,3,2,'2017-07-13 16:38:15'),(6,3,1,'2017-07-13 16:38:19'),(7,5,16,'2017-07-13 16:41:46'),(8,5,15,'2017-07-13 16:41:52'),(9,5,14,'2017-07-13 16:41:56'),(10,5,13,'2017-07-13 16:41:59'),(11,5,12,'2017-07-13 16:42:04'),(12,5,11,'2017-07-13 16:42:07'),(13,5,10,'2017-07-13 16:42:11'),(14,5,9,'2017-07-13 16:42:14'),(15,5,8,'2017-07-13 16:42:18'),(16,5,7,'2017-07-13 16:42:22'),(18,3,17,'2018-02-01 11:09:29'),(19,4,17,'2018-02-01 11:09:48'),(20,5,17,'2018-02-01 11:10:19'),(21,2,17,'2018-02-01 14:03:19');
/*!40000 ALTER TABLE `paymentterm_period` ENABLE KEYS */;
UNLOCK TABLES;

--
-- Table structure for table `paymentterm_period_paymentdeadline`
--

DROP TABLE IF EXISTS `paymentterm_period_paymentdeadline`;
/*!40101 SET @saved_cs_client     = @@character_set_client */;
/*!40101 SET character_set_client = utf8 */;
CREATE TABLE `paymentterm_period_paymentdeadline` (
  `paymentterm_period_paymentdeadline_id` int(11) NOT NULL AUTO_INCREMENT,
  `schoolyear_id` int(11) NOT NULL,
  `paymentterm_id` int(11) NOT NULL,
  `period_id` int(11) NOT NULL,
  `paymentdeadline` date NOT NULL,
  `isActive` bit(1) NOT NULL DEFAULT b'1',
  PRIMARY KEY (`paymentterm_period_paymentdeadline_id`),
  KEY `fk_payment_deadlineTABLE_paymentterm_idCOL_idx` (`paymentterm_id`),
  KEY `fk_payment_deadlineTABLE_schoolyear_idCOL_idx` (`schoolyear_id`),
  KEY `fk_payment_deadlineTABLE_period_idCOL_idx` (`period_id`),
  CONSTRAINT `fk_paymentterm_period_paymentdeadlineTABLE_paymentterm_idCOL` FOREIGN KEY (`paymentterm_id`) REFERENCES `paymentterm_mt` (`paymentterm_id`) ON DELETE NO ACTION ON UPDATE NO ACTION,
  CONSTRAINT `fk_paymentterm_period_paymentdeadlineTABLE_period_idCOL` FOREIGN KEY (`period_id`) REFERENCES `period` (`period_id`) ON DELETE NO ACTION ON UPDATE NO ACTION,
  CONSTRAINT `fk_paymentterm_period_paymentdeadlineTABLE_schoolyear_idCOL` FOREIGN KEY (`schoolyear_id`) REFERENCES `schoolyear_mt` (`schoolyear_id`) ON DELETE NO ACTION ON UPDATE NO ACTION
) ENGINE=InnoDB AUTO_INCREMENT=277 DEFAULT CHARSET=latin1;
/*!40101 SET character_set_client = @saved_cs_client */;

--
-- Dumping data for table `paymentterm_period_paymentdeadline`
--

LOCK TABLES `paymentterm_period_paymentdeadline` WRITE;
/*!40000 ALTER TABLE `paymentterm_period_paymentdeadline` DISABLE KEYS */;
INSERT INTO `paymentterm_period_paymentdeadline` VALUES (190,432,2,17,'2018-06-01',''),(191,432,4,6,'2018-11-01',''),(192,432,4,5,'2019-02-01',''),(193,432,3,4,'2018-08-01',''),(194,432,3,3,'2018-11-01',''),(195,432,3,2,'2018-12-03',''),(196,432,3,1,'2019-01-01',''),(197,432,5,7,'2018-06-01',''),(198,432,5,8,'2018-07-03',''),(199,432,5,9,'2018-08-01',''),(200,432,5,10,'2018-09-03',''),(201,432,5,11,'2018-10-01',''),(202,432,5,12,'2018-11-01',''),(203,432,5,13,'2018-12-03',''),(204,432,5,14,'2019-01-01',''),(205,432,5,15,'2019-02-01',''),(206,432,5,16,'2019-03-01',''),(209,433,2,17,'2019-06-03',''),(210,433,4,6,'2019-11-04',''),(211,433,4,5,'2020-05-04',''),(212,433,3,4,'2019-08-01',''),(213,433,3,3,'2019-11-01',''),(214,433,3,2,'2019-12-03',''),(215,433,3,1,'2020-01-01',''),(216,433,5,7,'2019-06-03',''),(217,433,5,8,'2019-07-03',''),(218,433,5,9,'2019-08-05',''),(219,433,5,10,'2019-09-03',''),(220,433,5,11,'2019-10-03',''),(221,433,5,12,'2019-11-05',''),(222,433,5,13,'2019-12-03',''),(223,433,5,14,'2020-01-03',''),(224,433,5,15,'2020-02-03',''),(225,433,5,16,'2020-03-03',''),(260,438,2,17,'2020-06-01',''),(261,438,4,6,'2020-11-02',''),(262,438,4,5,'2021-05-04',''),(263,438,3,4,'2020-08-03',''),(264,438,3,3,'2020-11-03',''),(265,438,3,2,'2020-12-03',''),(266,438,3,1,'2021-01-05',''),(267,438,5,7,'2020-06-01',''),(268,438,5,8,'2020-07-01',''),(269,438,5,9,'2020-08-03',''),(270,438,5,10,'2020-09-01',''),(271,438,5,11,'2020-10-01',''),(272,438,5,12,'2020-11-03',''),(273,438,5,13,'2020-12-01',''),(274,438,5,14,'2021-01-01',''),(275,438,5,15,'2021-02-01',''),(276,438,5,16,'2021-03-01','');
/*!40000 ALTER TABLE `paymentterm_period_paymentdeadline` ENABLE KEYS */;
UNLOCK TABLES;

--
-- Table structure for table `penalty`
--

DROP TABLE IF EXISTS `penalty`;
/*!40101 SET @saved_cs_client     = @@character_set_client */;
/*!40101 SET character_set_client = utf8 */;
CREATE TABLE `penalty` (
  `penalty_id` int(11) NOT NULL AUTO_INCREMENT,
  `penalty_name` varchar(255) NOT NULL,
  `penalty_amount` decimal(10,2) NOT NULL,
  `balancebreakdown_id` int(11) NOT NULL,
  `registration_id` int(11) DEFAULT NULL,
  PRIMARY KEY (`penalty_id`),
  KEY `fk_penaltyTABLE_balancebreakdown_idCOL_idx` (`balancebreakdown_id`),
  KEY `fk_penaltyTABLE_registration_idCOL_idx` (`registration_id`),
  CONSTRAINT `fk_penaltyTABLE_balancebreakdown_idCOL` FOREIGN KEY (`balancebreakdown_id`) REFERENCES `balancebreakdown` (`balancebreakdown_id`) ON DELETE NO ACTION ON UPDATE NO ACTION,
  CONSTRAINT `fk_penaltyTABLE_registration_idCOL` FOREIGN KEY (`registration_id`) REFERENCES `registration_mt` (`registration_id`) ON DELETE NO ACTION ON UPDATE NO ACTION
) ENGINE=InnoDB AUTO_INCREMENT=23 DEFAULT CHARSET=latin1;
/*!40101 SET character_set_client = @saved_cs_client */;

--
-- Dumping data for table `penalty`
--

LOCK TABLES `penalty` WRITE;
/*!40000 ALTER TABLE `penalty` DISABLE KEYS */;
INSERT INTO `penalty` VALUES (19,'Downpayment Late Payment',300.00,46,48),(20,'Downpayment Late Payment',500.00,51,195),(21,'Downpayment Late Payment',100.00,55,64),(22,'1st Month Late Payment',100.00,54,64);
/*!40000 ALTER TABLE `penalty` ENABLE KEYS */;
UNLOCK TABLES;

--
-- Table structure for table `period`
--

DROP TABLE IF EXISTS `period`;
/*!40101 SET @saved_cs_client     = @@character_set_client */;
/*!40101 SET character_set_client = utf8 */;
CREATE TABLE `period` (
  `period_id` int(11) NOT NULL AUTO_INCREMENT,
  `period_code` varchar(10) NOT NULL,
  `period_name` varchar(255) NOT NULL,
  PRIMARY KEY (`period_id`),
  UNIQUE KEY `code_UNIQUE` (`period_code`)
) ENGINE=InnoDB AUTO_INCREMENT=18 DEFAULT CHARSET=latin1;
/*!40101 SET character_set_client = @saved_cs_client */;

--
-- Dumping data for table `period`
--

LOCK TABLES `period` WRITE;
/*!40000 ALTER TABLE `period` DISABLE KEYS */;
INSERT INTO `period` VALUES (1,'FOQTR','4th Quarter'),(2,'TQTR','3rd Quarter'),(3,'SQTR','2nd Quarter'),(4,'FIQTR','1st Quarter'),(5,'SSEM','2nd Semester'),(6,'FSEM','1st Semester'),(7,'FMO','1st Month'),(8,'SECMO','2nd Month'),(9,'THMO','3rd Month'),(10,'FOMO','4th Month'),(11,'FIMO','5th Month'),(12,'SIMO','6th Month'),(13,'SEVMO','7th Month'),(14,'EMO','8th Month'),(15,'NIMO','9th Month'),(16,'TEMO','10th Month'),(17,'DPAY','Downpayment');
/*!40000 ALTER TABLE `period` ENABLE KEYS */;
UNLOCK TABLES;

--
-- Table structure for table `promotion`
--

DROP TABLE IF EXISTS `promotion`;
/*!40101 SET @saved_cs_client     = @@character_set_client */;
/*!40101 SET character_set_client = utf8 */;
CREATE TABLE `promotion` (
  `promotion_id` int(11) NOT NULL AUTO_INCREMENT,
  `student_id` int(11) NOT NULL,
  `gradelevel_id_from` int(11) NOT NULL,
  `gradelevel_id_to` int(11) NOT NULL,
  `date_of_promotion` datetime NOT NULL DEFAULT CURRENT_TIMESTAMP,
  `promoted_by_user_id` int(11) NOT NULL,
  `yearpromoted_schoolyear_id` int(11) NOT NULL,
  PRIMARY KEY (`promotion_id`),
  KEY `fk_student_promotionTABLE_student_idCOL_idx` (`student_id`),
  KEY `fk_student_promotionTABLE_gradelevel_id_fromCOL_idx` (`gradelevel_id_from`),
  KEY `fk_student_promotionTABLE_gradelevel_id_toCOL_idx` (`gradelevel_id_to`),
  KEY `fk_student_promotionTABLE_yearpromoted_schoolyear_idCOL_idx` (`yearpromoted_schoolyear_id`),
  KEY `fk_promotionTABLE_promoted_by_user_idCOL_idx` (`promoted_by_user_id`),
  CONSTRAINT `fk_promotionTABLE_gradelevel_id_fromCOL` FOREIGN KEY (`gradelevel_id_from`) REFERENCES `gradelevel_mt` (`gradelevel_id`) ON DELETE NO ACTION ON UPDATE NO ACTION,
  CONSTRAINT `fk_promotionTABLE_gradelevel_id_toCOL` FOREIGN KEY (`gradelevel_id_to`) REFERENCES `gradelevel_mt` (`gradelevel_id`) ON DELETE NO ACTION ON UPDATE NO ACTION,
  CONSTRAINT `fk_promotionTABLE_promoted_by_user_idCOL` FOREIGN KEY (`promoted_by_user_id`) REFERENCES `user_mt` (`user_id`) ON DELETE NO ACTION ON UPDATE NO ACTION,
  CONSTRAINT `fk_promotionTABLE_student_idCOL` FOREIGN KEY (`student_id`) REFERENCES `student_mt` (`student_id`) ON DELETE NO ACTION ON UPDATE NO ACTION,
  CONSTRAINT `fk_promotionTABLE_yearpromoted_schoolyear_idCOL` FOREIGN KEY (`yearpromoted_schoolyear_id`) REFERENCES `schoolyear_mt` (`schoolyear_id`) ON DELETE NO ACTION ON UPDATE NO ACTION
) ENGINE=InnoDB AUTO_INCREMENT=5 DEFAULT CHARSET=latin1;
/*!40101 SET character_set_client = @saved_cs_client */;

--
-- Dumping data for table `promotion`
--

LOCK TABLES `promotion` WRITE;
/*!40000 ALTER TABLE `promotion` DISABLE KEYS */;
INSERT INTO `promotion` VALUES (1,8,302,303,'2018-06-07 11:15:13',108,432),(2,9,302,303,'2018-06-07 11:15:13',108,432),(3,10,302,303,'2018-06-07 11:15:13',108,432),(4,11,302,303,'2018-06-07 11:15:13',108,432);
/*!40000 ALTER TABLE `promotion` ENABLE KEYS */;
UNLOCK TABLES;

--
-- Table structure for table `quarter_mt`
--

DROP TABLE IF EXISTS `quarter_mt`;
/*!40101 SET @saved_cs_client     = @@character_set_client */;
/*!40101 SET character_set_client = utf8 */;
CREATE TABLE `quarter_mt` (
  `quarter_id` int(11) NOT NULL AUTO_INCREMENT,
  `quarter_no` int(11) NOT NULL,
  `isActive` bit(1) NOT NULL DEFAULT b'1',
  `description` text,
  `date_added` datetime NOT NULL DEFAULT CURRENT_TIMESTAMP,
  PRIMARY KEY (`quarter_id`)
) ENGINE=InnoDB AUTO_INCREMENT=53 DEFAULT CHARSET=latin1;
/*!40101 SET character_set_client = @saved_cs_client */;

--
-- Dumping data for table `quarter_mt`
--

LOCK TABLES `quarter_mt` WRITE;
/*!40000 ALTER TABLE `quarter_mt` DISABLE KEYS */;
INSERT INTO `quarter_mt` VALUES (29,1,'',NULL,'2017-07-07 22:56:30'),(30,2,'',NULL,'2017-07-07 22:56:31'),(31,3,'',NULL,'2017-07-07 22:56:31'),(32,4,'',NULL,'2017-07-07 22:56:31'),(33,1,'',NULL,'2017-07-08 09:48:00'),(34,2,'',NULL,'2017-07-08 09:48:00'),(35,3,'',NULL,'2017-07-08 09:48:00'),(36,4,'',NULL,'2017-07-08 09:48:00'),(37,1,'',NULL,'2017-07-08 09:57:05'),(38,2,'',NULL,'2017-07-08 09:57:05'),(39,3,'',NULL,'2017-07-08 09:57:06'),(40,4,'',NULL,'2017-07-08 09:57:06'),(41,1,'',NULL,'2017-07-08 10:30:33'),(42,2,'',NULL,'2017-07-08 10:30:34'),(43,3,'',NULL,'2017-07-08 10:30:34'),(44,4,'',NULL,'2017-07-08 10:30:34'),(45,1,'',NULL,'2017-07-08 10:36:19'),(46,2,'',NULL,'2017-07-08 10:36:19'),(47,3,'',NULL,'2017-07-08 10:36:19'),(48,4,'',NULL,'2017-07-08 10:36:19'),(49,1,'',NULL,'2017-08-12 10:40:55'),(50,2,'',NULL,'2017-08-12 10:40:55'),(51,3,'',NULL,'2017-08-12 10:40:56'),(52,4,'',NULL,'2017-08-12 10:40:56');
/*!40000 ALTER TABLE `quarter_mt` ENABLE KEYS */;
UNLOCK TABLES;

--
-- Table structure for table `registration_mt`
--

DROP TABLE IF EXISTS `registration_mt`;
/*!40101 SET @saved_cs_client     = @@character_set_client */;
/*!40101 SET character_set_client = utf8 */;
CREATE TABLE `registration_mt` (
  `registration_id` int(11) NOT NULL AUTO_INCREMENT,
  `student_type` varchar(2) NOT NULL COMMENT 'N = New Student\nT = Transferee\n',
  `lastname` varchar(45) NOT NULL,
  `firstname` varchar(45) NOT NULL,
  `middlename` varchar(45) NOT NULL,
  `dob` date NOT NULL,
  `pob` varchar(45) NOT NULL,
  `nationality` varchar(45) NOT NULL,
  `religion` varchar(45) NOT NULL,
  `gender` bit(1) NOT NULL,
  `father_firstname` varchar(45) NOT NULL,
  `father_middlename` varchar(45) NOT NULL,
  `father_lastname` varchar(45) NOT NULL,
  `father_occupation` varchar(45) NOT NULL,
  `father_officephone_no` varchar(45) NOT NULL,
  `father_mobile_no` varchar(45) DEFAULT NULL,
  `isFatherContactInCaseEmergency` bit(1) NOT NULL DEFAULT b'0',
  `mother_firstname` varchar(45) NOT NULL,
  `mother_middlename` varchar(45) DEFAULT NULL,
  `mother_lastname` varchar(45) NOT NULL,
  `mother_occupation` varchar(45) NOT NULL,
  `mother_officephone_no` varchar(45) NOT NULL,
  `mother_mobile_no` varchar(45) DEFAULT NULL,
  `isMotherContactInCaseEmergency` bit(1) NOT NULL DEFAULT b'0',
  `guardian_lastname` varchar(45) DEFAULT NULL,
  `guardian_firstname` varchar(45) DEFAULT NULL,
  `guardian_middlename` varchar(45) DEFAULT NULL,
  `guardian_occupation` varchar(45) DEFAULT NULL,
  `guardian_mobile_no` varchar(45) DEFAULT NULL,
  `guardian_relation_to_student` varchar(45) DEFAULT NULL,
  `isGuardianContactInCaseEmergency` bit(1) DEFAULT b'0',
  `school_last_attended` varchar(45) DEFAULT NULL,
  `school_last_attended_address` varchar(100) DEFAULT NULL,
  `room_or_house_no` varchar(45) DEFAULT NULL,
  `street` varchar(45) DEFAULT NULL,
  `brgy_or_subd` varchar(45) DEFAULT NULL,
  `city` varchar(45) DEFAULT NULL,
  `region` varchar(45) DEFAULT NULL,
  `gradelevel_no` int(11) NOT NULL,
  `schoolyear_yearfrom` int(11) DEFAULT NULL,
  `date_registered` datetime NOT NULL DEFAULT CURRENT_TIMESTAMP,
  `is_registration_active` bit(1) NOT NULL DEFAULT b'1',
  `picture_image_path` varchar(255) DEFAULT NULL,
  PRIMARY KEY (`registration_id`)
) ENGINE=InnoDB AUTO_INCREMENT=203 DEFAULT CHARSET=latin1 COMMENT='Master Table for registration of new students and transferees ';
/*!40101 SET character_set_client = @saved_cs_client */;

--
-- Dumping data for table `registration_mt`
--

LOCK TABLES `registration_mt` WRITE;
/*!40000 ALTER TABLE `registration_mt` DISABLE KEYS */;
INSERT INTO `registration_mt` VALUES (7,'N','Cruz','Marcus','Lozano','2011-03-15','Philippines','Filipino','Catholic','','Test','Sanchez','Lutz','Doctor','1234567896','0900151515','','Test','Murillo','Alvarez','Nurse','987654321','0922656565','','Fuentes','Leo','Rumualdez','Teacher','09556565457','Uncle','','FEU','Manila','20','Meza','Kanluran','Quezon City','NCR',0,2018,'2018-02-07 10:04:30','',NULL),(8,'N','Ashton','Alvin','Nuggets','2018-02-21','Philippines','Catholic','','','Test','Test','Test','Test','Test','Test','\0','Test','Test','Test','Test','Test','Test','','Test','Test','Test','Test','Test','','','Test','Test','Test','Test','Test','Test','Test',7,2018,'2018-02-07 13:01:18','',NULL),(9,'N','Doe','John','D.','2017-05-14','Quezon City','Filipino','Catholic','','Sr. John','Sr. John','Doe','Dentist','9152626','09211234567','','','','','','9152626','','\0','','','','','','','\0','','','12','Jade','Capitol','Quezon City','',1,2018,'2018-02-12 22:00:39','',NULL),(10,'N','Sarmiento','Jason','D.','2005-02-01','Manila','Filipino','Catholic','','Pablito','Pablito','Sarmiento','Manager','123456789','0905111111','','Anna','H.','Pimiento','Business Owner','123456789','0912345678','','','','','','','','\0','','','50','Narra','Mapayapa','Quezon City','NCR',1,2018,'2018-02-13 19:03:09','',NULL),(11,'T','Smith','John','L.','2008-02-14','NCR','Filipino','Catholic','','Ron','Ron','Smith','Manager','25632','202641','','Melinda','O.','Smith','Housewife','25632','56553','\0','','','','','','','\0','','','02','Fortune','Filinvest','Quezon','NCR',0,2018,'2018-02-14 07:41:29','',NULL),(12,'N','Smith','Vincent','A.','2007-02-14','NCR','','','','Ron','Ron','Smith','Manager','65644','52121','\0','Melinda','O.','Smith','Housewife','65644','22434','\0','','','','','','','\0','','','02','Fortune','Filinvest','Quezon','NCR',0,2018,'2018-02-14 07:45:05','',NULL),(13,'N','Barrera','Eugene','B.','2007-02-14','NCR','Filipino','Catholic','','Leo','Leo','Barrera','Supervisor','66535','5653232','','Maria','A.','Barrera','CSR','66535','8543431','','','','','','','','\0','','','45','Perkin','Eastbound','Quezon','NCR',0,2018,'2018-02-14 07:47:43','',NULL),(14,'N','Coto','Almira','C.','2007-02-14','NCR','Filipino','Catholic','\0','Cesar','Cesar','Coto','Manager','656312','544231','','Maria','W.','Coto','Housewife','656312','6574654','','','','','','','','\0','','','63','Ivory','Sandigan','Quezon','NCR',0,2018,'2018-02-14 07:49:30','',NULL),(15,'N','Kumar','Amihan','D.','2007-02-14','NCR','Filipino','Muslim','','Ron','Ron','Kumar','Manager','523265','','\0','Linda','P.','Kumar','Housewife','523265','','','','','','','','','\0','','','852','Winston','Cubao','Quezon','NCR',0,2018,'2018-02-14 07:55:29','',NULL),(16,'N','Kumar','Ben','E.','2007-02-14','NCR','Filipino','Catholic','\0','Ron','Ron','Kumar','Manager','523265','','','Linda','P.','Kumar','Housewife','523265','','\0','','','','','','','\0','','','563','Ivory','Golden Valley','Mandaluyong','NCR',0,2018,'2018-02-14 07:58:19','',NULL),(17,'N','Santos','Cara','F.','2007-02-14','NCR','Filipino','Catholic','\0','Ron','Ron','Santos','Manager','523265','','','Linda','P.','Santos','Housewife','523265','','','','','','','','','\0','','','56','Ivory','Golden Valley','Mandaluyong','NCR',0,2018,'2018-02-14 07:59:44','',NULL),(18,'N','Sanches','Corry','G.','2007-02-14','NCR','Filipino','Catholic','\0','Ron','Ron','Sanches','Manager','523265','','','Linda','P.','Sanches','Housewife','523265','','','','','','','','','\0','','','01','Ivory','Golden Valley','Quezon','NCR',0,2018,'2018-02-14 08:01:05','',NULL),(19,'N','Caparas','Sarah','H.','2007-02-14','NCR','Filipino','Catholic','\0','Ron','Ron','Caparas','Manager','523265','','','Linda','P.','Caparas','Housewife','523265','','\0','','','','','','','\0','','','6968','Ivory','Golden Valley','Pasig','NCR',0,2018,'2018-02-14 08:02:42','',NULL),(20,'N','Cafino','Sherrie','I.','2007-02-14','NCR','Filipino','Catholic','\0','Ron','Ron','Cafino','Manager','523265','','\0','Linda','W.','Cafino','Manager','523265','','','','','','','','','\0','','','63','Ivory','Golden Valley','Mandaluyong','NCR',0,2018,'2018-02-14 08:03:51','',NULL),(21,'N','Cariaso','Vince','J.','2007-02-14','NCR','Filipino','Catholic','','Ron','Ron','Cariaso','Manager','523265','','','Linda','W.','Cariaso','Manager','523265','','','','','','','','','\0','','','','','','','',0,2018,'2018-02-14 08:05:30','',NULL),(22,'N','Yuugi','Megumi','K.','2007-02-14','Tokyo','Japanese','Buddhist','\0','','','','','','','\0','Linda','W.','Yuugi Yuugi','Manager','','','','Yuugi','Ron','W.','Manager','523265','Uncle','','','','32','Ivory','','','',0,2018,'2018-02-14 08:16:03','',NULL),(23,'N','Hakushu','Eugene','L.','2007-02-14','NCR','Filipino','Catholic','','Ron','Ron','Hakushu','Manager','523265','','','Linda','W.','Hakushu','Manager','523265','','','','','','','','','\0','','','87','Ivory','Golden Valley','Mandaluyong','NCR',0,2018,'2018-02-14 08:17:50','',NULL),(24,'N','Picache','Chelsea','M.','2007-02-14','NCR','Filipino','Catholic','\0','Ron','Ron','Picache','Manager','523265','','','Linda','W.','Picache','Manager','523265','','','','','','','','','\0','','','9','Ivory','Golden Valley','Caloocan','NCR',0,2018,'2018-02-14 08:20:49','',NULL),(25,'N','Piring','Anna','N.','2007-02-14','NCR','Filipino','Catholic','\0','Ron','Ron','Piring','Manager','523265','','','Linda','W.','Piring','Manager','523265','','','','','','','','','\0','','','52','Ivory','Golden Valley','Pasig','NCR',0,2018,'2018-02-14 08:22:18','',NULL),(26,'N','Ferriols','Miki','O.','2007-02-14','NCR','Filipino','Catholic','\0','Ron','Ron','Ferriols','Manager','523265','','','Linda','W.','Ferriols','Manager','523265','','','','','','','','','\0','','','74','Ivory','Golden Valley','Mandaluyong','NCR',0,2018,'2018-02-14 08:25:38','',NULL),(27,'N','Panelo','Roberto','P.','2007-02-14','NCR','Filipino','Catholic','','Ron','Ron','Panelo','Manager','523265','','','Linda','W.','Panelo','Manager','523265','','','','','','','','','\0','','','6','Ivory','Golden Valley','Caloocan','NCR',0,2018,'2018-02-14 08:27:08','',NULL),(28,'N','Reynolds','Ryan','Q.','2007-02-14','NCR','Filipino','Catholic','','Ron','Ron','Reynolds','Manager','521254','','','Linda','P.','Reynolds','Manager','521254','','','','','','','','','\0','','','54','Ivory','Golden Valley','Manila','NCR',0,2018,'2018-02-14 08:28:26','',NULL),(29,'N','Gan','Donnie','R.','2007-02-14','NCR','Filipino','Catholic','','Ron','Ron','Gan','Manager','521254','','','Linda','W.','Gan','Manager','521254','','\0','','','','','','','\0','','','05','Ivory','Golden Valley','Caloocan','NCR',0,2018,'2018-02-14 08:29:31','',NULL),(30,'N','Park','Donald','S.','2007-02-14','NCR','Filipino','Catholic','','Ron','Ron','Park','Manager','523265','','','Linda','P.','Park','Manager','523265','','','','','','','','','\0','','','85','Ivory','Golden Valley','Quezon','NCR',0,2018,'2018-02-14 08:30:54','',NULL),(31,'N','Andrade','Cheska','T.','2007-02-14','NCR','Filipino','Catholic','\0','Ron','Ron','Andrade','Manager','523265','','\0','Linda','W.','Andrade','Manager','523265','','','','','','','','','\0','','','','Ivory','Golden Valley','Manila','NCR',0,2018,'2018-02-14 08:31:53','',NULL),(32,'N','Alonzo','Susie','U.','2007-02-14','NCR','Filipino','Catholic','\0','Ron','Ron','Alonzo','Manager','521254','','','Linda','P.','Alonzo','Manager','521254','','','','','','','','','\0','','','45','Ivory','Golden Valley','Mandaluyong','NCR',0,2018,'2018-02-14 08:33:03','',NULL),(33,'N','Chu','Kim','V.','2007-02-14','NCR','Filipino','Catholic','\0','Ron','Ron','Chu','Manager','523265','','','Linda','W.','Chu','Manager','523265','','','','','','','','','\0','','','56','Ivory','Golden Valley','Caloocan','NCR',0,2018,'2018-02-14 08:34:47','',NULL),(34,'N','Andres','Mary','W.','2007-02-14','NCR','Filipino','Catholic','\0','Linda','Linda','Andres','Manager','521254','','','Linda','W.','Andres','Manager','521254','','','','','','','','','\0','','','42','Ivory','Golden Valley','Manila','NCR',0,2018,'2018-02-14 08:36:08','',NULL),(35,'N','Bergamu','Camille','Y.','2007-02-14','NCR','','','\0','Ron','Ron','Bergamu','Manager','523265','','','Linda','W.','Bergamu','Manager','523265','','','','','','','','','\0','','','23','Ivory','Golden Valley','Mandaluyong','NCR',0,2018,'2018-02-14 08:37:13','',NULL),(36,'N','Bennings','Chester','Z.','2007-02-14','NCR','','','','Ron','Ron','Bennings','Manager','523265','','','Linda','W.','Bennings','Manager','523265','','','','','','','','','\0','','','02','Ivory','Golden Valley','Caloocan','NCR',0,2018,'2018-02-14 08:38:24','',NULL),(37,'N','Benlot','Silverio','A.','2007-02-14','NCR','','','','Ron','Ron','Benlot','Manager','523265','','','Linda','W.','Benlot','Manager','523265','','','','','','','','','\0','','','05','Ivory','Golden Valley','Mandaluyong','NCR',0,2018,'2018-02-14 08:39:20','',NULL),(38,'N','De La Cerna','Robin','B.','2007-02-14','NCR','','Catholic','','Ron','Ron','De La Cerna','Manager','521254','','\0','Linda','W.','De La Cerna','Manager','521254','','','','','','','','','\0','','','8','Ivory','Golden Valley','Manila','NCR',0,2018,'2018-02-14 08:40:20','',NULL),(39,'N','De La Paz','Markie','C.','2007-02-14','NCR','','','','Ron','Ron','De La Paz','Manager','521254','','','Linda','W.','De La Paz','Manager','521254','','\0','','','','','','','\0','','','9','Ivory','Golden Valley','Caloocan','NCR',0,2018,'2018-02-14 08:41:21','',NULL),(40,'T','Ching','Katrina','A.','2008-08-17','NCR','','','\0','Robert','Robert','Ching','Supervisor','9326532','','','Elena','O.','Ching','Supervisor','9326532','','\0','','','','','','','\0','','','01','Garnet','Mountain View','Mandaluyong','NCR',1,2018,'2018-02-14 08:50:31','',NULL),(41,'N','Kudo','Ken','B.','2008-08-17','NCR','','Catholic','','Robert','Robert','Kudo','Supervisor','9326532','','','Elena','O.','Kudo','Supervisor','9326532','','','','','','','','','\0','','','02','Garnet','Mountain View','Caloocan','NCR',1,2018,'2018-02-14 08:51:43','',NULL),(42,'N','Rukawa','Kaede','C.','2008-08-17','Japan','Japanese','Taoism','','Robert','Robert','Rukawa','Supervisor','9326532','','','Elena','O.','Rukawa','Supervisor','9326532','','','','','','','','','\0','','','03','Garnet','Mountain View','Pasig','Japan',1,2018,'2018-02-14 08:53:03','',NULL),(43,'N','Sarmiento','Mia','D.','2008-08-17','NCR','','','','Robert','Robert','Sarmiento','Supervisor','9326532','','\0','Elena','O.','Sarmiento','Supervisor','9326532','','','','','','','','','\0','','','04','Garnet','Mountain View','Pasig','NCR',1,2018,'2018-02-14 08:54:08','',NULL),(44,'N','Taruc','Jake','E.','2008-08-17','NCR','','','','Robert','Robert','Taruc','Supervisor','9326532','','','Elena','O.','Taruc','Supervisor','9326532','','','','','','','','','\0','','','05','Garnet','Mountain View','Manila','NCR',1,2018,'2018-02-14 08:55:02','',NULL),(45,'N','Davao','Ricky','F.','2008-08-17','NCR','','Catholic','','Robert','Robert','Davao','Supervisor','9326532','','','Elena','O.','Davao','Supervisor','9326532','','','','','','','','','\0','','','06','Garnet','Mountain View','Manila','NCR',1,2018,'2018-02-14 08:56:00','',NULL),(46,'N','Davila','Carina','G','2008-08-17','NCR','','','\0','Robert','Robert','Davila','Supervisor','9326532','','','Elena','O.','Davila','Supervisor','9326532','','\0','','','','','','','\0','','','07','Garnet','Supervisor','Caloocan','NCR',1,2018,'2018-02-14 08:57:09','',NULL),(47,'N','Uson','Peachie','H','2008-08-17','NCR','','','\0','Robert','Robert','Uson','Supervisor','9326532','','','Elena','O.','Uson','Supervisor','9326532','','\0','','','','','','','\0','','','08','Garnet','Mountain View','Pasig','NCR',1,2018,'2018-02-14 08:58:11','',NULL),(48,'N','Borromeo','Queenie','I','2008-08-17','NCR','','','\0','Robert','Robert','Borromeo','Supervisor','9326532','','','Elena','O.','Borromeo','Supervisor','9326532','','','','','','','','','\0','','','','Garnet','Mountain View','Manila','NCR',1,2018,'2018-02-14 08:59:00','',NULL),(49,'N','Pansil','Rob','J','2008-08-17','NCR','','','','Robert','Robert','Pansil','Supervisor','9326532','','','Elena','O.','Pansil','Supervisor','9326532','','\0','','','','','','','\0','','','09','Garnet','Mountain View','Mandaluyong','NCR',1,2018,'2018-02-14 09:00:05','',NULL),(50,'N','Caruso','Bobby','K','2008-08-17','NCR','','','','Robert','Robert','Caruso','Supervisor','9326532','','','Elena','O.','Caruso','Supervisor','9326532','','\0','','','','','','','\0','','','10','Garnet','Mountain View','Manila','NCR',1,2018,'2018-02-14 09:00:57','',NULL),(51,'N','Cerna','Roby','L','2008-08-17','','','','','','','Cerna','','','','\0','','','Cerna','','','','\0','','','','','','','\0','','','','','','','',1,2018,'2018-02-14 09:01:38','',NULL),(52,'N','Cena','Rudy','M','2008-08-17','','','','','','','','','','','\0','','','','','','','\0','','','','','','','\0','','','','','','','',1,2018,'2018-02-14 09:02:45','',NULL),(53,'N','Domingo','Ferdie','N','2008-08-17','','','','','','','','','','','\0','','','','','','','\0','','','','','','','\0','','','','','','','',1,2018,'2018-02-14 09:05:24','',NULL),(54,'N','Dumo','Earl','O','2008-08-17','','','','','','','','','','','\0','','','','','','','\0','','','','','','','\0','','','','','','','',1,2018,'2018-02-14 09:05:44','',NULL),(55,'N','Ellison','Earl','P','2008-08-17','','','','','','','','','','','\0','','','','','','','\0','','','','','','','\0','','','','','','','',1,2018,'2018-02-14 09:06:02','',NULL),(56,'N','Tesla','Jackson','Q','2008-08-17','','','','','','','','','','','\0','','','','','','','\0','','','','','','','\0','','','','','','','',1,2018,'2018-02-14 09:06:18','',NULL),(57,'N','Agatep','Rob','R','2008-08-17','','','','','','','','','','','\0','','','','','','','\0','','','','','','','\0','','','','','','','',1,2018,'2018-02-14 09:06:31','',NULL),(58,'N','Prejo','Ruby','S','2008-08-17','','','','\0','','','','','','','\0','','','','','','','\0','','','','','','','\0','','','','','','','',1,2018,'2018-02-14 09:06:43','',NULL),(59,'N','Prenda','Princess','T','2008-08-17','','','','\0','','','','','','','\0','','','','','','','\0','','','','','','','\0','','','','','','','',1,2018,'2018-02-14 09:06:57','',NULL),(60,'N','Pasilan','Anna','U','2008-08-17','','','','\0','','','','','','','\0','','','','','','','\0','','','','','','','\0','','','','','','','',1,2018,'2018-02-14 09:07:40','',NULL),(61,'N','Puno','Analyn','W','2008-08-17','NCR','Filipino','Catholic','\0','Robert','Robert','Puno','Supervisor','9326532','','','Elena','O.','Puno','Supervisor','9326532','','\0','','','','','','','\0','','','11','Garnet','Mountain View','Pasig','NCR',1,2018,'2018-02-14 09:08:52','',NULL),(62,'N','Parento','Sierra','X','2008-08-17','NCR','Filipino','Catholic','\0','Robert','Robert','Parento','Supervisor','9326532','','\0','Elena','O.','Parento','Supervisor','9326532','','','','','','','','','\0','','','12','Garnet','Mountain View','Manila','NCR',1,2018,'2018-02-14 09:10:19','',NULL),(63,'N','Pingkian','Pacita','Y','2008-08-17','NCR','Filipino','Catholic','\0','Robert','Robert','Pingkian','Supervisor','9326532','','','Elena','O.','Pingkian','Supervisor','9326532','','','','','','','','','\0','','','13','Garnet','Mountain View','Manila','NCR',1,2018,'2018-02-14 09:11:18','',NULL),(64,'N','Brown','Charlie','Z','2008-08-17','NCR','Filipino','Catholic','','Robert','Robert','Brown','','','','','Elena','O.','Brown','','','','\0','','','','','','','\0','','','14','Garnet','Mountain View','Manila','NCR',1,2018,'2018-02-14 09:11:59','',NULL),(65,'N','Miller','Tommy','A.','2008-08-17','NCR','Filipino','Catholic','','Robert','Robert','Miller','Supervisor','9326532','','\0','Elena','O.','Miller','Supervisor','9326532','','','','','','','','','\0','','','15','Garnet','Mountain View','','NCR',1,2018,'2018-02-14 09:13:00','',NULL),(66,'N','Davos','Ivan','B.','2008-08-17','NCR','Filipino','Catholic','','Robert','Robert','Davos','Supervisor','9326532','','\0','Elena','O.','Davos','Supervisor','9326532','','','','','','','','','\0','','','16','Garnet','Mountain View','Quezon','NCR',1,2018,'2018-02-14 09:13:52','',NULL),(67,'N','Clark','Kent','C.','2008-08-17','NCR','Filipino','Catholic','','Robert','Robert','Clark','Supervisor','9326532','','\0','Elena','O.','Clark','Supervisor','9326532','','','','','','','','','\0','','','16','Garnet','Mountain View','Caloocan','NCR',1,2018,'2018-02-14 09:14:54','',NULL),(68,'N','Hall','Marianne','D.','2008-08-17','NCR','Filipino','Catholic','\0','Robert','Robert','Hall','Supervisor','9326532','','','Elena','O.','Hall','Supervisor','9326532','','','','','','','','','\0','','','18','Garnet','Mountain View','Caloocan','NCR',1,2018,'2018-02-14 09:15:49','',NULL),(69,'N','Moore','Candy','E.','2008-08-17','NCR','Filipino','Catholic','\0','Robert','Robert','Moore','Supervisor','9326532','','','Elena','O.','Moore','Supervisor','9326532','','','','','','','','','\0','','','19','Garnet','Mountain View','Caloocan','NCR',1,2018,'2018-02-14 09:16:45','',NULL),(70,'N','Lee','Jenny','A.','2012-08-21','NCR','Filipino','Catholic','\0','Cesar','Cesar','Lee','Principal','948532','','','Carla','T.','Lee','Principal','948532','','\0','','','','','','','\0','','','1','Joshua','Capitol Heights','Caloocan','NCR',2,2018,'2018-02-14 09:21:30','',NULL),(71,'N','Baker','Ken','B.','2012-08-21','NCR','Filipino','Catholic','','Cesar','Cesar','Baker','Principal','948532','','','Carla','T.','Baker','Principal','948532','','','','','','','','','\0','','','02','Joshua','Capitol Heights','Quezon','NCR',2,2018,'2018-02-14 09:22:36','',NULL),(72,'N','Harris','Ben','C.','2012-08-21','NCR','Filipino','Catholic','','Cesar','Cesar','Harris','Principal','948532','','','Carla','T.','Harris','Principal','948532','','','','','','','','','\0','','','06','Joshua','Project 8','Quezon','NCR',2,2018,'2018-02-14 09:23:34','',NULL),(73,'T','Prieto','Celia','D.','2012-08-21','NCR','Filipino','Catholic','\0','Cesar','Cesar','Prieto','Principal','948532','','','Carla','T.','Prieto','Principal','948532','','','','','','','','','\0','St. Bridget','Kamuning QC','08','Joshua','Project 8','Quezon','NCR',2,2018,'2018-02-14 09:24:52','',NULL),(74,'T','Pacundo','Moira','D.','2012-08-21','NCR','Filipino','Catholic','\0','Cesar','Cesar','Prieto','Principal','948532','','','Carla','T.','Prieto','Principal','948532','','','','','','','','','\0','','','56','Joshua','Project 8','Quezon','NCR',2,2018,'2018-02-14 09:26:13','',NULL),(75,'N','Magsikap','Maika','F.','2012-08-21','NCR','Filipino','Catholic','\0','Cesar','Cesar','Magsikap','Principal','948532','','','Carla','T.','Magsikap','Principal','948532','','\0','','','','','','','\0','','','52','Joshua','Project 8','NCR','NCR',2,2018,'2018-02-14 09:27:11','',NULL),(76,'T','Magsaysay','Millie','G','2012-08-21','NCR','Filipino','Catholic','\0','Cesar','Cesar','Magsaysay','Principal','948532','','','Carla','T.','Magsaysay','Principal','948532','','\0','','','','','','','\0','','','89','Joshua','Project 8','Quezon','NCR',2,2018,'2018-02-14 09:28:34','',NULL),(77,'N','Morris','Mark','H','2012-08-21','NCR','Filipino','Catholic','','Cesar','Cesar','Morris','Principal','948532','','\0','Carla','T.','Morris','Principal','948532','','','','','','','','','\0','','','63','Gumamela','Project 8','Mandaluyong','NCR',2,2018,'2018-02-14 09:29:33','',NULL),(78,'T','Taruc','Mylene','I','2012-08-21','NCR','Filipino','Catholic','\0','Cesar','Cesar','Taruc','Principal','948532','','','Carla','T.','Taruc','Principal','948532','','\0','','','','','','','\0','','','2','Gumamela','Project 8','NCR','NCR',2,2018,'2018-02-14 09:30:36','',NULL),(79,'N','Pansil','Mirana','J','2012-08-21','NCR','Filipino','Catholic','\0','Cesar','Cesar','Pansil','Principal','948532','','','Carla','T.','Pansil','Principal','948532','','','','','','','','','\0','','','6','Gumamela','Project 8','Mandaluyong','NCR',2,2018,'2018-02-14 09:31:26','',NULL),(80,'N','Dumo','Susie','K','2012-08-21','NCR','Filipino','Catholic','\0','Cesar','Cesar','Dumo','Principal','948532','','\0','Carla','T.','Dumo','Principal','948532','','','','','','','','','\0','','','89','Gumamela','Project 8','Manila','NCR',2,2018,'2018-02-14 09:32:17','',NULL),(81,'N','Morgan','Valerie','L','2012-08-21','NCR','Filipino','Catholic','\0','Cesar','Cesar','Morgan','Principal','948532','','\0','Carla','T.','Morgan','Principal','948532','','','','','','','','','\0','','','52','Gumamela','Project 8','Caloocan','NCR',2,2018,'2018-02-14 09:33:11','',NULL),(82,'T','Cooper','Yanna','M','2012-08-21','NCR','Filipino','Catholic','\0','Cesar','Cesar','Cooper','Principal','948532','','\0','Carla','T.','Cooper','Principal','948532','','\0','','','','','','','\0','','','63','Gumamela','Project 8','Caloocan','NCR',5,2018,'2018-02-14 09:35:28','',NULL),(83,'T','Graham','Lorie','N','2012-08-21','NCR','Filipino','Catholic','\0','Cesar','Cesar','Graham','Principal','948532','','','Carla','T.','Graham','Principal','948532','','','','','','','','','\0','','','23','Gumamela','Project 8','Manila','NCR',2,2018,'2018-02-14 09:36:31','',NULL),(84,'N','Stone','Lorianna','O','2012-08-21','NCR','Filipino','Catholic','\0','Cesar','Cesar','Stone','Principal','948532','','','Carla','T.','Stone','Principal','948532','','','','','','','','','\0','','','96','Gumamela','Project 8','Manila','NCR',2,2018,'2018-02-14 09:37:17','',NULL),(85,'N','Porter','Lara','P','2012-08-21','NCR','Filipino','Catholic','\0','Cesar','Cesar','Porter','Principal','948532','','','Carla','T.','Porter','Principal','948532','','','','','','','','','\0','','','52','Gumamela','Project 8','Mandaluyong','NCR',2,2018,'2018-02-14 09:38:24','',NULL),(86,'N','Long','Susan','Q','2012-08-21','NCR','Filipino','Catholic','\0','Cesar','Cesar','Long','Principal','948532','','','Carla','T.','Long','Principal','948532','','','','','','','','','\0','','','56','Gumamela','Project 8','Pasig','NCR',2,2018,'2018-02-14 09:39:25','',NULL),(87,'N','Sue','Cathy','R','2012-08-21','NCR','Filipino','Catholic','\0','Cesar','Cesar','Sue','Principal','948532','','\0','Carla','T.','Sue','Principal','948532','','','','','','','','','\0','','','96','Gumamela','Project 8','Pasig','NCR',2,2018,'2018-02-14 09:40:17','',NULL),(88,'N','Webb','Pinkie','S','2012-08-21','NCR','Filipino','Catholic','\0','Cesar','Cesar','Webb','Principal','948532','','','Carla','T.','Webb','Principal','948532','','','','','','','','','\0','','','87','Gumamela','Project 8','','NCR',2,2018,'2018-02-14 09:41:04','',NULL),(89,'N','Lincoln','Queenie','T','2012-08-21','NCR','Filipino','Catholic','\0','Cesar','Cesar','Lincoln','Principal','948532','','','Carla','T.','Lincoln','Principal','948532','','','','','','','','','\0','','','45','Gumamela','Project 8','Mandaluyong','NCR',2,2018,'2018-02-14 09:42:18','',NULL),(90,'N','Magtaka','Alexander','U','2012-08-21','NCR','Filipino','Catholic','','Cesar','Cesar','Magtaka','Principal','948532','','\0','Carla','T.','Magtaka','Principal','948532','','','','','','','','','\0','','','23','Gumamela','Project 8','Quezon','NCR',2,2018,'2018-02-14 09:43:21','',NULL),(91,'N','Magpantay','Dora','W','2012-08-21','NCR','Filipino','Catholic','\0','Cesar','Cesar','Magpantay','Principal','948532','','\0','Carla','T.','Magpantay','Principal','948532','','','','','','','','','\0','','','24','Gumamela','Project 8','Mandaluyong','NCR',2,2018,'2018-02-14 09:44:19','',NULL),(92,'N','Reyes','Dorry','X','2012-08-21','NCR','Filipino','Catholic','\0','Cesar','Cesar','Reyes','Principal','948532','','\0','Carla','T.','Reyes','Principal','948532','','','','','','','','','\0','','','96','Gumamela','Project 8','Mandaluyong','NCR',2,2018,'2018-02-14 09:45:06','',NULL),(93,'N','Garcia','Lena','Y','2012-08-21','NCR','Filipino','Catholic','\0','Cesar','Cesar','Garcia','Principal','948532','','','Carla','T.','Garcia','Principal','948532','','\0','','','','','','','\0','','','85','Gumamela','Project 8','Pasig','NCR',2,2018,'2018-02-14 09:46:26','',NULL),(94,'N','Mendoza','Maxine','Z','2012-08-21','NCR','Filipino','Catholic','\0','Cesar','Cesar','Mendoza','Principal','948532','','','Carla','T.','Mendoza','Principal','948532','','','','','','','','','\0','','','74','Gumamela','Project 8','Caloocan','NCR',2,2018,'2018-02-14 09:47:20','',NULL),(95,'N','Cruz','Camille','A.','2012-08-21','NCR','Filipino','Catholic','\0','Cesar','Cesar','Cruz','Principal','948532','','','Carla','T.','Cruz','Principal','948532','','','','','','','','','\0','','','87','Gumamela','Project 8','Caloocan','NCR',2,2018,'2018-02-14 09:48:02','',NULL),(96,'N','Barreto','Camille','D.','2012-08-21','NCR','Filipino','Catholic','\0','Cesar','Cesar','Cruz','Principal','948532','','\0','Cesar Carla','T.','Cruz','Principal','948532','','','','','','','','','\0','','','100','Gumamela','Project 8','Quezon','NCR',2,2018,'2018-02-14 09:48:58','',NULL),(97,'N','Ulanday','Markie','B.','2012-08-21','NCR','Filipino','Catholic','','Cesar','Cesar','Ulanday','Principal','948532','','','Carla','T.','Ulanday','Principal','948532','','','','','','','','','\0','','','98','Gumamela','Project 8','Caloocan','NCR',2,2018,'2018-02-14 09:50:05','',NULL),(98,'N','Obrero','Candy','C.','2012-08-21','NCR','Filipino','Catholic','\0','Cesar','Cesar','Obrero','Principal','948532','','','Carla','T.','Obrero','Principal','948532','','','','','','','','','\0','','','963','Gumamela','Project 8','Quezon','NCR',2,2018,'2018-02-14 09:51:18','',NULL),(99,'N','Ortiz','Ronaldo','D.','2012-08-21','NCR','Filipino','Catholic','','Cesar','Cesar','Ortiz','Principal','948532','','','Carla','T.','Ortiz','Principal','948532','','','','','','','','','\0','','','966','Gumamela','Project 8','Mandaluyong','NCR',2,2018,'2018-02-14 09:52:08','',NULL),(100,'N','Oranio','Jackie','E.','2012-08-21','NCR','Filipino','Catholic','\0','Cesar','Cesar','Oranio','Principal','948532','','','Carla','T.','Oranio','Principal','948532','','','','','','','','','\0','','','52','Gumamela','Project 8','Caloocan','NCR',2,2018,'2018-02-14 09:53:08','',NULL),(101,'N','Ford','Hermoine','A.','2009-05-09','NCR','Filipino','Catholic','\0','Salvador','Salvador','Ford','Principal','948532','','','Susan','E.','Ford','Principal','948532','','','','','','','','','\0','','','63','Ruby','Spring Valley','Mandaluyong','NCR',3,2018,'2018-02-14 09:55:46','',NULL),(102,'T','Gordon','Jerry','B.','2009-05-09','NCR','Filipino','Catholic','','Salvador','Salvador','Gordon','Principal','948532','','','Susan','E.','Gordon','Principal','948532','','','','','','','','','\0','','','96','Ruby','Spring Valley','Mandaluyong','NCR',3,2018,'2018-02-14 09:56:41','',NULL),(103,'T','Damaso','Michael','J','2009-05-09','NCR','Filipino','Catholic','','Salvador','Salvador','Damaso','Principal','948532','','','Susan','E.','Damaso','Principal','948532','','\0','','','','','','','\0','','','63','Ruby','Spring Valley','Manila','NCR',3,2018,'2018-02-14 09:57:53','',NULL),(104,'N','Dunn','John','C.','2009-05-09','NCR','Filipino','Catholic','','Salvador','Salvador','Dunn','Engineer','948532','','','Susan','E.','Dunn','Engineer','948532','','','','','','','','','\0','','','42','Ruby','Spring Valley','Quezon','NCR',3,2018,'2018-02-14 09:58:50','',NULL),(105,'T','Knight','Kirby','D.','2009-05-09','NCR','Filipino','Catholic','','Salvador','Salvador','Knight','Engineer','948532 948532 948532','','','Susan','E.','Knight','Engineer','948532 948532 948532','','','','','','','','','\0','','','2','Ruby','Spring Valley','Caloocan','NCR',3,2018,'2018-02-14 09:59:39','',NULL),(106,'N','Gardner','Johnson','E.','2009-05-09','NCR','Filipino','Catholic','','Salvador','Salvador','Gardner','Engineer','948532','','','Susan','E.','Gardner','Engineer','948532','','','','','','','','','\0','','','6','Ruby','Spring Valley','Mandaluyong','NCR',3,2018,'2018-02-14 10:00:55','',NULL),(107,'N','Wheeler','Bruce','F.','2009-05-09','NCR','Filipino','Catholic','','Salvador','Salvador','Wheeler','Engineer','948532','','','Susan','E.','Wheeler','Engineer','948532','','','','','','','','','\0','','','65','Ruby','Spring Valley','Quezon','NCR',3,2018,'2018-02-14 10:01:50','',NULL),(108,'N','Martin','Anna','G','2009-05-09','NCR','Filipino','Catholic','\0','Salvador','Salvador','Martin','Engineer','948532','','\0','Susan','E.','Martin','Engineer','948532','','','','','','','','','\0','','','9','Ruby','Spring Valley','Quezon','NCR',3,2018,'2018-02-14 10:02:40','',NULL),(109,'N','Pena','Perry','H','2009-05-09','NCR','Filipino','Catholic','\0','Salvador','Salvador','Pena','Engineer','948532','','','Susan','E.','Pena','Engineer','948532','','\0','','','','','','','\0','','','6','Ruby','Spring Valley','Caloocan','NCR',3,2018,'2018-02-14 10:03:31','',NULL),(110,'N','Domingo','Jordan','I','2009-05-09','NCR','Filipino','Catholic','','Salvador','Salvador','Domingo','Engineer','948532','','\0','Susan','E.','Domingo','Engineer','948532','','','','','','','','','\0','','','52','Ruby','Spring Valley','Quezon','NCR',3,2018,'2018-02-14 10:04:40','',NULL),(111,'N','Damaso','Joe','A','2009-05-09','NCR','Filipino','Catholic','','Salvador','Salvador','Damaso','Engineer','948532','','','Susan','E.','Damaso','Engineer','948532','','','','','','','','','\0','','','8','Ruby','Spring Valley','Caloocan','NCR',3,2018,'2018-02-14 10:05:32','',NULL),(112,'N','Powers','Collin','K','2009-05-09','NCR','Filipino','Catholic','','Salvador','Salvador','Powers','Engineer','948532','','\0','Susan','E.','Powers','Engineer','948532','','\0','','','','','','','\0','','','74','Ruby','Spring Valley','Caloocan','NCR',3,2018,'2018-02-14 10:06:55','',NULL),(113,'N','Yang','Ben','L','2009-05-09','NCR','Filipino','Catholic','','Salvador','Salvador','Yang','Engineer','948532','','','Susan','E.','Yang','Engineer','948532','','','','','','','','','\0','','','6','Ruby','Spring Valley Salvador','Caloocan','NCR',3,2018,'2018-02-14 10:07:59','',NULL),(114,'N','Cooke','Kaede','M','2009-05-09','NCR','Filipino','Catholic','','Salvador','Salvador','Cooke','Engineer','948532','','','Susan','E.','Cooke','Engineer','948532','','\0','','','','','','','\0','','','8','Ruby','Spring Valley','Caloocan','NCR',3,2018,'2018-02-14 10:08:56','',NULL),(115,'N','Magpantay','Elliot','N','2009-05-09','NCR','Filipino','Catholic','','Salvador','Salvador','Magpantay','Engineer','948532','','\0','Susan','E.','Magpantay','Engineer','948532','','','','','','','','','\0','','','85','Ruby','Spring Valley','Mandaluyong','NCR',3,2018,'2018-02-14 10:09:39','',NULL),(116,'N','Bacarro','Robbie','O','2009-05-09','NCR','Filipino','Catholic','','Salvador','Salvador','Bacarro','Engineer','948532','','\0','Susan','E.','Bacarro','Engineer','948532','','','','','','','','','\0','','','3','Ruby','Spring Valley','Quezon','NCR',3,2018,'2018-02-14 10:10:31','',NULL),(117,'N','Bernabe','Mark','P','2009-05-09','NCR','Filipino','Catholic','','Salvador','Salvador','Bernabe','Engineer','948532','','\0','Susan','E.','Bernabe','Engineer','948532','','','','','','','','','\0','','','96','Ruby','Spring Valley','Caloocan','NCR',3,2018,'2018-02-14 10:11:21','',NULL),(118,'N','Bondok','Marby','Q','2009-05-09','Manila','Filipino','Catholic','','Salvador','Salvador','Bondok','Engineer','948532','','','Susan','E.','Bondok','Engineer','948532','','\0','','','','','','','\0','','','74','Ruby','Spring Valley','Mandaluyong','Manila',3,2018,'2018-02-14 10:12:14','',NULL),(119,'N','Camillo','Vince','R','2009-05-09','NCR','Filipino','Catholic','','Salvador','Salvador','Camillo','Engineer','948532','','','Susan','E.','Camillo','Engineer','948532','','','','','','','','','\0','','','10','Ruby','Spring Valley','Quezon','NCR',3,2018,'2018-02-14 10:13:04','',NULL),(120,'N','Durusin','Ryan','S','2009-05-09','NCR','Filipino','Catholic','','Salvador','Salvador','Durusin','Engineer','948532','','','Susan','E.','Durusin','Engineer','948532','','\0','','','','','','','\0','','','7','Ruby','Spring Valley','Quezon','NCR',3,2018,'2018-02-14 10:13:58','',NULL),(121,'N','Go','Bryan','T','2009-05-09','Manila','Filipino','Catholic','','Salvador','Salvador','Go','Engineer','948532','','\0','Susan','E.','Go','Engineer','948532','','\0','','','','','','','\0','','','5','Ruby','Spring Valley','Quezon','Manila',3,2018,'2018-02-14 10:14:50','',NULL),(122,'N','Wang','Riki','U','2009-05-09','Caloocan','Filipino','Catholic','','Salvador','Salvador','Wang','Engineer','948532','','\0','Susan','E.','Wang','Engineer','948532','','','','','','','','','\0','','','20','Ruby','Spring Valley','Caloocan','Caloocan',3,2018,'2018-02-14 10:15:39','',NULL),(123,'N','Kuneta','Mara','W','2009-05-09','NCR','Filipino','Catholic','\0','Salvador','Salvador','Kuneta','Engineer','948532','','','Susan','E.','Kuneta','Engineer','948532','','\0','','','','','','','\0','','','4','Ruby','Spring Valley','Quezon','NCR',3,2018,'2018-02-14 10:16:41','',NULL),(124,'N','Anastacio','Steven','X','2009-05-09','NCR','Filipino','Catholic','','Salvador','Salvador','Anastacio','Engineer','948532','','\0','Susan','E.','Anastacio','Engineer','948532','','','','','','','','','\0','','','4','Ruby','Spring Valley','Caloocan','NCR',3,2018,'2018-02-14 10:17:45','',NULL),(125,'N','Hapones','Stephen','Y','2009-05-09','Caloocan','Filipino','Catholic','','Salvador','Salvador','Hapones','Engineer','948532','','\0','Susan','E.','Hapones','Engineer','948532','','','','','','','','','\0','','','52','Ruby','Spring Valley','Caloocan','Caloocan',3,2018,'2018-02-14 10:18:29','',NULL),(126,'N','Villa','Stephanie','Z','2009-05-09','NCR','Filipino','Catholic','\0','Salvador','Salvador','Villa','Engineer','948532','','\0','Susan','E.','Villa','Engineer','948532','','','','','','','','','\0','','','10','Ruby','Spring Valley','Mandaluyong','NCR',3,2018,'2018-02-14 10:19:26','',NULL),(127,'N','Culiat','Cherry','A.','2009-05-09','Manila','Filipino','Catholic','\0','Salvador','Salvador','Culiat','Engineer','948532','','\0','Susan','E.','Culiat','Engineer','948532','','','','','','','','','\0','','','5','Ruby','Spring Valley','Manila','Manila',3,2018,'2018-02-14 10:20:07','',NULL),(128,'N','Villena','Fely','B.','2009-05-09','NCR','Filipino','Catholic','\0','Salvador','Salvador','Villena','Engineer','948532','','\0','Susan','E.','Villena','Engineer','948532','','','','','','','','','\0','','','23','Ruby','Spring Valley','Caloocan','NCR',3,2018,'2018-02-14 10:21:05','',NULL),(129,'N','Tan','Fe','C.','2009-05-09','NCR','Filipino','Catholic','\0','Salvador','Salvador','Tan','Engineer','948532','','\0','Susan','E.','Tan','Engineer','948532','','','','','','','','','\0','','','54','Ruby','Spring Valley','Mandaluyong','NCR',3,2018,'2018-02-14 10:21:50','',NULL),(130,'N','Clark','Farrah','D.','2009-05-09','Manila','Filipino','Catholic','\0','Salvador','Salvador','Clark','Engineer','948532','','\0','Susan','E.','Clark','Engineer','948532','','','','','','','','','\0','','','85','Ruby','Spring Valley','Mandaluyong','Manila',3,2018,'2018-02-14 10:22:38','',NULL),(131,'N','Moore','Fely','E.','2009-05-09','Manila','Filipino','Catholic','\0','Salvador','Salvador','Moore','Engineer','948532','','','Susan','E.','Moore','Engineer','948532','','\0','','','','','','','\0','','','95','Ruby','Spring Valley','Manila','Manila',3,2018,'2018-02-14 10:23:40','',NULL),(132,'N','Cheng','Willard','A.','2009-05-09','NCR','Filipino','Catholic','','Ben','Ben','Cheng','Lawyer','948532','','\0','Jocelyn','H.','Cheng','Lawyer','948532','','','','','','','','','\0','','','1','Kipling','San Mateo','Caloocan','NCR',4,2018,'2018-02-14 10:26:10','',NULL),(133,'T','Prieto','Princess','B.','2009-05-09','','Filipino','Catholic','\0','Ben','Ben','Prieto','Lawyer','948532','','\0','Jocelyn','H.','Prieto','Lawyer','948532','','\0','','','','','','','\0','','','2','Kipling','San Mateo','','',4,2018,'2018-02-14 10:27:17','',NULL),(134,'N','Morris','Phillip','C.','2009-05-09','NCR','Filipino','Catholic','','Ben','Ben','Morris','Lawyer','948532','948532','\0','Jocelyn','H.','Morris','Lawyer','948532','948532','','','','','','','','\0','','','9','Kipling','San Mateo','Pasig','NCR',4,2018,'2018-02-14 10:28:07','',NULL),(135,'N','Princeton','Cherry','D.','2009-05-09','Quezon','Filipino','Catholic','\0','Ben','Ben','Princeton','Lawyer','948532 948532','','','Jocelyn','H.','Princeton','Lawyer','948532 948532','','\0','','','','','','','\0','','','4','Kipling','San Mateo','Mandaluyong','NCR',4,2018,'2018-02-14 10:29:03','',NULL),(136,'N','Papas','Jake','E.','2009-05-09','Manila','Filipino','Catholic','','Ben','Ben','Papas','Lawyer','948532','','\0','Jocelyn','H.','Papas','Lawyer','948532','','','','','','','','','\0','','','6','Kipling','San Mateo','Mandaluyong','Manila',4,2018,'2018-02-14 10:29:56','',NULL),(139,'N','Bennington','Richard','P.','2018-03-13','test','American','Catholic','','test','test','test','test','test','test','','test','test','test','test','test','test','','test','test','test','test','test','test','\0','test','test','test','test','test','test','test',4,2018,'2018-03-01 15:31:21','\0',NULL),(140,'T','Vallejos','Maris','M','2013-03-06','Manila','Filipino','Islam','\0','M.','Vallejos','Ellicer','','','0265','','L.','Vallejos','Lili','','','0326598','','','','','','','','\0','','','08','Onion','Filheights','Caloocan','Manila',0,2018,'2018-03-05 17:31:30','',NULL),(141,'N','Test Validation','Test Validation','Test Validation','2018-03-13','Test Validation','Test Validation','Test Validation','','Test Validation','Test Validation','Test Validation','','','Test Validation','','Test Validation','Test Validation','Test Validation','','','Test Validation','','','','','','','','\0','','','Test Validation','Test Validation','Test Validation','Test Validation','Test Validation',5,2018,'2018-03-05 17:42:13','',NULL),(142,'N','Morong','Allana','A.','2018-03-13','Test Validation','Filipino','Catholic','\0','Test Validation','Test Validation','Test Validation','','','Test Validation','','Test Validation','Test Validation','Test Validation','','','Test Validation','\0','','','','','','','\0','','','Test Validation','Test Validation','Test Validation','Test Validation','Test Validation',4,2018,'2018-03-05 17:46:56','',NULL),(143,'N','Napadao','Paul','T.','2010-03-01','Sagingan','Filipino','Born Again','','Mr.','Mr.','Napadao','','','0912345678','\0','Mrs.','G.','Napadao','','','0915555564','\0','','','','','','','\0','','','02','Sampaguita','Holy Spirit','Q.C.','NCR',0,2018,'2018-03-14 09:13:37','',NULL),(144,'T','Tully','Lilian','A.','2005-07-12','NCR','Filipino','Catholic','\0','Mariel','Mariel','Tully','Manager','555','555','','Robin','A.','Tully','Manager','555','555','','','','','','','','\0','','','5','Pearl','Sunrise','Caloocan','NCR',5,2018,'2018-03-20 22:20:28','',NULL),(145,'T','Frey','Harry','B.','2005-07-13','NCR','Filipino','Catholic','\0','Mariel','Mariel','Frey','Manager','555','555','\0','Robin','B.','Frey','Manager','555','555','\0','','','','','','','\0','','','8','Pearl','Sunrise','Caloocan','NCR',5,2018,'2018-03-20 22:21:44','',NULL),(146,'N','Baratheon','George','C.','2005-07-13','Caloocan','Filipino','Catholic','','Mariel','Mariel','Baratheon','Manager','555','555','','Robin','C.','Baratheon','Manager','555','555','','','','','','','','\0','','','6','Pearl','Sunrise','Caloocan','NCR',5,2018,'2018-03-20 22:23:04','',NULL),(147,'N','Casterly','Rockie','D.','2005-07-13','Sunrise','Filipino','Catholic','','Mariel','Mariel','Casterly','Manager','555 555','555','\0','Robin','D.','Casterly','Manager','555','555','\0','','','','','','','\0','','','9','Pearl','Sunrise','Sunrise','Sunrise',5,2018,'2018-03-20 22:24:20','',NULL),(148,'N','Mudd','Benjamin','E.','2005-07-06','Pearl','Filipino','Catholic','\0','Mariel','Mariel','Mudd','Manager','555 555','555','\0','Robin','E.','Mudd','Manager','555','555','\0','','','','','','','\0','','','9','Pearl','Pearl','Pearl Pearl','Pearl',5,2018,'2018-03-20 22:25:24','',NULL),(149,'N','Justman','Brenda','F.','2005-07-06','Caloocan','Filipino','Catholic','\0','Mariel','Mariel','Justman','Supervisor','555','555','','Robin','F.','Justman','Supervisor','555','555','\0','','','','','','','\0','','','8','Pearl','Sunrise','Caloocan','Caloocan',5,2018,'2018-03-20 22:26:33','',NULL),(150,'N','Martell','Graham','G','2005-07-06','Caloocan','Filipino','Catholic','','Mariel','Mariel','Martell','Manager','555','555','\0','Robin','G','Martell','Manager','555','555','\0','','','','','','','\0','','','6','Pearl','Sunrise','Caloocan','Caloocan',5,2018,'2018-03-20 22:27:31','',NULL),(151,'N','Bolton','Grace','H','2005-07-06','Caloocan','Filipino','Catholic','\0','Mariel','Mariel','Bolton','Manager','555','555 555','\0','Robin','H','Bolton','Manager','555','555','\0','','','','','','','\0','','','6','Pearl','Sunrise','Caloocan','Caloocan',5,2018,'2018-03-20 22:28:25','',NULL),(152,'N','Castillo','Gracious','I','2005-07-06','Caloocan','Filipino','Catholic','\0','Mariel','Mariel','Castillo','Supervisor','555','555','\0','Robin','I','Castillo','Supervisor','555','555','\0','','','','','','','\0','','','9','Pearl','Sunrise','Caloocan','Caloocan',5,2018,'2018-03-20 22:29:16','',NULL),(153,'N','Cobain','Anne','J','2005-07-06','Caloocan','Filipino','Catholic','\0','Mariel','Mariel','Cobain','Manager','555','555','\0','Robin','J','Cobain','Manager','555','555','\0','','','','','','','\0','','','5','Pearl','Sunrise','Caloocan','Caloocan',5,2018,'2018-03-20 22:29:58','',NULL),(154,'N','Donovan','Martha','K','2005-07-07','Caloocan','Filipino','Catholic','\0','Mariel','Mariel','Donovan','Manager','555','555','\0','Robin','K','Donovan','Manager','555','555','\0','','','','','','','\0','','','5','Pearl','Pearl','Caloocan','Caloocan',5,2018,'2018-03-20 22:30:45','',NULL),(155,'N','Freeman','Peachie','L','2005-07-07','Caloocan','Filipino','Catholic','\0','Mariel','Mariel','Freeman','Manager Manager','555','555','\0','Robin','L','Freeman','Manager','555','555','\0','','','','','','','\0','','','8','Pearl','Sunrise','Caloocan','Caloocan',5,2018,'2018-03-20 22:31:39','',NULL),(156,'N','Fritz','Anna','M','2005-07-21','Caloocan','Filipino','Catholic','\0','Mariel','Mariel','Fritz','Manager','555','555','\0','Robin','M','Fritz','Manager','555','555','\0','','','','','','','\0','','','5','Pearl','Sunrise','Caloocan','Caloocan',5,2018,'2018-03-20 22:32:21','',NULL),(157,'N','Wick','Jason','N','2005-07-13','Caloocan','Filipino','Catholic','','Mariel','Mariel','Wick','Manager','555','555','\0','Robin','N','Wick','Manager','555','555','\0','','','','','','','\0','','','4','Pearl','Sunrise','Caloocan','Caloocan',5,2018,'2018-03-20 22:33:12','',NULL),(158,'N','Santos','Martin','O','2005-07-20','Caloocan','Filipino','Catholic','','Mariel','Mariel','Santos','Manager','555','555','\0','Robin','O','Santos','Manager','555','555','\0','','','','','','','\0','','','45','Pearl','Sunrise','Caloocan','Caloocan',5,2018,'2018-03-20 22:33:56','',NULL),(159,'N','Magtala','Carmie','A.','2005-07-13','Quezon','Filipino','Catholic','\0','Emma','Emma','Magtala','Manager','555','555','\0','Edgar','A.','Magtala','Manager','555','555','\0','','','','','','','\0','','','5','Ruby','Ruby','Quezon','Quezon',6,2018,'2018-03-20 22:35:59','',NULL),(160,'N','Voltaire','Luis','B.','2005-07-13','Quezon','Filipino','Catholic','','Emma','Emma','Voltaire','Supervisor','555','555','\0','Edgar','B.','Voltaire','Supervisor','555 555','555','\0','','','','','','','\0','','','5','Bellevue','Bellevue','Bellevue','Quezon',6,2018,'2018-03-20 22:36:41','',NULL),(161,'N','Cook','David','C.','2005-07-07','Quezon','Filipino','Catholic','','Emma','Emma','Cook','Manager','555','555','\0','Edgar','C.','Cook','Manager','555','555','\0','','','','','','','\0','','','5','Ruby','Ruby','Quezon','Quezon',6,2018,'2018-03-20 22:37:25','',NULL),(162,'N','Davies','Jimmy','f','2005-07-20','Quezon','Filipino','Catholic','','Emma','Emma','Davies','Supervisor','555','555','\0','Edgar','D.','Davies','Supervisor','555','555','\0','','','','','','','\0','','','5','Quezon','Quezon','Quezon Quezon','Quezon',6,2018,'2018-03-20 22:38:37','',NULL),(163,'N','Gray','Shenna','E.','2005-07-21','Bellevue','Filipino','Catholic','\0','Emma','Emma','Gray','Manager','555','555','\0','Edgar','E.','Gray','Manager','555','555','\0','','','','','','','\0','','','5','Bellevue','Bellevue','Bellevue','Bellevue',6,2018,'2018-03-20 22:39:18','',NULL),(164,'N','Green','Myra','F.','2005-07-21','Bellevue','Filipino','Catholic','\0','Emma','Emma','Green','Manager','555','555','\0','Edgar','F.','Green','Manager','555','555','\0','','','','','','','\0','','','5','Bellevue','Bellevue','Bellevue','Bellevue',6,2018,'2018-03-20 22:39:57','',NULL),(165,'N','Barnes','Gladys','G','2005-07-20','Bellevue','Filipino','Catholic','\0','Emma','Emma','Barnes','Manager','555','555','\0','Edgar','G','Barnes','Manager','555','555','\0','','','','','','','\0','','','1','Bellevue','Bellevue','Bellevue','Bellevue',6,2018,'2018-03-20 22:40:36','',NULL),(166,'N','Chapman','Judy','H','2005-07-27','Bellevue','Filipino','Catholic','\0','Emma','Emma','Chapman','Manager','555','555','\0','Edgar','H','Chapman','Manager','555','555','\0','','','','','','','\0','','','1','Bellevue','Bellevue','Bellevue','Bellevue',6,2018,'2018-03-20 22:41:19','',NULL),(167,'N','Sullivan','Jen','I','2005-07-11','Ruby','Filipino','Catholic','\0','Emma','Emma','Sullivan','Manager','555','555','\0','Edgar','I','Sullivan','Manager','555','555','\0','','','','','','','\0','','','12','Ruby','Ruby','Ruby','Ruby',6,2018,'2018-03-20 22:42:09','',NULL),(168,'N','Drilon','Kyla','J','2005-07-13','Quezon','Filipino','Catholic','\0','Emma','Emma','Drilon','Manager','555','555','\0','Edgar','J','Drilon','Manager','555','555','\0','','','','','','','\0','','','2','Quezon','Quezon','Quezon','Quezon',6,2018,'2018-03-20 22:42:54','',NULL),(169,'N','Aguilar','Corinne','K','2005-07-27','NCR','Filipino','Catholic','\0','Emma','Emma','Aguilar','Manager','555','555','\0','Edgar','K','Aguilar','Manager','555','555','\0','','','','','','','\0','','','5','NCR','NCR','NCR','NCR',6,2018,'2018-03-20 22:43:33','',NULL),(170,'N','Ahumada','Caren','L','2005-07-19','Bellevue','Filipino','Catholic','\0','Emma','Emma','Ahumada','Manager','555','555','\0','Edgar','L','Ahumada','Manager','555','555','\0','','','','','','','\0','','','8','Bellevue','Bellevue','Bellevue','Bellevue',6,2018,'2018-03-20 22:44:14','',NULL),(171,'N','Alameda','Carmen','M','2005-07-27','Bellevue','Filipino','Catholic','\0','Emma','Emma','Alameda','Manager','555','555','\0','Edgar','M','Alameda','Manager','555','555','\0','','','','','','','\0','','','63','Bellevue','Bellevue','Bellevue','Bellevue',6,2018,'2018-03-20 22:44:59','',NULL),(172,'N','Biernes','Kimmy','N','2005-07-13','Quezon','Filipino','Catholic','\0','Emma','Emma','Biernes','Manager','555','555','\0','Edgar','N','Biernes','Manager','555','555','\0','','','','','','','\0','','','5','Quezon','Quezon','Quezon','Quezon',6,2018,'2018-03-20 22:45:43','',NULL),(173,'N','Avino','Connie','O','2005-07-15','Quezon','Filipino','Catholic','\0','Emma','Emma','Avino','Supervisor','555','555','\0','Edgar','O','Avino','Supervisor','555','555','\0','','','','','','','\0','','','4','Quezon','Quezon','Quezon','Quezon',6,2018,'2018-03-20 22:46:37','',NULL),(174,'N','Catapang','Mae','A.','2004-07-08','Carmen','Filipino','Catholic','\0','Ella','Ella','Catapang','Manager','555','555','\0','Mark','A.','Catapang','Manager','555','555','\0','','','','','','','\0','','','4','Carmen','Carmen','Carmen','Carmen',7,2018,'2018-03-20 22:48:40','',NULL),(175,'N','Kinsgton','Alex','B.','2004-07-15','Pasig','Filipino','Catholic','','Ella','Ella','Kinsgton','Manager Manager','555 555','555','\0','Mark','B.','Kinsgton','Manager','555','555','\0','','','','','','','\0','','','5','Carmen','Sunnyville','Pasig','Pasig',7,2018,'2018-03-20 22:49:23','',NULL),(176,'N','Cordova','Jax','C.','2004-07-14','Pasig','Filipino','Catholic','','Ella','Ella','Cordova','Manager','555','555','\0','Mark','C.','Cordova','Manager','555','555','\0','','','','','','','\0','','','5','Pasig','Pasig','Pasig','Pasig',7,2018,'2018-03-20 22:50:04','',NULL),(177,'N','Cabello','Luis','D.','2004-07-15','Pasig','Filipino','Catholic','','Ella','Ella','Cabello','Manager','555','555','\0','Mark','D.','Cabello','Manager','555','555','\0','','','','','','','\0','','','4','Pasig','Pasig','Pasig','Pasig',7,2018,'2018-03-20 22:50:40','',NULL),(178,'N','Kamias','Mara','E.','2004-07-21','Pasig','Filipino','Catholic','\0','Ella','Ella','Kamias','Manager','555','555','\0','Mark','E.','Kamias','Manager','555','555','\0','','','','','','','\0','','','2','Pasig','Pasig','PasigPasig','Pasig',7,2018,'2018-03-20 22:51:19','',NULL),(179,'N','Crisostomo','Lara','F.','2004-07-20','Pasig','Filipino','Catholic','\0','Ella','Ella','Crisostomo','Manager','555','555','\0','Mark','F.','Crisostomo','Manager','555','555','\0','','','','','','','\0','','','5','Pasig','Pasig','Pasig Pasig','Pasig',7,2018,'2018-03-20 22:51:57','',NULL),(180,'T','Lee','Cara','G','2004-07-14','Pasig','Filipino','Catholic','','Ella','Ella','Lee','Manager','555','555','\0','Mark','G','Lee','Manager','555','555','\0','','','','','','','\0','','','1','Pasig','Pasig','Pasig','Pasig',7,2018,'2018-03-20 22:52:38','',NULL),(181,'T','Vinta','Sara','H','2004-07-21','Pasig','Filipino','Catholic','\0','Ella','Ella','Vinta','Manager','555','555','\0','Mark','H','Vinta','Manager','555','555','\0','','','','','','','\0','','','1','Pasig','Pasig','Pasig','Pasig',7,2018,'2018-03-20 22:53:22','',NULL),(182,'N','Castelon','Corinne','I','2004-07-20','Carmen','Filipino','Catholic','\0','Ella','Ella','Castelon','Manager','555','555','\0','Mark','I','Castelon','Manager','555','555','\0','','','','','','','\0','','','2','Carmen','Carmen','Carmen','Carmen',7,2018,'2018-03-20 22:54:03','',NULL),(183,'N','Casco','Miles','J','2004-07-06','Pasig','Filipino','Catholic','\0','Ella','Ella','Casco','Manager','555','555','\0','Mark','J','Casco','Manager','555','555','\0','','','','','','','\0','','','5','Pasig','Pasig','Pasig','Pasig',7,2018,'2018-03-20 22:54:53','',NULL),(184,'N','Casias','Vivian','K','2004-07-07','Carmen','Filipino','Catholic','\0','Ella','Ella','Casias','Manager','555','555','\0','Mark','K','Casias','Manager','555','555','\0','','','','','','','\0','','','6','Carmen','Carmen','Carmen','Carmen',7,2018,'2018-03-20 22:55:36','',NULL),(185,'N','Ellis','Jordaine','L','2004-07-07','Pasig','Filipino','Catholic','\0','Ella','Ella','Ellis','Manager','555','555','\0','Mark','L','Ellis','Manager','555','555','\0','','','','','','','\0','','','2','Pasig','Pasig','Pasig','Pasig',7,2018,'2018-03-20 22:56:17','',NULL),(186,'N','Ybanez','Wendy','M','2004-07-13','Pasig','Filipino','Catholic','\0','Ella','Ella','Ybanez','Manager','555','555 555','\0','Mark','M','Ybanez','Manager','555','555','\0','','','','','','','\0','','','5','Pasig','Pasig','Pasig','Pasig',7,2018,'2018-03-20 22:56:55','',NULL),(187,'N','Abellana','Kester','N','2004-07-14','Pasig','Filipino','Catholic','','Ella','Ella','Abellana','Manager','555','555 555','\0','Mark','N','Abellana','Manager','555','555','\0','','','','','','','\0','','','5','Pasig','Pasig','Pasig','Pasig',7,2018,'2018-03-20 22:57:39','',NULL),(188,'N','Kupir','Jenny','A.','2004-07-01','Mandaluyong','Filipino','Catholic','\0','Amy','Amy','Kupir','Supervisor','555','555','\0','Jake','A.','Kupir','Supervisor','555','555','\0','','','','','','','\0','','','25','Mandaluyong','Mandaluyong','Mandaluyong','Mandaluyong',8,2018,'2018-03-20 22:59:09','',NULL),(189,'N','Coppers','Ken','B','2004-07-14','Mandaluyong','Filipino','Catholic','','Amy','Amy','Coppers','Manager','555 555','555','\0','Jake','B.','Coppers','Manager','555','555','\0','','','','','','','\0','','','1','Mandaluyong','Mandaluyong','Mandaluyong','Mandaluyong',8,2018,'2018-03-20 22:59:56','',NULL),(190,'N','Timbers','Ben','C.','2004-07-19','Mandaluyong','Filipino','Catholic','','Amy','Amy','Timbers','Manager','555','555','\0','Jake','C.','Timbers','Manager','555','555','\0','','','','','','','\0','','','5','Mandaluyong','Mandaluyong','Mandaluyong Mandaluyong','Mandaluyong',8,2018,'2018-03-20 23:00:42','',NULL),(191,'N','Carra','Celia','D.','2004-07-14','Mandaluyong','Filipino','Catholic','\0','Amy','Amy','Carra','Supervisor','555','555','\0','Jake','D.','Carra','Supervisor','555','555','\0','','','','','','','\0','','','5','Mandaluyong','Mandaluyong','Mandaluyong','Mandaluyong',8,2018,'2018-03-20 23:01:41','',NULL),(192,'N','jacinto','john larry','b','2005-03-10','bulacan','filipino','born again','','john','john','jacinto','','','09273309427','\0','karla','b','jacinto','','','09277917129','\0','','','','','','','\0','','','201','narra','narra','bulacan','ncr',1,2018,'2018-03-21 17:03:34','',NULL),(193,'N','rolle','marlo','j','2002-03-07','bulacan','filipino','born again','','haha','haha','hah','','','09273309427','\0','hahaha','hahaha','jahaha','','','09273309427','\0','','','','','','','\0','','','892','narra','raasda','bulacan','ncr',1,2018,'2018-03-21 17:05:26','',NULL),(194,'N','taclas','kyle','jf','2007-03-07','ulacan','filipino','catholic','','haha','haha','haha','','','0927339842','\0','haha','haha','haha','','','haha','\0','','','','','','','\0','','','829','bulacan','narra','bulacan','ncr',1,2018,'2018-03-21 17:08:16','',NULL),(195,'N','Billy','Joe','K.','2009-08-03','Manila','Filipino','Catholic','','Joe Sr.','Joe Sr.','Billy','','','0923156456','\0','Anna','Kalay','Rodulfo','','','0923156457','\0','','','','','','','\0','','','3','Garnet','Filinvest','Quezon City','NCR',1,2018,'2018-03-22 12:22:46','',NULL),(196,'N','ganda','vice','j','2006-03-14','bulacan','filipino','born again','\0','hi','hi','hello','','','09273309427','\0','kama','n','hello','','','09273092832','\0','','','','','','','\0','','','12313123123','123','narra','qc','ncr',1,2018,'2018-03-22 12:23:07','',NULL),(197,'N','Vijandre','cian','Z','2008-08-07','sadas','sdas','qweqwasd','','dasd','dasd','asdas','','','2312','\0','asdas','dasdas','asdsa','','','asdasdas','\0','','','','','','','\0','','','12312321','qweqw','12312','sadasdas','ewasda',1,2018,'2018-11-03 09:21:26','',NULL),(198,'N','francisco','obin','z','2008-08-07','qweqw','qweqwe','wqeqw','','asd','asd','adad','','','12312','\0','asdasd','asdasdas','dasd','','','','\0','','','','','','','\0','','','eqwe','we','2321','sdas','dasd',1,2018,'2018-11-03 09:37:26','',NULL),(199,'N','lawag','cherry','z','2008-08-09','asdas','asdasdas','dasdas','\0','asdas','asdas','asdas','','','321321','\0','dasda','asdas','sdasdasdas','','','213123','\0','','','','','','','\0','','','asdas','asdas','adasd','dasdas','dasdadas',1,2018,'2018-11-03 09:38:09','',NULL),(200,'N','sayat','may','d','2008-08-05','asdasd','dasd','asdas','','asdasdas','asdasdas','asdas','','','312312','\0','asdas','asdasdas','dasdas','','','12312312312','\0','','','','','','','\0','','','dasdasd','adsdas','asdas','adas','asdas',1,2018,'2018-11-03 09:38:49','',NULL),(201,'N','cruz','bibo','z','2008-08-07','sadasdas','dasdasdas','dasdas','','asd','asd','asdas','','dasdasdas','12312312','\0','asdasdasdasd','','dasd','','','213123','\0','','','','','','','\0','','','asdas','asdasd','asdas','asdasd','asdas',1,2018,'2018-11-03 09:39:23','',NULL),(202,'N','Test','Test','Test','2013-04-02','Test','Test','Test','','Test','Test','Test','','','09151111111','','Test','Test','Test','','','09152222222','','','','','','','','\0','','','Test','Test','Test','Test','Test',0,2019,'2018-04-02 05:15:27','',NULL);
/*!40000 ALTER TABLE `registration_mt` ENABLE KEYS */;
UNLOCK TABLES;

--
-- Table structure for table `role`
--

DROP TABLE IF EXISTS `role`;
/*!40101 SET @saved_cs_client     = @@character_set_client */;
/*!40101 SET character_set_client = utf8 */;
CREATE TABLE `role` (
  `role_id` int(11) NOT NULL AUTO_INCREMENT,
  `role` varchar(25) NOT NULL,
  `isActive` bit(1) NOT NULL DEFAULT b'1',
  PRIMARY KEY (`role_id`)
) ENGINE=InnoDB AUTO_INCREMENT=5 DEFAULT CHARSET=latin1;
/*!40101 SET character_set_client = @saved_cs_client */;

--
-- Dumping data for table `role`
--

LOCK TABLES `role` WRITE;
/*!40000 ALTER TABLE `role` DISABLE KEYS */;
INSERT INTO `role` VALUES (1,'Administrator',''),(2,'Cashier',''),(3,'Registrar',''),(4,'Faculty','');
/*!40000 ALTER TABLE `role` ENABLE KEYS */;
UNLOCK TABLES;

--
-- Table structure for table `role_permission`
--

DROP TABLE IF EXISTS `role_permission`;
/*!40101 SET @saved_cs_client     = @@character_set_client */;
/*!40101 SET character_set_client = utf8 */;
CREATE TABLE `role_permission` (
  `role_permission_id` int(11) NOT NULL AUTO_INCREMENT,
  `role_id` int(11) NOT NULL,
  `dashboardpermission_id` int(11) NOT NULL,
  `enrollmentpermission_id` int(11) DEFAULT NULL,
  PRIMARY KEY (`role_permission_id`),
  KEY `fk_role_permissionTABLE_role_idCOL_idx` (`role_id`),
  KEY `fk_role_permissionTABLE_dashboardpermission_idCOL_idx` (`dashboardpermission_id`),
  KEY `fk_role_permissionTABLE_enrollmentpermission_idCOL_idx` (`enrollmentpermission_id`),
  CONSTRAINT `fk_role_permissionTABLE_dashboardpermission_idCOL` FOREIGN KEY (`dashboardpermission_id`) REFERENCES `dashboardpermission` (`dashboardpermission_id`) ON DELETE NO ACTION ON UPDATE NO ACTION,
  CONSTRAINT `fk_role_permissionTABLE_enrollmentpermission_idCOL` FOREIGN KEY (`enrollmentpermission_id`) REFERENCES `enrollmentpermission` (`enrollmentpermission_id`) ON DELETE NO ACTION ON UPDATE NO ACTION,
  CONSTRAINT `fk_role_permissionTABLE_role_idCOL` FOREIGN KEY (`role_id`) REFERENCES `role` (`role_id`) ON DELETE NO ACTION ON UPDATE NO ACTION
) ENGINE=InnoDB AUTO_INCREMENT=9 DEFAULT CHARSET=latin1;
/*!40101 SET character_set_client = @saved_cs_client */;

--
-- Dumping data for table `role_permission`
--

LOCK TABLES `role_permission` WRITE;
/*!40000 ALTER TABLE `role_permission` DISABLE KEYS */;
INSERT INTO `role_permission` VALUES (5,1,1,NULL),(6,2,2,NULL),(7,3,3,NULL),(8,4,4,NULL);
/*!40000 ALTER TABLE `role_permission` ENABLE KEYS */;
UNLOCK TABLES;

--
-- Table structure for table `room_mt`
--

DROP TABLE IF EXISTS `room_mt`;
/*!40101 SET @saved_cs_client     = @@character_set_client */;
/*!40101 SET character_set_client = utf8 */;
CREATE TABLE `room_mt` (
  `room_id` int(11) NOT NULL AUTO_INCREMENT,
  `room_name_or_num` varchar(45) NOT NULL,
  `bldg_name_or_num` varchar(45) NOT NULL,
  `capacity` int(11) NOT NULL,
  `status` bit(1) NOT NULL DEFAULT b'1',
  `date_created` datetime NOT NULL DEFAULT CURRENT_TIMESTAMP,
  `notes` varchar(45) DEFAULT NULL,
  PRIMARY KEY (`room_id`)
) ENGINE=InnoDB AUTO_INCREMENT=84 DEFAULT CHARSET=latin1;
/*!40101 SET character_set_client = @saved_cs_client */;

--
-- Dumping data for table `room_mt`
--

LOCK TABLES `room_mt` WRITE;
/*!40000 ALTER TABLE `room_mt` DISABLE KEYS */;
INSERT INTO `room_mt` VALUES (67,'300','1',25,'','2018-02-12 15:54:26','Room 300'),(68,'301','1',25,'','2018-02-12 15:54:55','Room 301'),(69,'302','1',25,'','2018-02-12 15:55:45','Room 302'),(70,'303','1',25,'','2018-02-12 15:56:19','Room 303'),(71,'304','1',25,'\0','2018-03-21 12:09:33','Room 304'),(72,'305','1',30,'','2018-03-21 12:18:51','Room 305'),(73,'306','1',30,'','2018-03-21 12:20:59','Room 300'),(74,'307','1',25,'','2018-03-21 12:22:10','Room 307'),(75,'308','1',30,'','2018-03-21 12:22:31','Room 308'),(76,'309','1',30,'','2018-03-21 12:22:57','Room 309'),(77,'310','2',30,'','2018-03-21 12:23:27','Room 310'),(78,'311','2',30,'','2018-03-21 12:23:46','Room 311'),(79,'312','2',30,'','2018-03-21 12:24:07','Room 312'),(80,'313','2',30,'','2018-03-21 12:24:26','Room 313'),(81,'314','2',30,'','2018-03-21 12:25:16','Room 314'),(82,'315','2',30,'','2018-03-21 12:25:47','Room 315'),(83,'316','2',30,'','2018-03-21 12:26:14','Room 316');
/*!40000 ALTER TABLE `room_mt` ENABLE KEYS */;
UNLOCK TABLES;

--
-- Table structure for table `schedule_mt`
--

DROP TABLE IF EXISTS `schedule_mt`;
/*!40101 SET @saved_cs_client     = @@character_set_client */;
/*!40101 SET character_set_client = utf8 */;
CREATE TABLE `schedule_mt` (
  `schedule_id` int(11) NOT NULL AUTO_INCREMENT,
  `schedule_day` varchar(2) NOT NULL COMMENT 'Values to contain are \n\nM, T, W, TH, F, S, SU ',
  `startTime` int(11) NOT NULL,
  `endTime` int(11) NOT NULL,
  `schoolyear_id` int(11) NOT NULL,
  `subject_id` int(11) NOT NULL,
  `section_id` int(11) NOT NULL,
  `room_id` int(11) NOT NULL,
  `gradelevel_id` int(11) NOT NULL,
  `faculty_id` int(11) NOT NULL,
  `schedule_session` varchar(2) NOT NULL,
  `isActive` bit(1) NOT NULL DEFAULT b'1',
  PRIMARY KEY (`schedule_id`),
  KEY `class_schedule_TABLE_roomId_COL_idx` (`room_id`),
  KEY `fk_class_schedule_TABLE_subjectId_COLUMN_idx` (`subject_id`),
  KEY `fk_scheduleTABLE_schoolyear_idCOL_idx` (`schoolyear_id`),
  KEY `fk_scheduleTABLE_section_idCOL_idx` (`section_id`),
  KEY `fk_scheduleTABLE_gradelevel_idCOL_idx` (`gradelevel_id`),
  KEY `fk_scheduleTABLE_faculty_idCOL_idx` (`faculty_id`),
  CONSTRAINT `fk_scheduleTABLE_faculty_idCOL` FOREIGN KEY (`faculty_id`) REFERENCES `faculty_mt` (`faculty_id`) ON DELETE NO ACTION ON UPDATE NO ACTION,
  CONSTRAINT `fk_scheduleTABLE_gradelevel_idCOL` FOREIGN KEY (`gradelevel_id`) REFERENCES `gradelevel_mt` (`gradelevel_id`) ON DELETE NO ACTION ON UPDATE NO ACTION,
  CONSTRAINT `fk_scheduleTABLE_room_idCOL` FOREIGN KEY (`room_id`) REFERENCES `room_mt` (`room_id`) ON DELETE NO ACTION ON UPDATE NO ACTION,
  CONSTRAINT `fk_scheduleTABLE_schoolyear_idCOL` FOREIGN KEY (`schoolyear_id`) REFERENCES `schoolyear_mt` (`schoolyear_id`) ON DELETE NO ACTION ON UPDATE NO ACTION,
  CONSTRAINT `fk_scheduleTABLE_section_idCOL` FOREIGN KEY (`section_id`) REFERENCES `section_mt` (`section_id`) ON DELETE NO ACTION ON UPDATE NO ACTION,
  CONSTRAINT `fk_scheduleTABLE_subject_idCOL` FOREIGN KEY (`subject_id`) REFERENCES `subject_mt` (`subject_id`) ON DELETE NO ACTION ON UPDATE NO ACTION
) ENGINE=InnoDB AUTO_INCREMENT=33 DEFAULT CHARSET=latin1;
/*!40101 SET character_set_client = @saved_cs_client */;

--
-- Dumping data for table `schedule_mt`
--

LOCK TABLES `schedule_mt` WRITE;
/*!40000 ALTER TABLE `schedule_mt` DISABLE KEYS */;
INSERT INTO `schedule_mt` VALUES (22,'M',700,730,432,665,102,67,302,72,'AM',''),(23,'T',800,930,432,669,102,67,302,72,'AM',''),(24,'W',700,830,432,680,102,67,302,72,'AM',''),(25,'TH',700,830,432,691,102,67,302,14,'AM',''),(26,'F',700,800,432,712,102,67,302,14,'AM',''),(27,'F',800,830,432,713,102,67,302,14,'AM',''),(28,'F',830,900,432,714,102,67,302,14,'AM',''),(29,'M',1200,1330,433,666,127,69,303,12,'PM',''),(30,'T',1200,1330,433,670,127,69,303,12,'PM',''),(31,'W',1200,1330,433,681,127,69,303,12,'PM',''),(32,'TH',1200,1330,433,692,127,69,303,12,'PM','');
/*!40000 ALTER TABLE `schedule_mt` ENABLE KEYS */;
UNLOCK TABLES;

--
-- Table structure for table `schoolyear_mt`
--

DROP TABLE IF EXISTS `schoolyear_mt`;
/*!40101 SET @saved_cs_client     = @@character_set_client */;
/*!40101 SET character_set_client = utf8 */;
CREATE TABLE `schoolyear_mt` (
  `schoolyear_id` int(11) NOT NULL AUTO_INCREMENT,
  `yearFrom` int(11) NOT NULL,
  `yearTo` int(11) NOT NULL,
  `isActive` bit(1) NOT NULL DEFAULT b'1',
  `start_date` date NOT NULL,
  `end_date` date NOT NULL,
  `reg_enroll_start_date` date NOT NULL,
  `reg_enroll_end_date` date NOT NULL,
  `summer_enroll_start_date` date NOT NULL,
  `summer_enroll_end_date` date NOT NULL,
  `summer_class_start_date` date NOT NULL,
  `summer_class_end_date` date NOT NULL,
  `isCurrentSchoolYear` bit(1) DEFAULT b'0',
  PRIMARY KEY (`schoolyear_id`),
  UNIQUE KEY `yearFrom_UNIQUE` (`yearFrom`),
  UNIQUE KEY `yearTo_UNIQUE` (`yearTo`)
) ENGINE=InnoDB AUTO_INCREMENT=439 DEFAULT CHARSET=latin1 COMMENT='School Year Master Table';
/*!40101 SET character_set_client = @saved_cs_client */;

--
-- Dumping data for table `schoolyear_mt`
--

LOCK TABLES `schoolyear_mt` WRITE;
/*!40000 ALTER TABLE `schoolyear_mt` DISABLE KEYS */;
INSERT INTO `schoolyear_mt` VALUES (432,2018,2019,'','2018-06-05','2019-04-06','2018-01-01','2018-01-31','2018-03-01','2018-04-30','2019-05-01','2018-06-30',''),(433,2019,2020,'\0','2019-01-01','2019-12-31','2019-01-01','2019-01-31','2019-03-01','2019-04-30','2018-05-01','2018-06-30','\0'),(438,2020,2021,'\0','2020-06-01','2021-05-01','2020-05-01','2020-06-01','2020-03-01','2020-03-15','2021-04-01','2021-05-31','\0');
/*!40000 ALTER TABLE `schoolyear_mt` ENABLE KEYS */;
UNLOCK TABLES;
/*!50003 SET @saved_cs_client      = @@character_set_client */ ;
/*!50003 SET @saved_cs_results     = @@character_set_results */ ;
/*!50003 SET @saved_col_connection = @@collation_connection */ ;
/*!50003 SET character_set_client  = utf8 */ ;
/*!50003 SET character_set_results = utf8 */ ;
/*!50003 SET collation_connection  = utf8_general_ci */ ;
/*!50003 SET @saved_sql_mode       = @@sql_mode */ ;
/*!50003 SET sql_mode              = 'NO_ENGINE_SUBSTITUTION' */ ;
DELIMITER ;;
/*!50003 CREATE*/ /*!50017 DEFINER=`root`@`localhost`*/ /*!50003 TRIGGER `yearEndCheck_before_insert` BEFORE INSERT ON `schoolyear_mt` FOR EACH ROW BEGIN
IF(NEW.yearTo != NEW.yearFrom + 1) THEN
SIGNAL SQLSTATE '45000' SET MESSAGE_TEXT = 'Invalid Year End';

END IF;
END */;;
DELIMITER ;
/*!50003 SET sql_mode              = @saved_sql_mode */ ;
/*!50003 SET character_set_client  = @saved_cs_client */ ;
/*!50003 SET character_set_results = @saved_cs_results */ ;
/*!50003 SET collation_connection  = @saved_col_connection */ ;

--
-- Table structure for table `schoolyear_quarter_lt`
--

DROP TABLE IF EXISTS `schoolyear_quarter_lt`;
/*!40101 SET @saved_cs_client     = @@character_set_client */;
/*!40101 SET character_set_client = utf8 */;
CREATE TABLE `schoolyear_quarter_lt` (
  `schoolyear_quarter_lt_id` int(11) NOT NULL AUTO_INCREMENT,
  `schoolyear_id` int(11) NOT NULL,
  `quarter_no` int(11) NOT NULL,
  `start_date` date NOT NULL,
  `end_date` date NOT NULL,
  `grading_open_date` date DEFAULT NULL,
  `grading_due_date` date NOT NULL,
  `isCurrentQuarter` bit(1) NOT NULL DEFAULT b'0',
  PRIMARY KEY (`schoolyear_quarter_lt_id`),
  KEY `fk_schoolyear_quarter_ltTABLE_schoolyear_idCOL_idx` (`schoolyear_id`),
  CONSTRAINT `fk_schoolyear_quarter_ltTABLE_schoolyear_idCOL` FOREIGN KEY (`schoolyear_id`) REFERENCES `schoolyear_mt` (`schoolyear_id`) ON DELETE NO ACTION ON UPDATE NO ACTION
) ENGINE=InnoDB AUTO_INCREMENT=13 DEFAULT CHARSET=latin1;
/*!40101 SET character_set_client = @saved_cs_client */;

--
-- Dumping data for table `schoolyear_quarter_lt`
--

LOCK TABLES `schoolyear_quarter_lt` WRITE;
/*!40000 ALTER TABLE `schoolyear_quarter_lt` DISABLE KEYS */;
INSERT INTO `schoolyear_quarter_lt` VALUES (1,432,1,'2018-06-05','2018-08-05','2018-03-12','2018-07-30','\0'),(2,432,2,'2018-08-06','2018-10-06','2018-03-12','2018-09-30','\0'),(3,432,3,'2018-10-07','2018-12-02','2018-03-12','2018-11-30','\0'),(4,432,4,'2019-01-03','2019-04-02','2018-03-12','2019-02-28','\0'),(5,433,1,'2019-01-01','2019-03-31','2019-07-01','2019-03-15','\0'),(6,433,2,'2019-04-01','2019-06-30','2019-07-01','2019-06-15','\0'),(7,433,3,'2019-07-01','2019-09-30','2019-07-01','2019-09-15','\0'),(8,433,4,'2019-10-01','2019-12-30','2019-07-01','2019-12-15','\0'),(9,438,1,'2020-06-01','2020-08-01','2020-07-15','2020-08-01','\0'),(10,438,2,'2020-08-02','2020-10-01','2020-09-15','2020-10-01','\0'),(11,438,3,'2020-10-02','2020-12-01','2020-11-15','2020-12-01','\0'),(12,438,4,'2020-12-02','2021-02-01','2021-01-15','2021-02-01','\0');
/*!40000 ALTER TABLE `schoolyear_quarter_lt` ENABLE KEYS */;
UNLOCK TABLES;

--
-- Table structure for table `schoolyear_section_lt`
--

DROP TABLE IF EXISTS `schoolyear_section_lt`;
/*!40101 SET @saved_cs_client     = @@character_set_client */;
/*!40101 SET character_set_client = utf8 */;
CREATE TABLE `schoolyear_section_lt` (
  `schoolyear_section_id` int(11) NOT NULL AUTO_INCREMENT,
  `section_id` int(11) NOT NULL,
  `session_id` int(11) NOT NULL,
  `schoolyear_id` int(11) NOT NULL,
  `gradelevel_id` int(11) NOT NULL,
  `capacity` int(11) NOT NULL,
  PRIMARY KEY (`schoolyear_section_id`),
  UNIQUE KEY `uc_schoolyear_sectionTABLE_section_id_schoolyear_id_session_id` (`section_id`,`session_id`,`schoolyear_id`),
  KEY `fk_schoolyear_sectionTABLE_section_idCOL_idx` (`section_id`),
  KEY `fk_schoolyear_sectionTABLE_session_idCOL_idx` (`session_id`),
  KEY `fk_schoolyear_sectionTABLE_schoolyear_idCOL_idx` (`schoolyear_id`),
  KEY `fk_schoolyear_sectionTABLE_gradelevel_idCOL_idx` (`gradelevel_id`),
  CONSTRAINT `fk_schoolyear_sectionTABLE_gradelevel_idCOL` FOREIGN KEY (`gradelevel_id`) REFERENCES `gradelevel_mt` (`gradelevel_id`) ON DELETE NO ACTION ON UPDATE NO ACTION,
  CONSTRAINT `fk_schoolyear_sectionTABLE_schoolyear_idCOL` FOREIGN KEY (`schoolyear_id`) REFERENCES `schoolyear_mt` (`schoolyear_id`) ON DELETE NO ACTION ON UPDATE NO ACTION,
  CONSTRAINT `fk_schoolyear_sectionTABLE_section_idCOL` FOREIGN KEY (`section_id`) REFERENCES `section_mt` (`section_id`) ON DELETE NO ACTION ON UPDATE NO ACTION,
  CONSTRAINT `fk_schoolyear_sectionTABLE_session_idCOL` FOREIGN KEY (`session_id`) REFERENCES `session_mt` (`session_id`) ON DELETE NO ACTION ON UPDATE NO ACTION
) ENGINE=InnoDB DEFAULT CHARSET=latin1;
/*!40101 SET character_set_client = @saved_cs_client */;

--
-- Dumping data for table `schoolyear_section_lt`
--

LOCK TABLES `schoolyear_section_lt` WRITE;
/*!40000 ALTER TABLE `schoolyear_section_lt` DISABLE KEYS */;
/*!40000 ALTER TABLE `schoolyear_section_lt` ENABLE KEYS */;
UNLOCK TABLES;

--
-- Table structure for table `schoolyear_student_lt`
--

DROP TABLE IF EXISTS `schoolyear_student_lt`;
/*!40101 SET @saved_cs_client     = @@character_set_client */;
/*!40101 SET character_set_client = utf8 */;
CREATE TABLE `schoolyear_student_lt` (
  `schoolyear_student_lt_id` int(11) NOT NULL AUTO_INCREMENT,
  `schoolyear_id` int(11) NOT NULL,
  `student_id` int(11) NOT NULL,
  `gradelevel_id` int(11) NOT NULL,
  `passed` bit(1) DEFAULT NULL COMMENT 'Answers the question: Did the student passed grade X during schoolyear Y?',
  `isActiveGradeLevel` bit(1) NOT NULL DEFAULT b'1' COMMENT 'used to check or mark if record is on-going or active for schoolyear',
  PRIMARY KEY (`schoolyear_student_lt_id`),
  UNIQUE KEY `uk_schoolyear_IdCOL_student_idCOL_gradelevel_idCOL` (`schoolyear_id`,`student_id`,`gradelevel_id`),
  KEY `fk_schoolyear_student_ltTABLE_schoolyear_idCOL_idx` (`schoolyear_id`),
  KEY `fk_schoolyear_student_ltTABLE_student_idCOL_idx` (`student_id`),
  KEY `fk_schoolyear_student_ltTABLE_gradelevel_idCOL_idx` (`gradelevel_id`),
  CONSTRAINT `fk_schoolyear_student_ltTABLE_gradelevel_idCOL` FOREIGN KEY (`gradelevel_id`) REFERENCES `gradelevel_mt` (`gradelevel_id`) ON DELETE NO ACTION ON UPDATE NO ACTION,
  CONSTRAINT `fk_schoolyear_student_ltTABLE_schoolyear_idCOL` FOREIGN KEY (`schoolyear_id`) REFERENCES `schoolyear_mt` (`schoolyear_id`) ON DELETE NO ACTION ON UPDATE NO ACTION,
  CONSTRAINT `fk_schoolyear_student_ltTABLE_student_idCOL` FOREIGN KEY (`student_id`) REFERENCES `student_mt` (`student_id`) ON DELETE NO ACTION ON UPDATE NO ACTION
) ENGINE=InnoDB AUTO_INCREMENT=20 DEFAULT CHARSET=latin1;
/*!40101 SET character_set_client = @saved_cs_client */;

--
-- Dumping data for table `schoolyear_student_lt`
--

LOCK TABLES `schoolyear_student_lt` WRITE;
/*!40000 ALTER TABLE `schoolyear_student_lt` DISABLE KEYS */;
INSERT INTO `schoolyear_student_lt` VALUES (12,432,8,302,'','\0'),(13,432,9,302,'','\0'),(14,432,10,302,'','\0'),(15,432,11,302,'','\0'),(16,432,8,303,NULL,''),(17,432,9,303,NULL,''),(18,432,10,303,NULL,''),(19,432,11,303,NULL,'');
/*!40000 ALTER TABLE `schoolyear_student_lt` ENABLE KEYS */;
UNLOCK TABLES;

--
-- Table structure for table `section_mt`
--

DROP TABLE IF EXISTS `section_mt`;
/*!40101 SET @saved_cs_client     = @@character_set_client */;
/*!40101 SET character_set_client = utf8 */;
CREATE TABLE `section_mt` (
  `section_id` int(11) NOT NULL AUTO_INCREMENT,
  `sectionName` varchar(45) NOT NULL,
  `isActive` bit(1) NOT NULL DEFAULT b'1',
  `date_created` datetime DEFAULT CURRENT_TIMESTAMP,
  PRIMARY KEY (`section_id`),
  UNIQUE KEY `sectionName_UNIQUE` (`sectionName`)
) ENGINE=InnoDB AUTO_INCREMENT=195 DEFAULT CHARSET=latin1 COMMENT='Master table for storing all sections only. Students sections information will be put on a different table';
/*!40101 SET character_set_client = @saved_cs_client */;

--
-- Dumping data for table `section_mt`
--

LOCK TABLES `section_mt` WRITE;
/*!40000 ALTER TABLE `section_mt` DISABLE KEYS */;
INSERT INTO `section_mt` VALUES (102,'Santan','','2018-02-04 19:04:09'),(105,'Jupiter','','2018-02-04 19:37:55'),(107,'Earth','','2018-02-05 08:46:36'),(108,'Saturn','','2018-02-08 15:33:40'),(111,'Daisy','','2018-02-09 21:22:23'),(112,'Viola','','2018-02-10 10:54:11'),(113,'Carnation','','2018-02-12 16:19:36'),(114,'Hyacinth','','2018-02-12 16:42:02'),(115,'Citrine','','2018-02-12 21:02:24'),(116,'Summer Section A','','2018-02-16 09:04:28'),(119,'Mercury','','2018-02-16 19:10:52'),(120,'Hydrogen','','2018-02-17 10:55:02'),(121,'Respect','','2018-03-08 19:58:57'),(122,'Diligence','','2018-03-08 20:50:05'),(124,'Honesty','','2018-03-08 20:56:10'),(125,'Basil','','2018-03-14 03:38:24'),(126,'Narra','','2018-03-14 03:54:14'),(127,'Maple','','2018-03-14 03:56:06'),(128,'Cyan','','2018-03-14 08:52:59'),(129,'Neptune','','2018-03-18 19:24:24'),(130,'Sunflower','','2018-03-18 19:27:38'),(131,'Orchids','','2018-03-18 19:32:14'),(135,'Pluto','','2018-03-18 19:40:51'),(136,'Gumamela','','2018-03-18 19:43:55'),(137,'Heather','','2018-03-18 19:46:00'),(138,'Oak','','2018-03-18 19:50:27'),(139,'Pine','','2018-03-18 19:51:03'),(140,'Almond','','2018-03-18 19:52:54'),(141,'Neon','','2018-03-18 19:53:43'),(142,'Blue','','2018-03-18 19:54:47'),(143,'Chives','','2018-03-18 19:56:01'),(144,'Mars','','2018-03-18 20:35:40'),(145,'Olive','','2018-03-18 20:38:14'),(146,'Willow','','2018-03-18 20:39:32'),(149,'Aquamarine','','2018-03-18 20:47:43'),(150,'Magenta','','2018-03-18 20:48:36'),(151,'Maroon','','2018-03-18 20:49:16'),(152,'Teal','','2018-03-18 20:49:45'),(153,'Cilantro','','2018-03-18 20:51:10'),(154,'Caraway','','2018-03-18 20:51:57'),(155,'Hibiscus','','2018-03-18 20:53:19'),(156,'Creativity','','2018-03-18 20:57:46'),(157,'Fairness','','2018-03-18 20:58:10'),(158,'Faith','','2018-03-18 20:58:39'),(159,'Justice','','2018-03-18 20:59:04'),(160,'Ruby','','2018-03-18 21:01:44'),(161,'Pearl','','2018-03-18 21:02:11'),(162,'Emerald','','2018-03-18 21:02:56'),(163,'Amber','','2018-03-18 21:03:28'),(164,'Agate','','2018-03-18 21:03:51'),(165,'Diamond','','2018-03-18 21:04:18'),(166,'Jasper','','2018-03-18 21:05:56'),(167,'Iodine','','2018-03-18 21:13:29'),(168,'Calcium','','2018-03-18 21:13:55'),(169,'Uranium','','2018-03-18 21:14:23'),(170,'Nitrogen','','2018-03-18 21:14:52'),(171,'Magnesium','','2018-03-18 21:15:16'),(172,'Gold','','2018-03-18 21:17:17'),(173,'Silver','','2018-03-18 21:17:49'),(174,'Platinum','','2018-03-18 21:18:20'),(175,'Copper','','2018-03-18 21:18:41'),(176,'Nickel','','2018-03-18 21:19:07'),(177,'Iron','','2018-03-18 21:19:35'),(178,'Titanium','','2018-03-18 21:20:07'),(179,'Edison','','2018-03-18 21:22:13'),(180,'Tesla','','2018-03-18 21:22:40'),(181,'Marconi','','2018-03-18 21:23:07'),(182,'Babbage','','2018-03-18 21:23:38'),(183,'Pasteur','','2018-03-18 21:26:22'),(184,'Aristotle','','2018-03-18 21:28:33'),(185,'Plato','','2018-03-18 21:29:08'),(186,'Socrates','','2018-03-18 21:29:45'),(187,'Marx','','2018-03-18 21:30:15'),(188,'Epicurus','','2018-03-18 21:30:50'),(189,'Kagandahan','','2018-03-21 16:11:34'),(190,'Courage','','2018-03-22 11:44:23'),(193,'Rose','','2018-03-25 10:28:09'),(194,'Generosity','','2018-03-28 08:41:46');
/*!40000 ALTER TABLE `section_mt` ENABLE KEYS */;
UNLOCK TABLES;

--
-- Table structure for table `section_settings_lt`
--

DROP TABLE IF EXISTS `section_settings_lt`;
/*!40101 SET @saved_cs_client     = @@character_set_client */;
/*!40101 SET character_set_client = utf8 */;
CREATE TABLE `section_settings_lt` (
  `section_settings_lt_id` int(11) NOT NULL AUTO_INCREMENT,
  `section_id` int(11) NOT NULL,
  `schoolyear_id` int(11) NOT NULL,
  `gradelevel_id` int(11) NOT NULL,
  `adviser_id` int(11) DEFAULT NULL,
  `session` varchar(2) NOT NULL COMMENT 'faculty_id COL represents the faculty member assigned as ADVISER for a section',
  `capacity` int(11) NOT NULL,
  `section_type` varchar(2) NOT NULL COMMENT 'Section types:\nR - Regular\nS - Summer',
  PRIMARY KEY (`section_settings_lt_id`),
  KEY `fk_section_settings_ltTABLE_section_idCOL_idx` (`section_id`),
  KEY `fk_section_settings_ltTABLE_schoolyear_idCOL_idx` (`schoolyear_id`),
  KEY `fk_section_settings_ltTABLE_gradelevel_idCOL_idx` (`gradelevel_id`),
  KEY `fk_section_settings_ltTABLE_adviser_idCOL_idx` (`adviser_id`),
  CONSTRAINT `fk_section_settings_ltTABLE_adviser_idCOL` FOREIGN KEY (`adviser_id`) REFERENCES `faculty_mt` (`faculty_id`) ON DELETE NO ACTION ON UPDATE NO ACTION,
  CONSTRAINT `fk_section_settings_ltTABLE_gradelevel_idCOL` FOREIGN KEY (`gradelevel_id`) REFERENCES `gradelevel_mt` (`gradelevel_id`) ON DELETE NO ACTION ON UPDATE NO ACTION,
  CONSTRAINT `fk_section_settings_ltTABLE_schoolyear_idCOL` FOREIGN KEY (`schoolyear_id`) REFERENCES `schoolyear_mt` (`schoolyear_id`) ON DELETE NO ACTION ON UPDATE NO ACTION,
  CONSTRAINT `fk_section_settings_ltTABLE_section_idCOL` FOREIGN KEY (`section_id`) REFERENCES `section_mt` (`section_id`) ON DELETE NO ACTION ON UPDATE NO ACTION
) ENGINE=InnoDB AUTO_INCREMENT=87 DEFAULT CHARSET=latin1;
/*!40101 SET character_set_client = @saved_cs_client */;

--
-- Dumping data for table `section_settings_lt`
--

LOCK TABLES `section_settings_lt` WRITE;
/*!40000 ALTER TABLE `section_settings_lt` DISABLE KEYS */;
INSERT INTO `section_settings_lt` VALUES (3,102,432,302,72,'AM',10,'R'),(6,105,432,301,7,'PM',10,'R'),(8,107,432,301,8,'PM',10,'R'),(9,108,432,301,6,'AM',10,'R'),(12,111,432,302,15,'WD',10,'R'),(14,113,432,302,17,'AM',10,'R'),(15,114,432,302,24,'WD',10,'R'),(16,115,432,308,14,'AM',25,'R'),(17,116,432,302,10,'PM',10,'R'),(18,119,432,301,6,'PM',10,'R'),(19,120,432,308,12,'AM',30,'R'),(20,121,432,306,21,'WD',25,'R'),(21,122,432,306,10,'AM',25,'R'),(23,124,432,306,8,'AM',25,'R'),(24,125,432,305,16,'AM',20,'R'),(25,126,432,303,17,'PM',10,'R'),(26,127,432,303,12,'PM',10,'R'),(27,128,432,304,25,'WD',20,'R'),(28,129,432,301,27,'AM',10,'R'),(29,130,432,302,27,'PM',10,'R'),(30,131,432,302,16,'PM',10,'R'),(31,135,432,301,23,'AM',10,'R'),(32,136,432,302,23,'PM',15,'R'),(33,137,432,302,13,'AM',15,'R'),(34,138,432,303,13,'PM',15,'S'),(35,139,432,303,4,'AM',15,'R'),(36,140,432,303,20,'AM',10,'S'),(37,141,432,304,20,'PM',10,'S'),(38,142,432,304,5,'AM',10,'S'),(39,143,432,305,5,'PM',10,'S'),(40,144,432,301,32,'WD',10,'R'),(41,145,432,303,31,'AM',10,'S'),(42,146,432,303,34,'WD',10,'S'),(43,149,432,304,56,'AM',10,'S'),(44,150,432,304,30,'AM',10,'S'),(45,151,432,304,33,'PM',10,'S'),(46,152,432,304,35,'PM',10,'S'),(47,153,432,305,33,'AM',10,'S'),(48,154,432,305,35,'AM',10,'S'),(49,155,432,305,36,'WD',10,'R'),(50,156,432,306,37,'AM',10,'S'),(51,157,432,306,38,'PM',10,'S'),(52,158,432,306,39,'PM',10,'S'),(53,159,432,306,40,'PM',10,'S'),(54,160,432,307,38,'AM',10,'R'),(55,161,432,307,43,'AM',10,'R'),(56,162,432,307,45,'AM',10,'R'),(57,163,432,307,37,'PM',10,'S'),(58,164,432,307,41,'PM',10,'S'),(59,165,432,307,53,'PM',10,'S'),(60,166,432,307,42,'WD',10,'S'),(61,167,432,308,39,'AM',10,'S'),(62,168,432,308,43,'PM',10,'S'),(63,169,432,308,44,'PM',10,'S'),(64,170,432,308,46,'PM',10,'S'),(65,171,432,308,47,'WD',10,'S'),(66,172,433,309,40,'AM',10,'R'),(67,173,433,309,41,'AM',10,'R'),(68,174,432,309,44,'AM',10,'S'),(69,175,432,309,45,'PM',10,'S'),(70,176,432,309,49,'PM',10,'S'),(71,177,432,309,51,'PM',10,'S'),(72,178,432,309,48,'WD',10,'S'),(73,179,438,310,46,'AM',10,'R'),(74,180,432,310,49,'AM',10,'S'),(75,181,432,310,50,'AM',10,'S'),(76,182,432,310,52,'PM',10,'S'),(77,183,432,310,57,'PM',10,'S'),(78,184,432,311,51,'AM',10,'R'),(79,185,432,311,52,'AM',10,'R'),(80,186,432,311,50,'PM',10,'S'),(81,187,432,311,54,'PM',10,'S'),(82,188,432,311,55,'WD',10,'S'),(83,189,432,302,42,'WD',20,'R'),(84,190,432,302,58,'AM',20,'R'),(85,193,432,302,59,'WD',10,'R'),(86,194,432,302,70,'AM',20,'R');
/*!40000 ALTER TABLE `section_settings_lt` ENABLE KEYS */;
UNLOCK TABLES;

--
-- Table structure for table `section_student`
--

DROP TABLE IF EXISTS `section_student`;
/*!40101 SET @saved_cs_client     = @@character_set_client */;
/*!40101 SET character_set_client = utf8 */;
CREATE TABLE `section_student` (
  `section_student_id` int(11) NOT NULL AUTO_INCREMENT,
  `student_id` int(11) NOT NULL,
  `section_id` int(11) NOT NULL,
  `schoolyear_id` int(11) NOT NULL,
  `isActive` bit(1) NOT NULL DEFAULT b'1',
  `sectionedby_user_id` int(11) DEFAULT NULL,
  `date_sectioned` datetime NOT NULL DEFAULT CURRENT_TIMESTAMP,
  PRIMARY KEY (`section_student_id`),
  KEY `fk_students_sectionTABLE_section_idCOL_idx` (`section_id`),
  KEY `fk_students_sectionTABLE_schoolyear_idCOL_idx` (`schoolyear_id`),
  KEY `fk_section_studentTABLE_sectionedby_user_idCOL_idx` (`sectionedby_user_id`),
  KEY `fk_section_studentTABLE_student_idCOL_idx` (`student_id`),
  CONSTRAINT `fk_section_studentTABLE_schoolyear_idCOL` FOREIGN KEY (`schoolyear_id`) REFERENCES `schoolyear_mt` (`schoolyear_id`) ON DELETE NO ACTION ON UPDATE NO ACTION,
  CONSTRAINT `fk_section_studentTABLE_section_idCOL` FOREIGN KEY (`section_id`) REFERENCES `section_mt` (`section_id`) ON DELETE NO ACTION ON UPDATE NO ACTION,
  CONSTRAINT `fk_section_studentTABLE_sectionedby_user_idCOL` FOREIGN KEY (`sectionedby_user_id`) REFERENCES `user_mt` (`user_id`) ON DELETE NO ACTION ON UPDATE NO ACTION,
  CONSTRAINT `fk_section_studentTABLE_student_idCOL` FOREIGN KEY (`student_id`) REFERENCES `student_mt` (`student_id`) ON DELETE NO ACTION ON UPDATE NO ACTION
) ENGINE=InnoDB AUTO_INCREMENT=10 DEFAULT CHARSET=latin1;
/*!40101 SET character_set_client = @saved_cs_client */;

--
-- Dumping data for table `section_student`
--

LOCK TABLES `section_student` WRITE;
/*!40000 ALTER TABLE `section_student` DISABLE KEYS */;
INSERT INTO `section_student` VALUES (5,8,102,432,'',NULL,'2018-06-07 09:39:14'),(6,9,102,432,'',NULL,'2018-06-07 09:39:14'),(7,10,102,432,'',NULL,'2018-06-07 09:39:14'),(8,11,102,432,'',NULL,'2018-06-07 09:39:14'),(9,9,127,433,'',NULL,'2018-06-07 11:21:42');
/*!40000 ALTER TABLE `section_student` ENABLE KEYS */;
UNLOCK TABLES;

--
-- Table structure for table `session_mt`
--

DROP TABLE IF EXISTS `session_mt`;
/*!40101 SET @saved_cs_client     = @@character_set_client */;
/*!40101 SET character_set_client = utf8 */;
CREATE TABLE `session_mt` (
  `session_id` int(11) NOT NULL AUTO_INCREMENT,
  `title` varchar(45) NOT NULL COMMENT 'Session title of WD means Whole Day',
  `start_time` int(11) DEFAULT NULL,
  `end_time` int(11) DEFAULT NULL,
  PRIMARY KEY (`session_id`)
) ENGINE=InnoDB AUTO_INCREMENT=4 DEFAULT CHARSET=latin1;
/*!40101 SET character_set_client = @saved_cs_client */;

--
-- Dumping data for table `session_mt`
--

LOCK TABLES `session_mt` WRITE;
/*!40000 ALTER TABLE `session_mt` DISABLE KEYS */;
INSERT INTO `session_mt` VALUES (1,'AM',NULL,NULL),(2,'PM',NULL,NULL),(3,'WD',NULL,NULL);
/*!40000 ALTER TABLE `session_mt` ENABLE KEYS */;
UNLOCK TABLES;

--
-- Table structure for table `student_discount`
--

DROP TABLE IF EXISTS `student_discount`;
/*!40101 SET @saved_cs_client     = @@character_set_client */;
/*!40101 SET character_set_client = utf8 */;
CREATE TABLE `student_discount` (
  `student_id` int(11) NOT NULL,
  `discount_id` int(11) NOT NULL,
  `schoolyear_id` int(11) NOT NULL,
  `date_applied` datetime NOT NULL DEFAULT CURRENT_TIMESTAMP,
  `applied_by_user_id` int(11) NOT NULL,
  `discount_amount` decimal(10,2) NOT NULL,
  KEY `fk_student_discount_ltTABLE_student_idCOL_idx` (`student_id`),
  KEY `fk_student_discount_ltTABLE_discount_idCOL_idx` (`discount_id`),
  KEY `fk_student_discount_ltTABLE_schoolyear_idCOL_idx` (`schoolyear_id`),
  KEY `fk_student_discountTABLE_applied_by_user_idCOL_idx` (`applied_by_user_id`),
  CONSTRAINT `fk_student_discountTABLE_applied_by_user_idCOL` FOREIGN KEY (`applied_by_user_id`) REFERENCES `user_mt` (`user_id`) ON DELETE NO ACTION ON UPDATE NO ACTION,
  CONSTRAINT `fk_student_discount_ltTABLE_discount_idCOL` FOREIGN KEY (`discount_id`) REFERENCES `discount_mt` (`discount_id`) ON DELETE NO ACTION ON UPDATE NO ACTION,
  CONSTRAINT `fk_student_discount_ltTABLE_schoolyear_idCOL` FOREIGN KEY (`schoolyear_id`) REFERENCES `schoolyear_mt` (`schoolyear_id`) ON DELETE NO ACTION ON UPDATE NO ACTION,
  CONSTRAINT `fk_student_discount_ltTABLE_student_idCOL` FOREIGN KEY (`student_id`) REFERENCES `student_mt` (`student_id`) ON DELETE NO ACTION ON UPDATE NO ACTION
) ENGINE=InnoDB DEFAULT CHARSET=latin1;
/*!40101 SET character_set_client = @saved_cs_client */;

--
-- Dumping data for table `student_discount`
--

LOCK TABLES `student_discount` WRITE;
/*!40000 ALTER TABLE `student_discount` DISABLE KEYS */;
/*!40000 ALTER TABLE `student_discount` ENABLE KEYS */;
UNLOCK TABLES;

--
-- Table structure for table `student_fee`
--

DROP TABLE IF EXISTS `student_fee`;
/*!40101 SET @saved_cs_client     = @@character_set_client */;
/*!40101 SET character_set_client = utf8 */;
CREATE TABLE `student_fee` (
  `student_fee_id` int(11) NOT NULL AUTO_INCREMENT,
  `student_id` int(11) NOT NULL COMMENT 'Table to store assigned fees to students',
  `fee_id` int(11) NOT NULL,
  `schoolyear_id` int(11) NOT NULL COMMENT 'This column will be used to retrieve record of  student fees by SCHOOL YR',
  `date_assigned` datetime NOT NULL DEFAULT CURRENT_TIMESTAMP,
  `isActive` bit(1) DEFAULT b'0' COMMENT 'isActive status is set to 1 after payment of student for either cash/downpayment',
  PRIMARY KEY (`student_fee_id`),
  KEY `fk_student_feeTABLE_student_id_idx` (`student_id`),
  KEY `fk_student_feeTABLE_fee_idCOL_idx` (`fee_id`),
  KEY `fk_student_feeTABLE_schoolyear_idCOL_idx` (`schoolyear_id`),
  CONSTRAINT `fk_student_feeTABLE_fee_idCOL` FOREIGN KEY (`fee_id`) REFERENCES `fee_mt` (`fee_id`) ON DELETE NO ACTION ON UPDATE NO ACTION,
  CONSTRAINT `fk_student_feeTABLE_schoolyear_idCOL` FOREIGN KEY (`schoolyear_id`) REFERENCES `schoolyear_mt` (`schoolyear_id`) ON DELETE NO ACTION ON UPDATE NO ACTION,
  CONSTRAINT `fk_student_feeTABLE_student_id` FOREIGN KEY (`student_id`) REFERENCES `student_mt` (`student_id`) ON DELETE NO ACTION ON UPDATE NO ACTION
) ENGINE=InnoDB DEFAULT CHARSET=latin1;
/*!40101 SET character_set_client = @saved_cs_client */;

--
-- Dumping data for table `student_fee`
--

LOCK TABLES `student_fee` WRITE;
/*!40000 ALTER TABLE `student_fee` DISABLE KEYS */;
/*!40000 ALTER TABLE `student_fee` ENABLE KEYS */;
UNLOCK TABLES;

--
-- Table structure for table `student_mt`
--

DROP TABLE IF EXISTS `student_mt`;
/*!40101 SET @saved_cs_client     = @@character_set_client */;
/*!40101 SET character_set_client = utf8 */;
CREATE TABLE `student_mt` (
  `student_id` int(11) NOT NULL AUTO_INCREMENT,
  `admission_id` int(11) NOT NULL COMMENT 'registration_id is a foreign key referencing to registration_mt table',
  `student_no` varchar(45) NOT NULL,
  `student_type` varchar(1) NOT NULL,
  `entry_date` datetime NOT NULL DEFAULT CURRENT_TIMESTAMP,
  `isGraduated` bit(1) NOT NULL DEFAULT b'0' COMMENT 'isGraduate column gets updated with 1 when student graduates',
  `date_graduated` datetime DEFAULT NULL,
  `isActive` bit(1) DEFAULT b'0' COMMENT 'isActive column resets to 0 EVERY after 1 schoolyear.\nThe date depends on the EXACT start date of schoolyear.\n\nAll enrolled students will have isActive status of 1 which mean ENROLLED',
  PRIMARY KEY (`student_id`),
  UNIQUE KEY `student_no_UNIQUE` (`student_no`),
  KEY `fk_student_mtTABLE_admission_idCOL_idx` (`admission_id`),
  CONSTRAINT `fk_student_mtTABLE_admission_idCOL` FOREIGN KEY (`admission_id`) REFERENCES `admission_mt` (`admission_id`) ON DELETE NO ACTION ON UPDATE NO ACTION
) ENGINE=InnoDB AUTO_INCREMENT=12 DEFAULT CHARSET=latin1 COMMENT='Students Master Table';
/*!40101 SET character_set_client = @saved_cs_client */;

--
-- Dumping data for table `student_mt`
--

LOCK TABLES `student_mt` WRITE;
/*!40000 ALTER TABLE `student_mt` DISABLE KEYS */;
INSERT INTO `student_mt` VALUES (8,9,'20180009','O','2018-06-07 09:31:36','\0',NULL,'\0'),(9,11,'20180011','O','2018-06-07 09:32:25','\0',NULL,'\0'),(10,10,'20180010','O','2018-06-07 09:32:54','\0',NULL,'\0'),(11,12,'20180012','O','2018-06-07 09:33:54','\0',NULL,'\0');
/*!40000 ALTER TABLE `student_mt` ENABLE KEYS */;
UNLOCK TABLES;

--
-- Table structure for table `subject_gradelevel_lt`
--

DROP TABLE IF EXISTS `subject_gradelevel_lt`;
/*!40101 SET @saved_cs_client     = @@character_set_client */;
/*!40101 SET character_set_client = utf8 */;
CREATE TABLE `subject_gradelevel_lt` (
  `subject_id` int(10) NOT NULL,
  `gradelevel_id` int(10) NOT NULL,
  `year_created_schoolyear_id` int(11) NOT NULL,
  KEY `fk_subjects_gradelevel_dtTable_subjectId_idx` (`subject_id`),
  KEY `fk_subjects_gradelevel_Table_gradeLevelId_idx` (`gradelevel_id`),
  KEY `fk_subject_gradelevelTABLE_year_create_schoolyear_idCOL_idx` (`year_created_schoolyear_id`),
  CONSTRAINT `fk_subject_gradelevelTABLE_gradelevel_idCOL` FOREIGN KEY (`gradelevel_id`) REFERENCES `gradelevel_mt` (`gradelevel_id`) ON DELETE NO ACTION ON UPDATE NO ACTION,
  CONSTRAINT `fk_subject_gradelevelTABLE_subject_idCOL` FOREIGN KEY (`subject_id`) REFERENCES `subject_mt` (`subject_id`) ON DELETE NO ACTION ON UPDATE NO ACTION,
  CONSTRAINT `fk_subject_gradelevelTABLE_year_create_schoolyear_idCOL` FOREIGN KEY (`year_created_schoolyear_id`) REFERENCES `schoolyear_mt` (`schoolyear_id`) ON DELETE NO ACTION ON UPDATE NO ACTION
) ENGINE=InnoDB DEFAULT CHARSET=latin1;
/*!40101 SET character_set_client = @saved_cs_client */;

--
-- Dumping data for table `subject_gradelevel_lt`
--

LOCK TABLES `subject_gradelevel_lt` WRITE;
/*!40000 ALTER TABLE `subject_gradelevel_lt` DISABLE KEYS */;
INSERT INTO `subject_gradelevel_lt` VALUES (664,301,432),(665,302,432),(666,303,432),(667,304,432),(668,301,432),(669,302,432),(670,303,432),(671,304,432),(672,305,432),(673,305,432),(674,307,432),(675,308,432),(676,309,432),(677,310,432),(678,311,432),(679,301,432),(680,302,432),(681,303,432),(682,304,432),(683,305,432),(684,306,432),(685,307,432),(686,308,432),(687,309,432),(688,310,432),(689,311,432),(690,301,432),(691,302,432),(692,303,432),(693,304,432),(694,305,432),(695,306,432),(696,307,432),(697,308,432),(698,309,432),(699,310,432),(700,311,432),(701,304,432),(702,305,432),(703,306,432),(704,307,432),(705,308,432),(706,309,432),(707,310,432),(708,311,432),(709,304,432),(710,304,432),(711,304,432),(712,302,432),(713,302,432),(714,302,432);
/*!40000 ALTER TABLE `subject_gradelevel_lt` ENABLE KEYS */;
UNLOCK TABLES;

--
-- Table structure for table `subject_mt`
--

DROP TABLE IF EXISTS `subject_mt`;
/*!40101 SET @saved_cs_client     = @@character_set_client */;
/*!40101 SET character_set_client = utf8 */;
CREATE TABLE `subject_mt` (
  `subject_id` int(11) NOT NULL AUTO_INCREMENT,
  `code` varchar(255) NOT NULL,
  `title` varchar(255) NOT NULL,
  `description` text NOT NULL,
  `isActive` bit(1) NOT NULL DEFAULT b'1',
  `date_created` datetime NOT NULL DEFAULT CURRENT_TIMESTAMP,
  PRIMARY KEY (`subject_id`),
  UNIQUE KEY `code_UNIQUE` (`code`)
) ENGINE=InnoDB AUTO_INCREMENT=804 DEFAULT CHARSET=latin1;
/*!40101 SET character_set_client = @saved_cs_client */;

--
-- Dumping data for table `subject_mt`
--

LOCK TABLES `subject_mt` WRITE;
/*!40000 ALTER TABLE `subject_mt` DISABLE KEYS */;
INSERT INTO `subject_mt` VALUES (664,'K-MTHTNG','Mother Tongue','Mother Tongue','','2018-02-12 15:06:22'),(665,'G1-MTHTNG','Mother Tongue','Monther Tongue','','2018-02-12 15:07:27'),(666,'G2-MTHTNG','Mother Tongue','Mother Tongue','','2018-02-12 15:08:00'),(667,'G3-MTHTNG','Mother Tongue','Mother Tongue','','2018-02-12 15:08:32'),(668,'K-FIL','Filipino','Filipino','','2018-02-12 15:10:11'),(669,'G1-FIL','Filipino','Filipino','','2018-02-12 15:10:54'),(670,'G2-FIL','Filipino','Filipino','','2018-02-12 15:11:39'),(671,'G3-FIL','Filipino','Filipino','','2018-02-12 15:12:07'),(672,'G4-FIL','Filipino','Filipino','','2018-02-12 15:12:45'),(673,'G4-FILIPINO','Filipino','Filipino','','2018-02-12 15:13:17'),(674,'G6-FIL','Filipino','Filipino','','2018-02-12 15:13:56'),(675,'G7-FIL','Filipino','Filipino','','2018-02-12 15:14:23'),(676,'G8-FIL','Filipino','Filipino','','2018-02-12 15:15:05'),(677,'G9-FIL','Filipino','Filipino','','2018-02-12 15:15:37'),(678,'G10-FIL','Filipino','Filipino','','2018-02-12 15:16:24'),(679,'K-ENG','English','English','','2018-02-12 15:18:39'),(680,'G1-ENG','English','English','','2018-02-12 15:21:04'),(681,'G2-ENG','English','English','','2018-02-12 15:21:29'),(682,'G3-ENG','English','English','','2018-02-12 15:23:39'),(683,'G4-ENG','English','English','','2018-02-12 15:24:11'),(684,'G5-ENG','English','English','','2018-02-12 15:26:58'),(685,'G6-ENG','English','English','','2018-02-12 15:28:23'),(686,'G7-ENG','English','English','','2018-02-12 15:29:07'),(687,'G8-ENG','English','English','','2018-02-12 15:30:19'),(688,'G9-ENG','English','English','','2018-02-12 15:30:44'),(689,'G10-ENG','English','English','','2018-02-12 15:31:20'),(690,'K-MATH','Mathematics','Mathematics','','2018-02-12 15:34:04'),(691,'G1-MATH','Mathematics','Mathematics','','2018-02-12 15:34:26'),(692,'G2-MATH','Mathematics','Mathematics','','2018-02-12 15:34:53'),(693,'G3-MATH','Mathematics','Mathematics','','2018-02-12 15:35:38'),(694,'G4-MATH','Mathematics','Mathematics','','2018-02-12 15:36:07'),(695,'G5-MATH','Mathematics','Mathematics','','2018-02-12 15:36:38'),(696,'G6-MATH','Mathematics','Mathematics','','2018-02-12 15:37:01'),(697,'G7-MATH','Mathematics','Mathematics','','2018-02-12 15:37:30'),(698,'G8-MATH','Mathematics','Mathematics','','2018-02-12 15:37:47'),(699,'G9-MATH','Mathematics','Mathematics','','2018-02-12 15:38:10'),(700,'G10-MATH','Mathematics','Mathematics','','2018-02-12 15:38:31'),(701,'G3-SCI','Science','Science','','2018-02-12 15:41:39'),(702,'G4-SCI','Science','Science','','2018-02-12 15:42:03'),(703,'G5-SCI','Science','Science','','2018-02-12 15:42:19'),(704,'G6-SCI','Science','Science','','2018-02-12 15:42:35'),(705,'G7-SCI','Science','Science','','2018-02-12 15:42:52'),(706,'G8-SCI','Science','Science','','2018-02-12 15:43:06'),(707,'G9-SCI','Science','Science','','2018-02-12 15:43:25'),(708,'G10-SCI','Science','Science','','2018-02-12 15:48:34'),(709,'G3-AP','Araling Panlipunan','Araling Panlipunan','','2018-03-14 08:42:46'),(710,'G3-EsP','Edukasyon sa Pagpapakatao','Edukasyon sa Pagpapakatao','','2018-03-14 08:43:23'),(711,'G3-MUSIC ','Music','Music','','2018-03-14 08:44:04'),(712,'G1-SCI','Science','Science','','2018-03-18 14:06:30'),(713,'G1-AP','Araling Panlipunan','Araling Panlipunan','','2018-03-18 14:07:00'),(714,'G1-EsP','Edukasyon sa Pagpapakatao','Edukasyon sa Pagpapakatao','','2018-03-18 14:07:37'),(725,'G2-SCI','Science','Science','','2018-03-18 17:10:32'),(726,'G2-AP','Araling Panlipunan','Araling Panlipunan','','2018-03-18 17:11:45'),(727,'G2-EsP','Edukasyon sa Pagpapakatao','Edukasyon sa Pagpapakatao','','2018-03-18 17:14:47'),(728,'G2-MUSIC','MUSIC','Music','','2018-03-18 17:15:17'),(729,'G2-ARTS','ARTS','ARTS','','2018-03-18 17:15:38'),(730,'G2-PE','Physical Education','Physical Education','','2018-03-18 17:16:05'),(731,'G2-HLTH','Health','Health','','2018-03-18 17:16:20'),(732,'G2-EPP','Edukasyong Pantahanan at Pangkabuhayan','Edukasyong Pantahanan at Pangkabuhayan','','2018-03-18 17:16:34'),(733,'G2-TLE','Technology and Livelihood Education','Technology and Livelihood Education','','2018-03-18 17:16:49'),(734,'G3-ARTS','Arts','Arts','','2018-03-18 17:21:48'),(735,'G3-PE','Physical Education','Physical Education','','2018-03-18 17:21:59'),(736,'G3-HLTH','Health','Health','','2018-03-18 17:22:10'),(737,'G3-EPP','Edukasyong Pantahanan at Pangkabuhayan','Edukasyong Pantahanan at Pangkabuhayan','','2018-03-18 17:22:21'),(738,'G3-TLE','Technology and Livelihood Education','Technology and Livelihood Education','','2018-03-18 17:22:31'),(739,'G4-MTHTNG','Mother Tongue','Mother Tongue','','2018-03-18 17:25:33'),(740,'G4-AP','Araling Panlipunan','Araling Panlipunan','','2018-03-18 17:25:43'),(741,'G4-EsP','Edukasyon sa Pagpapakatao','Edukasyon sa Pagpapakatao','','2018-03-18 17:25:54'),(742,'G4-MUSIC','Music','Music','','2018-03-18 17:26:07'),(743,'G4-ARTS','Arts','Arts','','2018-03-18 17:26:15'),(744,'G4-PE','Physical Education','Physical Education','','2018-03-18 17:26:26'),(745,'G4-HLTH','Health','Health','','2018-03-18 17:26:36'),(746,'G4-EPP','Edukasyong Pantahanan at Pangkabuhayan','Edukasyong Pantahanan at Pangkabuhayan','','2018-03-18 17:26:48'),(747,'G4-TLE','Technology and Livelihood Education','Technology and Livelihood Education','','2018-03-18 17:26:58'),(748,'G5-MTHTNG','Mother Tongue','Mother Tongue','','2018-03-18 17:27:39'),(749,'G5-AP','Araling Panlipunan','Araling Panlipunan','','2018-03-18 17:27:49'),(750,'G5-EsP','Edukasyon sa Pagpapakatao','Edukasyon sa Pagpapakatao','','2018-03-18 17:28:00'),(751,'G5-MUSIC','Music','Music','','2018-03-18 17:28:20'),(752,'G5-ARTS','Arts','Arts','','2018-03-18 17:28:28'),(753,'G5-PE','Physical Education','Physical Education','','2018-03-18 17:28:41'),(754,'G5-HLTH','Health','Health','','2018-03-18 17:29:15'),(755,'G5-EPP','Edukasyong Pantahanan at Pangkabuhayan','Edukasyong Pantahanan at Pangkabuhayan','','2018-03-18 17:29:28'),(756,'G5-TLE','Technology and Livelihood Education','Technology and Livelihood Education','','2018-03-18 17:29:39'),(757,'G6-MTHTNG','Mother Tongue','Mother Tongue','','2018-03-18 17:30:50'),(760,'G6-AP','Araling Panlipunan','Araling Panlipunan','','2018-03-18 17:31:30'),(761,'G6-EsP','Edukasyon sa Pagpapakatao','Edukasyon sa Pagpapakatao','','2018-03-18 17:31:40'),(762,'G6-MUSIC','Music','Music','','2018-03-18 17:31:51'),(763,'G6-ARTS','Arts','Arts','','2018-03-18 17:32:03'),(764,'G6-PE','Physical Education','Physical Education','','2018-03-18 17:32:14'),(765,'G6-HLTH','Health','Health','','2018-03-18 17:32:24'),(766,'G6-EPP','Edukasyong Pantahanan at Pangkabuhayan','Edukasyong Pantahanan at Pangkabuhayan','','2018-03-18 17:37:36'),(767,'G6-TLE','Technology and Livelihood Education','Technology and Livelihood Education','','2018-03-18 17:37:47'),(768,'G7-MTHTNG','Mother Tongue','Mother Tongue','','2018-03-18 17:38:32'),(769,'G7-AP','Araling Panlipunan','Araling Panlipunan','','2018-03-18 17:38:42'),(770,'G7-EsP','Edukasyon sa Pagpapakatao','Edukasyon sa Pagpapakatao','','2018-03-18 17:38:52'),(771,'G7-MUSIC','Music','Music','','2018-03-18 17:39:02'),(772,'G7-ARTS','Arts','Arts','','2018-03-18 17:39:11'),(773,'G7-PE','Physical Education','Physical Education','','2018-03-18 17:39:20'),(774,'G7-HLTH','Health','Health','','2018-03-18 17:39:29'),(775,'G7-EPP','Edukasyong Pantahanan at Pangkabuhayan','Edukasyong Pantahanan at Pangkabuhayan','','2018-03-18 17:39:40'),(776,'G7-TLE','Technology and Livelihood Education','Technology and Livelihood Education','','2018-03-18 17:39:50'),(777,'G8-MTHTNG','Mother Tongue','Mother Tongue','','2018-03-18 17:40:26'),(778,'G8-AP','Araling Panlipunan','Araling Panlipunan','','2018-03-18 17:40:37'),(779,'G8-EsP','Edukasyon sa Pagpapakatao','Edukasyon sa Pagpapakatao','','2018-03-18 17:40:47'),(780,'G8-MUSIC','Music','Music','','2018-03-18 17:40:57'),(781,'G8-ARTS','Arts','Arts','','2018-03-18 17:41:08'),(782,'G8-PE','Physical Education','Physical Education','','2018-03-18 17:41:19'),(783,'G8-HLTH','Health','Health','','2018-03-18 17:41:28'),(784,'G8-EPP','Edukasyong Pantahanan at Pangkabuhayan','Edukasyong Pantahanan at Pangkabuhayan','','2018-03-18 17:41:37'),(785,'G8-TLE','Technology and Livelihood Education','Technology and Livelihood Education','','2018-03-18 17:41:48'),(786,'G9-MTHTNG','Mother Tongue','Mother Tongue','','2018-03-18 17:42:36'),(787,'G9-AP','Araling Panlipunan','Araling Panlipunan','','2018-03-18 17:42:45'),(788,'G9-EsP','Edukasyon sa Pagpapakatao','Edukasyon sa Pagpapakatao','','2018-03-18 17:42:54'),(789,'G9-MUSIC','Music','Music','','2018-03-18 17:43:03'),(790,'G9-ARTS','Arts','Arts','','2018-03-18 17:43:12'),(791,'G9-PE','Physical Education','Physical Education','','2018-03-18 17:43:27'),(792,'G9-HLTH','Health','Health','','2018-03-18 17:43:36'),(793,'G9-EPP','Edukasyong Pantahanan at Pangkabuhayan','Edukasyong Pantahanan at Pangkabuhayan','','2018-03-18 17:43:47'),(794,'G9-TLE','Technology and Livelihood Education','Technology and Livelihood Education','','2018-03-18 17:43:57'),(795,'G10-MTHTNG','Mother Tongue','Mother Tongue','','2018-03-18 17:45:51'),(796,'G10-AP','Araling Panlipunan','Araling Panlipunan','','2018-03-18 17:46:01'),(797,'G10-EsP','Edukasyon sa Pagpapakatao','Edukasyon sa Pagpapakatao','','2018-03-18 17:46:11'),(798,'G10-MUSIC','Music','Music','','2018-03-18 17:46:21'),(799,'G10-ARTS','Arts','Arts','','2018-03-18 17:46:32'),(800,'G10-PE','Physical Education','Physical Education','','2018-03-18 17:46:41'),(801,'G10-HLTH','Health','Health','','2018-03-18 17:46:49'),(802,'G10-EPP','Edukasyong Pantahanan at Pangkabuhayan','Edukasyong Pantahanan at Pangkabuhayan','','2018-03-18 17:47:04'),(803,'G10-TLE','Technology and Livelihood Education','Technology and Livelihood Education','','2018-03-18 17:47:15');
/*!40000 ALTER TABLE `subject_mt` ENABLE KEYS */;
UNLOCK TABLES;

--
-- Table structure for table `subjectcategory_mt`
--

DROP TABLE IF EXISTS `subjectcategory_mt`;
/*!40101 SET @saved_cs_client     = @@character_set_client */;
/*!40101 SET character_set_client = utf8 */;
CREATE TABLE `subjectcategory_mt` (
  `subjectcategory_id` int(11) NOT NULL AUTO_INCREMENT,
  `subjectcategory_name` varchar(45) NOT NULL,
  `isActive` bit(1) NOT NULL DEFAULT b'1',
  `description` text NOT NULL,
  `date_created` datetime NOT NULL DEFAULT CURRENT_TIMESTAMP,
  PRIMARY KEY (`subjectcategory_id`),
  UNIQUE KEY `specialization_title_UNIQUE` (`subjectcategory_name`)
) ENGINE=InnoDB AUTO_INCREMENT=53 DEFAULT CHARSET=latin1;
/*!40101 SET character_set_client = @saved_cs_client */;

--
-- Dumping data for table `subjectcategory_mt`
--

LOCK TABLES `subjectcategory_mt` WRITE;
/*!40000 ALTER TABLE `subjectcategory_mt` DISABLE KEYS */;
INSERT INTO `subjectcategory_mt` VALUES (40,'Filipino','','Filipino','2018-02-12 15:46:27'),(41,'Science','','Science ','2018-02-12 15:48:02'),(42,'Mathematics','','Mathematics','2018-02-12 15:50:42'),(43,'Mother Tongue','','Mother Tongue','2018-02-12 15:52:40'),(44,'English','','English','2018-02-12 16:14:10'),(45,'AP','','Araling Panlipunan','2018-03-18 18:02:04'),(46,'Edukasyon sa Pagpapakatao','','EsP','2018-03-18 18:06:42'),(47,'Music','','Music','2018-03-18 18:08:35'),(48,'Arts','','Arts','2018-03-18 18:09:35'),(49,'Physical Education','','P.E','2018-03-18 18:10:33'),(50,'Health','','Health','2018-03-18 18:11:20'),(51,'EPP ','','Edukasyong Pantahanan at Pangkabuhayan','2018-03-18 18:12:01'),(52,'TLE ','','Technology and Livelihood Education','2018-03-18 18:12:44');
/*!40000 ALTER TABLE `subjectcategory_mt` ENABLE KEYS */;
UNLOCK TABLES;

--
-- Table structure for table `subjectcategory_subject`
--

DROP TABLE IF EXISTS `subjectcategory_subject`;
/*!40101 SET @saved_cs_client     = @@character_set_client */;
/*!40101 SET character_set_client = utf8 */;
CREATE TABLE `subjectcategory_subject` (
  `subjectcategory_subject_id` int(11) NOT NULL AUTO_INCREMENT,
  `subjectcategory_id` int(11) NOT NULL,
  `subject_id` int(11) NOT NULL,
  `date_assigned` datetime DEFAULT CURRENT_TIMESTAMP,
  PRIMARY KEY (`subjectcategory_subject_id`),
  KEY `fk_specialization_subjectTABLE_specialization_idCOL_idx` (`subjectcategory_id`),
  KEY `fk_specialization_subjectTABLE_subject_idCOL_idx` (`subject_id`),
  CONSTRAINT `fk_subjectcategory_subjectTABLE_subject_idCOL` FOREIGN KEY (`subject_id`) REFERENCES `subject_mt` (`subject_id`) ON DELETE NO ACTION ON UPDATE NO ACTION,
  CONSTRAINT `fk_subjectcategory_subjectTABLE_subjectcategory_idCOL` FOREIGN KEY (`subjectcategory_id`) REFERENCES `subjectcategory_mt` (`subjectcategory_id`) ON DELETE NO ACTION ON UPDATE NO ACTION
) ENGINE=InnoDB AUTO_INCREMENT=233 DEFAULT CHARSET=latin1;
/*!40101 SET character_set_client = @saved_cs_client */;

--
-- Dumping data for table `subjectcategory_subject`
--

LOCK TABLES `subjectcategory_subject` WRITE;
/*!40000 ALTER TABLE `subjectcategory_subject` DISABLE KEYS */;
INSERT INTO `subjectcategory_subject` VALUES (34,42,690,'2018-02-12 15:50:42'),(35,42,691,'2018-02-12 15:50:42'),(36,42,692,'2018-02-12 15:50:42'),(37,42,693,'2018-02-12 15:50:42'),(38,42,694,'2018-02-12 15:50:42'),(39,42,695,'2018-02-12 15:50:42'),(40,42,696,'2018-02-12 15:50:42'),(41,42,697,'2018-02-12 15:50:42'),(42,42,698,'2018-02-12 15:50:42'),(43,42,699,'2018-02-12 15:50:42'),(44,42,700,'2018-02-12 15:50:42'),(60,40,668,'2018-02-12 17:01:28'),(61,40,669,'2018-02-12 17:01:29'),(62,40,670,'2018-02-12 17:01:29'),(63,40,671,'2018-02-12 17:01:29'),(64,40,672,'2018-02-12 17:01:29'),(65,40,673,'2018-02-12 17:01:29'),(66,40,674,'2018-02-12 17:01:29'),(67,40,675,'2018-02-12 17:01:29'),(68,40,676,'2018-02-12 17:01:29'),(69,40,677,'2018-02-12 17:01:29'),(70,40,678,'2018-02-12 17:01:29'),(101,45,713,'2018-03-18 18:04:41'),(102,45,726,'2018-03-18 18:04:41'),(103,45,740,'2018-03-18 18:04:41'),(104,45,749,'2018-03-18 18:04:41'),(105,45,760,'2018-03-18 18:04:41'),(106,45,769,'2018-03-18 18:04:41'),(107,45,778,'2018-03-18 18:04:41'),(108,45,787,'2018-03-18 18:04:41'),(109,45,796,'2018-03-18 18:04:41'),(110,45,709,'2018-03-18 18:04:41'),(111,46,714,'2018-03-18 18:06:42'),(112,46,727,'2018-03-18 18:06:43'),(113,46,710,'2018-03-18 18:06:43'),(114,46,741,'2018-03-18 18:06:43'),(115,46,750,'2018-03-18 18:06:43'),(116,46,761,'2018-03-18 18:06:43'),(117,46,770,'2018-03-18 18:06:43'),(118,46,779,'2018-03-18 18:06:43'),(119,46,788,'2018-03-18 18:06:43'),(120,46,797,'2018-03-18 18:06:43'),(122,47,728,'2018-03-18 18:08:35'),(123,47,711,'2018-03-18 18:08:35'),(124,47,742,'2018-03-18 18:08:35'),(125,47,751,'2018-03-18 18:08:35'),(126,47,762,'2018-03-18 18:08:35'),(127,47,771,'2018-03-18 18:08:35'),(128,47,780,'2018-03-18 18:08:35'),(129,47,789,'2018-03-18 18:08:35'),(130,47,798,'2018-03-18 18:08:35'),(132,48,729,'2018-03-18 18:09:36'),(133,48,734,'2018-03-18 18:09:36'),(134,48,743,'2018-03-18 18:09:36'),(135,48,752,'2018-03-18 18:09:36'),(136,48,763,'2018-03-18 18:09:36'),(137,48,772,'2018-03-18 18:09:36'),(138,48,781,'2018-03-18 18:09:36'),(139,48,790,'2018-03-18 18:09:36'),(140,48,799,'2018-03-18 18:09:36'),(142,49,730,'2018-03-18 18:10:33'),(143,49,735,'2018-03-18 18:10:33'),(144,49,744,'2018-03-18 18:10:33'),(145,49,753,'2018-03-18 18:10:33'),(146,49,764,'2018-03-18 18:10:33'),(147,49,773,'2018-03-18 18:10:33'),(148,49,782,'2018-03-18 18:10:33'),(149,49,791,'2018-03-18 18:10:33'),(150,49,800,'2018-03-18 18:10:33'),(152,50,731,'2018-03-18 18:11:21'),(153,50,736,'2018-03-18 18:11:21'),(154,50,745,'2018-03-18 18:11:21'),(155,50,754,'2018-03-18 18:11:21'),(156,50,765,'2018-03-18 18:11:21'),(157,50,774,'2018-03-18 18:11:21'),(158,50,783,'2018-03-18 18:11:21'),(159,50,792,'2018-03-18 18:11:21'),(160,50,801,'2018-03-18 18:11:21'),(162,51,732,'2018-03-18 18:12:01'),(163,51,737,'2018-03-18 18:12:01'),(164,51,746,'2018-03-18 18:12:01'),(165,51,755,'2018-03-18 18:12:01'),(166,51,766,'2018-03-18 18:12:01'),(167,51,775,'2018-03-18 18:12:01'),(168,51,784,'2018-03-18 18:12:01'),(169,51,793,'2018-03-18 18:12:01'),(170,51,802,'2018-03-18 18:12:01'),(172,52,733,'2018-03-18 18:12:44'),(173,52,738,'2018-03-18 18:12:44'),(174,52,747,'2018-03-18 18:12:44'),(175,52,756,'2018-03-18 18:12:44'),(176,52,767,'2018-03-18 18:12:44'),(177,52,776,'2018-03-18 18:12:44'),(178,52,785,'2018-03-18 18:12:44'),(179,52,794,'2018-03-18 18:12:44'),(180,52,803,'2018-03-18 18:12:44'),(181,41,701,'2018-03-18 18:21:13'),(182,41,702,'2018-03-18 18:21:13'),(183,41,703,'2018-03-18 18:21:13'),(184,41,704,'2018-03-18 18:21:13'),(185,41,705,'2018-03-18 18:21:14'),(186,41,706,'2018-03-18 18:21:14'),(187,41,707,'2018-03-18 18:21:14'),(188,41,708,'2018-03-18 18:21:14'),(189,41,712,'2018-03-18 18:21:14'),(190,41,725,'2018-03-18 18:21:14'),(211,43,665,'2018-03-27 22:07:51'),(212,43,666,'2018-03-27 22:07:51'),(213,43,667,'2018-03-27 22:07:51'),(214,43,739,'2018-03-27 22:07:51'),(215,43,748,'2018-03-27 22:07:51'),(216,43,757,'2018-03-27 22:07:51'),(217,43,768,'2018-03-27 22:07:51'),(218,43,777,'2018-03-27 22:07:51'),(219,43,786,'2018-03-27 22:07:51'),(220,43,795,'2018-03-27 22:07:51'),(221,43,664,'2018-03-27 22:07:51'),(222,44,680,'2018-03-27 22:10:10'),(223,44,681,'2018-03-27 22:10:10'),(224,44,682,'2018-03-27 22:10:10'),(225,44,683,'2018-03-27 22:10:10'),(226,44,684,'2018-03-27 22:10:10'),(227,44,685,'2018-03-27 22:10:10'),(228,44,686,'2018-03-27 22:10:10'),(229,44,687,'2018-03-27 22:10:10'),(230,44,688,'2018-03-27 22:10:10'),(231,44,689,'2018-03-27 22:10:10'),(232,44,679,'2018-03-27 22:10:10');
/*!40000 ALTER TABLE `subjectcategory_subject` ENABLE KEYS */;
UNLOCK TABLES;

--
-- Table structure for table `summer`
--

DROP TABLE IF EXISTS `summer`;
/*!40101 SET @saved_cs_client     = @@character_set_client */;
/*!40101 SET character_set_client = utf8 */;
CREATE TABLE `summer` (
  `summer_id` int(11) NOT NULL AUTO_INCREMENT,
  `student_id` int(11) NOT NULL,
  `schoolyear_id` int(11) NOT NULL,
  `gradelevel_id_summer` int(11) DEFAULT NULL,
  `date_added` datetime NOT NULL DEFAULT CURRENT_TIMESTAMP,
  `recommended_by_user_id` int(11) NOT NULL,
  `is_enrolled_in_summer` bit(1) NOT NULL DEFAULT b'0',
  PRIMARY KEY (`summer_id`),
  KEY `fk_student_summerTABLE_student_idCOL_idx` (`student_id`),
  KEY `fk_student_summerTABLE_schoolyear_idCOL_idx` (`schoolyear_id`),
  KEY `fk_summerTABLE_recommended_by_user_idCOL_idx` (`recommended_by_user_id`),
  KEY `fk_summerTABLE_gradelevel_id_summerCOL_idx` (`gradelevel_id_summer`),
  CONSTRAINT `fk_summerTABLE_gradelevel_id_summerCOL` FOREIGN KEY (`gradelevel_id_summer`) REFERENCES `gradelevel_mt` (`gradelevel_id`) ON DELETE NO ACTION ON UPDATE NO ACTION,
  CONSTRAINT `fk_summerTABLE_recommended_by_user_idCOL` FOREIGN KEY (`recommended_by_user_id`) REFERENCES `user_mt` (`user_id`) ON DELETE NO ACTION ON UPDATE NO ACTION,
  CONSTRAINT `fk_summerTABLE_schoolyear_idCOL` FOREIGN KEY (`schoolyear_id`) REFERENCES `schoolyear_mt` (`schoolyear_id`) ON DELETE NO ACTION ON UPDATE NO ACTION,
  CONSTRAINT `fk_summerTABLE_student_idCOL` FOREIGN KEY (`student_id`) REFERENCES `student_mt` (`student_id`) ON DELETE NO ACTION ON UPDATE NO ACTION
) ENGINE=InnoDB DEFAULT CHARSET=latin1;
/*!40101 SET character_set_client = @saved_cs_client */;

--
-- Dumping data for table `summer`
--

LOCK TABLES `summer` WRITE;
/*!40000 ALTER TABLE `summer` DISABLE KEYS */;
/*!40000 ALTER TABLE `summer` ENABLE KEYS */;
UNLOCK TABLES;

--
-- Table structure for table `transaction_balancebreakdown`
--

DROP TABLE IF EXISTS `transaction_balancebreakdown`;
/*!40101 SET @saved_cs_client     = @@character_set_client */;
/*!40101 SET character_set_client = utf8 */;
CREATE TABLE `transaction_balancebreakdown` (
  `transaction_balancebreakdown_id` int(11) NOT NULL AUTO_INCREMENT,
  `transaction_id` int(11) NOT NULL,
  `balancebreakdown_id` int(11) NOT NULL,
  `amount_paid` decimal(10,2) NOT NULL,
  PRIMARY KEY (`transaction_balancebreakdown_id`),
  KEY `fk_transaction_balancebreakdownTABLE_transaction_idCOL_idx` (`transaction_id`),
  KEY `fk_transaction_balancebreakdownTABLE_balancebreakdown_idCOL_idx` (`balancebreakdown_id`),
  CONSTRAINT `fk_transaction_balancebreakdownTABLE_balancebreakdown_idCOL` FOREIGN KEY (`balancebreakdown_id`) REFERENCES `balancebreakdown` (`balancebreakdown_id`) ON DELETE NO ACTION ON UPDATE NO ACTION,
  CONSTRAINT `fk_transaction_balancebreakdownTABLE_transaction_idCOL` FOREIGN KEY (`transaction_id`) REFERENCES `transaction_mt` (`transaction_id`) ON DELETE NO ACTION ON UPDATE NO ACTION
) ENGINE=InnoDB AUTO_INCREMENT=43 DEFAULT CHARSET=latin1;
/*!40101 SET character_set_client = @saved_cs_client */;

--
-- Dumping data for table `transaction_balancebreakdown`
--

LOCK TABLES `transaction_balancebreakdown` WRITE;
/*!40000 ALTER TABLE `transaction_balancebreakdown` DISABLE KEYS */;
INSERT INTO `transaction_balancebreakdown` VALUES (32,20,45,34600.00),(33,21,46,6000.00),(34,22,51,6000.00),(35,23,55,6000.00),(36,24,54,1900.00),(37,25,52,14300.00),(38,26,47,7150.00),(39,27,48,7150.00),(40,27,49,7150.00),(41,27,50,7150.00),(42,28,66,6000.00);
/*!40000 ALTER TABLE `transaction_balancebreakdown` ENABLE KEYS */;
UNLOCK TABLES;

--
-- Table structure for table `transaction_mt`
--

DROP TABLE IF EXISTS `transaction_mt`;
/*!40101 SET @saved_cs_client     = @@character_set_client */;
/*!40101 SET character_set_client = utf8 */;
CREATE TABLE `transaction_mt` (
  `transaction_id` int(11) NOT NULL AUTO_INCREMENT,
  `student_id` int(11) NOT NULL,
  `amount_received` decimal(10,2) NOT NULL,
  `amount_charged` decimal(10,2) NOT NULL,
  `or_no_attached` int(11) NOT NULL,
  `date_charged` datetime NOT NULL DEFAULT CURRENT_TIMESTAMP,
  `processed_by_user_id` int(11) NOT NULL,
  PRIMARY KEY (`transaction_id`),
  KEY `fk_transaction_mtTABLE_student_idCOL_idx` (`student_id`),
  KEY `fk_transaction_mtTABLE_processed_by_user_idCOL_idx` (`processed_by_user_id`),
  CONSTRAINT `fk_transaction_mtTABLE_processed_by_user_idCOL` FOREIGN KEY (`processed_by_user_id`) REFERENCES `user_mt` (`user_id`) ON DELETE NO ACTION ON UPDATE NO ACTION,
  CONSTRAINT `fk_transaction_mtTABLE_student_idCOL` FOREIGN KEY (`student_id`) REFERENCES `student_mt` (`student_id`) ON DELETE NO ACTION ON UPDATE NO ACTION
) ENGINE=InnoDB AUTO_INCREMENT=29 DEFAULT CHARSET=latin1;
/*!40101 SET character_set_client = @saved_cs_client */;

--
-- Dumping data for table `transaction_mt`
--

LOCK TABLES `transaction_mt` WRITE;
/*!40000 ALTER TABLE `transaction_mt` DISABLE KEYS */;
INSERT INTO `transaction_mt` VALUES (20,8,35000.00,34600.00,10001,'2018-06-07 09:31:36',46),(21,9,6300.00,6300.00,10002,'2018-06-07 09:32:25',46),(22,10,6500.00,6500.00,10003,'2018-06-07 09:32:54',46),(23,11,7000.00,6100.00,10004,'2018-06-07 09:33:54',46),(24,11,2000.00,2000.00,10005,'2018-06-07 11:03:47',46),(25,10,15000.00,14300.00,10006,'2018-06-07 11:04:53',46),(26,9,7200.00,7150.00,10007,'2018-06-07 11:06:41',46),(27,9,22000.00,21450.00,100499,'2018-06-07 11:18:04',46),(28,9,6000.00,6000.00,100500,'2018-06-07 11:18:35',46);
/*!40000 ALTER TABLE `transaction_mt` ENABLE KEYS */;
UNLOCK TABLES;

--
-- Table structure for table `transaction_penalty`
--

DROP TABLE IF EXISTS `transaction_penalty`;
/*!40101 SET @saved_cs_client     = @@character_set_client */;
/*!40101 SET character_set_client = utf8 */;
CREATE TABLE `transaction_penalty` (
  `transaction_penalty_id` int(11) NOT NULL AUTO_INCREMENT,
  `transaction_id` int(11) NOT NULL,
  `penalty_id` int(11) NOT NULL,
  `amount_paid` decimal(10,2) NOT NULL,
  `date_paid` datetime DEFAULT CURRENT_TIMESTAMP,
  PRIMARY KEY (`transaction_penalty_id`),
  KEY `fk_transaction_penaltyTABLE_transaction_idCOL_idx` (`transaction_id`),
  KEY `fk_transaction_penaltyTABLE_penalty_idCOL_idx` (`penalty_id`),
  CONSTRAINT `fk_transaction_penaltyTABLE_penalty_idCOL` FOREIGN KEY (`penalty_id`) REFERENCES `penalty` (`penalty_id`) ON DELETE NO ACTION ON UPDATE NO ACTION,
  CONSTRAINT `fk_transaction_penaltyTABLE_transaction_idCOL` FOREIGN KEY (`transaction_id`) REFERENCES `transaction_mt` (`transaction_id`) ON DELETE NO ACTION ON UPDATE NO ACTION
) ENGINE=InnoDB AUTO_INCREMENT=23 DEFAULT CHARSET=latin1;
/*!40101 SET character_set_client = @saved_cs_client */;

--
-- Dumping data for table `transaction_penalty`
--

LOCK TABLES `transaction_penalty` WRITE;
/*!40000 ALTER TABLE `transaction_penalty` DISABLE KEYS */;
INSERT INTO `transaction_penalty` VALUES (19,21,19,300.00,'2018-06-07 09:32:25'),(20,22,20,500.00,'2018-06-07 09:32:54'),(21,23,21,100.00,'2018-06-07 09:33:54'),(22,24,22,100.00,'2018-06-07 11:03:47');
/*!40000 ALTER TABLE `transaction_penalty` ENABLE KEYS */;
UNLOCK TABLES;

--
-- Table structure for table `user_faculty`
--

DROP TABLE IF EXISTS `user_faculty`;
/*!40101 SET @saved_cs_client     = @@character_set_client */;
/*!40101 SET character_set_client = utf8 */;
CREATE TABLE `user_faculty` (
  `user_faculty_id` int(11) NOT NULL AUTO_INCREMENT,
  `user_id` int(11) NOT NULL,
  `faculty_id` int(11) NOT NULL,
  `date_created` datetime DEFAULT CURRENT_TIMESTAMP,
  PRIMARY KEY (`user_faculty_id`),
  KEY `user_facultyTABLE_user_idCOL_idx` (`user_id`),
  KEY `user_facultyTABLE_faculty_idCOL_idx` (`faculty_id`),
  CONSTRAINT `user_facultyTABLE_faculty_idCOL` FOREIGN KEY (`faculty_id`) REFERENCES `faculty_mt` (`faculty_id`) ON DELETE NO ACTION ON UPDATE NO ACTION,
  CONSTRAINT `user_facultyTABLE_user_idCOL` FOREIGN KEY (`user_id`) REFERENCES `user_mt` (`user_id`) ON DELETE NO ACTION ON UPDATE NO ACTION
) ENGINE=InnoDB AUTO_INCREMENT=69 DEFAULT CHARSET=latin1;
/*!40101 SET character_set_client = @saved_cs_client */;

--
-- Dumping data for table `user_faculty`
--

LOCK TABLES `user_faculty` WRITE;
/*!40000 ALTER TABLE `user_faculty` DISABLE KEYS */;
INSERT INTO `user_faculty` VALUES (1,51,4,'2018-02-12 20:35:42'),(2,52,14,'2018-02-12 20:52:06'),(3,53,11,'2018-02-13 22:18:53'),(4,54,7,'2018-02-13 23:45:43'),(5,55,15,'2018-02-17 21:20:15'),(6,56,22,'2018-02-17 21:20:52'),(7,57,19,'2018-02-17 21:21:39'),(8,58,9,'2018-02-18 18:46:30'),(9,59,13,'2018-02-18 18:50:00'),(10,60,12,'2018-02-18 18:50:32'),(11,61,16,'2018-02-18 18:51:17'),(12,62,21,'2018-02-18 21:44:40'),(13,63,20,'2018-02-21 12:00:52'),(14,65,6,'2018-03-14 04:41:51'),(15,67,29,'2018-03-21 11:29:41'),(16,68,5,'2018-03-21 14:40:36'),(17,69,8,'2018-03-21 14:41:19'),(18,70,10,'2018-03-21 14:41:39'),(19,71,17,'2018-03-21 14:42:57'),(20,72,18,'2018-03-21 14:43:14'),(21,73,23,'2018-03-21 14:44:15'),(22,74,24,'2018-03-21 14:44:31'),(23,75,26,'2018-03-21 14:45:07'),(24,76,27,'2018-03-21 14:45:23'),(25,77,28,'2018-03-21 14:45:37'),(26,78,30,'2018-03-21 14:46:01'),(27,79,31,'2018-03-21 14:46:18'),(28,80,32,'2018-03-21 14:46:35'),(29,81,33,'2018-03-21 14:46:47'),(30,82,34,'2018-03-21 14:47:01'),(31,83,35,'2018-03-21 14:47:15'),(32,84,36,'2018-03-21 14:47:26'),(33,85,37,'2018-03-21 14:47:36'),(34,86,38,'2018-03-21 14:47:47'),(35,87,39,'2018-03-21 14:50:50'),(36,88,40,'2018-03-21 14:51:28'),(37,89,41,'2018-03-21 14:51:44'),(38,90,42,'2018-03-21 14:51:54'),(39,91,43,'2018-03-21 14:52:10'),(40,92,44,'2018-03-21 14:52:22'),(41,93,45,'2018-03-21 14:52:32'),(42,94,46,'2018-03-21 14:53:44'),(43,95,47,'2018-03-21 14:53:53'),(44,96,48,'2018-03-21 14:54:08'),(45,97,49,'2018-03-21 14:54:17'),(46,98,50,'2018-03-21 14:55:00'),(47,99,51,'2018-03-21 14:55:11'),(48,100,53,'2018-03-21 14:55:28'),(49,101,52,'2018-03-21 14:55:39'),(50,102,54,'2018-03-21 14:56:00'),(51,103,55,'2018-03-21 14:56:10'),(52,104,56,'2018-03-21 14:56:23'),(53,105,57,'2018-03-21 14:56:43'),(54,106,58,'2018-11-01 12:49:59'),(55,107,73,'2018-03-28 07:23:49'),(56,108,72,'2018-03-28 07:23:59'),(57,109,71,'2018-03-28 07:24:08'),(58,110,70,'2018-03-28 07:24:35'),(59,111,69,'2018-03-28 07:24:46'),(60,112,68,'2018-03-28 07:24:58'),(61,113,67,'2018-03-28 07:25:11'),(62,114,66,'2018-03-28 07:25:21'),(63,115,65,'2018-03-28 07:25:36'),(64,116,64,'2018-03-28 07:25:47'),(65,117,63,'2018-03-28 07:25:57'),(66,118,62,'2018-03-28 07:26:11'),(67,119,61,'2018-03-28 07:26:42'),(68,120,60,'2018-03-28 07:26:51');
/*!40000 ALTER TABLE `user_faculty` ENABLE KEYS */;
UNLOCK TABLES;

--
-- Table structure for table `user_mt`
--

DROP TABLE IF EXISTS `user_mt`;
/*!40101 SET @saved_cs_client     = @@character_set_client */;
/*!40101 SET character_set_client = utf8 */;
CREATE TABLE `user_mt` (
  `user_id` int(255) NOT NULL AUTO_INCREMENT,
  `username` varchar(255) NOT NULL,
  `password` varchar(255) NOT NULL,
  `isActive` smallint(1) NOT NULL DEFAULT '1',
  `isLocked` smallint(1) NOT NULL DEFAULT '0',
  `lastname` varchar(255) NOT NULL,
  `firstname` varchar(255) NOT NULL,
  `middlename` varchar(255) NOT NULL,
  `lastLoginDate` datetime NOT NULL DEFAULT CURRENT_TIMESTAMP,
  `dateCreated` datetime NOT NULL DEFAULT CURRENT_TIMESTAMP,
  `addedBy` varchar(255) NOT NULL,
  PRIMARY KEY (`user_id`),
  UNIQUE KEY `uc_username` (`username`)
) ENGINE=InnoDB AUTO_INCREMENT=121 DEFAULT CHARSET=latin1 COMMENT='Users Master Table';
/*!40101 SET character_set_client = @saved_cs_client */;

--
-- Dumping data for table `user_mt`
--

LOCK TABLES `user_mt` WRITE;
/*!40000 ALTER TABLE `user_mt` DISABLE KEYS */;
INSERT INTO `user_mt` VALUES (46,'admin','admin',1,0,'Default','Admin','Login','2018-06-05 11:04:58','2017-08-19 10:13:26','DB Administrator'),(48,'registrar','registrar',1,0,'Registrar','Registrar','Registrar','2018-03-14 09:07:17','2018-01-23 16:16:37',''),(51,'jordan','jordan123',1,0,'Antonio','John Ferdinand','Maala','2018-03-23 15:06:29','2018-02-12 20:35:42',''),(52,'leatan','faculty123',1,0,'Tan','Lea','S','2018-06-07 11:16:10','2018-02-12 20:52:06',''),(53,'ericmasigla','faculty123',1,0,'Masigla','Eric','E','2018-11-01 13:20:13','2018-02-13 22:18:53',''),(54,'mirabertud','faculty123',1,0,'Bertud','Mira','A','2018-04-05 15:19:35','2018-02-13 23:45:43',''),(55,'elenacruz','faculty123',1,0,'Cruz','Elena','E','2018-11-01 13:15:04','2018-02-17 21:20:15',''),(56,'pinkyamador','faculty123',1,0,'Amador','Pinky','P','2018-03-22 13:20:42','2018-02-17 21:20:52',''),(57,'cecilretalia','faculty123',1,0,'Retalia','Cecil','Y','2018-02-17 21:21:39','2018-02-17 21:21:39',''),(58,'glennong','faculty123',1,0,'Ong','Glenn','O','2018-02-18 20:51:00','2018-02-18 18:46:29',''),(59,'lanisalud','faculty123',1,0,'Salud','Lani','V','2018-11-01 13:18:19','2018-02-18 18:49:59',''),(60,'maecordova','faculty123',1,0,'Cordova','Mae','L.','2018-03-14 04:43:23','2018-02-18 18:50:32',''),(61,'rolandreyes','faculty123',1,0,'Reyes','Roland','D','2018-03-21 15:31:45','2018-02-18 18:51:17',''),(62,'chinitaakot','faculty123',1,0,'Akot','Chinita','P','2018-03-22 13:19:15','2018-02-18 21:44:39',''),(63,'corachuan','faculty123',1,0,'Chuan','Cora','Q','2018-02-21 13:21:09','2018-02-21 12:00:52',''),(64,'paul','paulpaul',1,0,'Napadao','Paul Neo','A.','2018-03-14 09:30:50','2018-02-27 15:46:09',''),(65,'rickgrimes','faculty123',1,0,'Grimes','Rick','L.','2018-11-01 13:13:22','2018-03-14 04:41:51',''),(66,'ganda','superganda',1,0,'Loresco','Julie','Ganda','2018-03-14 09:36:29','2018-03-14 09:09:19',''),(67,'ellasanchez','faculty123',1,0,'Sanchez','Ella','D.','2018-03-27 21:19:18','2018-03-21 11:29:41',''),(68,'reubendayao','faculty123',1,0,'Dayao','Reuben','A.','2018-03-21 14:40:36','2018-03-21 14:40:36',''),(69,'darylsmith','faculty123',1,0,'Smith','Daryl','Y','2018-04-05 14:20:01','2018-03-21 14:41:19',''),(70,'gregorioantonio','faculty123',1,0,'Antonio','Gregorio','M','2018-03-22 13:15:20','2018-03-21 14:41:39',''),(71,'lauracagasab','faculty123',1,0,'Cagasab','Laura','L.','2018-03-21 14:42:57','2018-03-21 14:42:57',''),(72,'nancynagac','faculty123',1,0,'Nagac','Nancy','W','2018-03-21 14:43:14','2018-03-21 14:43:14',''),(73,'ludypuerto','faculty123',1,0,'Puerto','Ludy','H','2018-03-21 14:44:15','2018-03-21 14:44:15',''),(74,'leonoraconcepcion','faculty123',1,0,'Concepcion','Leonora','K','2018-03-21 14:44:31','2018-03-21 14:44:31',''),(75,'almaromarate','faculty123',1,0,'Romarate','Alma','A.','2018-03-21 14:45:07','2018-03-21 14:45:07',''),(76,'shayelannister','faculty123',1,0,'Lannister','Shaye','M.','2018-03-21 14:45:23','2018-03-21 14:45:23',''),(77,'cherriegil','faculty123',1,0,'Gil','Cherrie','R.','2018-11-01 13:19:18','2018-03-21 14:45:36',''),(78,'leonoradelacruz','faculty123',1,0,'Dela Cruz','Leonora','M','2018-03-21 14:46:01','2018-03-21 14:46:01',''),(79,'corazonguarin','faculty123',1,0,'Guarin','Corazon','K','2018-03-21 14:46:17','2018-03-21 14:46:17',''),(80,'jemmaabellana','faculty123',1,0,'Abellana','Jemma','A','2018-03-21 14:46:35','2018-03-21 14:46:35',''),(81,'elmerdumo','faculty123',1,0,'Dumo','Elmer','L.','2018-03-21 14:46:47','2018-03-21 14:46:47',''),(82,'codypangilinan','faculty123',1,0,'Pangilinan','Cody','L.','2018-03-21 14:47:01','2018-03-21 14:47:01',''),(83,'maryvallejos','faculty123',1,0,'Vallejos','Mary','E.','2018-03-21 14:47:15','2018-03-21 14:47:15',''),(84,'daisytan','faculty123',1,0,'Tan','Daisy','E.','2018-03-21 14:47:26','2018-03-21 14:47:26',''),(85,'sansastark','faculty123',1,0,'Stark','Sansa','O.','2018-03-21 14:47:36','2018-03-21 14:47:36',''),(86,'emilyespiritu','faculty123',1,0,'Espiritu','Emily','O.','2018-03-21 14:47:47','2018-03-21 14:47:47',''),(87,'victoriavictorino','faculty123',1,0,'Victorino','Victoria','L.','2018-03-21 14:50:50','2018-03-21 14:50:50',''),(88,'ameliasy','faculty123',1,0,'Sy','Amelia','W.','2018-04-02 00:12:31','2018-03-21 14:51:28',''),(89,'robertogeronimo','faculty123',1,0,'Geronimo','Roberto','W.','2018-03-21 14:51:44','2018-03-21 14:51:44',''),(90,'marieyu','faculty123',1,0,'Yu','Marie','P.','2018-11-05 16:30:30','2018-03-21 14:51:54',''),(91,'liliantecson','faculty123',1,0,'Tecson','Lilian','P.','2018-03-21 14:52:10','2018-03-21 14:52:10',''),(92,'cherryamorsolo','faculty123',1,0,'Amorsolo','Cherry','Q.','2018-03-21 14:52:22','2018-03-21 14:52:22',''),(93,'jeffbarnes','faculty123',1,0,'Barnes','Jeff','R.','2018-03-21 14:52:32','2018-03-21 14:52:32',''),(94,'jackielane','faculty123',1,0,'Lane','Jackie','R.','2018-03-21 14:53:44','2018-03-21 14:53:44',''),(95,'jennybowers','faculty123',1,0,'Bowers','Jenny','R.','2018-03-21 14:53:53','2018-03-21 14:53:53',''),(96,'franchisochotorina','faculty123',1,0,'Ochotorina','Francis','P.','2018-03-21 14:54:08','2018-03-21 14:54:08',''),(97,'selinagomez','faculty123',1,0,'Gomez','Selina','P.','2018-03-21 14:54:17','2018-03-21 14:54:17',''),(98,'jakefinn','faculty123',1,0,'Finn','Jake','P.','2018-03-21 14:55:00','2018-03-21 14:55:00',''),(99,'anniemercado','faculty123',1,0,'Mercado','Annie','P.','2018-03-21 14:55:11','2018-03-21 14:55:11',''),(100,'maritespunzalan','faculty123',1,0,'Punzalan','Marites','P.','2018-03-21 14:55:28','2018-03-21 14:55:28',''),(101,'ronnieretalia','faculty123',1,0,'Retalia','Ronnie','P.','2018-03-21 14:55:39','2018-03-21 14:55:39',''),(102,'joyabesamis','faculty123',1,0,'Abesamis','Joy','P.','2018-03-21 14:55:59','2018-03-21 14:55:59',''),(103,'ralphcayetano','faculty123',1,0,'Cayetano','Ralph','P.','2018-03-21 14:56:10','2018-03-21 14:56:10',''),(104,'ralphebarle','faculty123',1,0,'Ebarle','Ralph','P.','2018-03-21 14:56:23','2018-03-21 14:56:23',''),(105,'charicecruz','faculty123',1,0,'Cruz','Charice','P.','2018-03-21 14:56:43','2018-03-21 14:56:43',''),(106,'paulneonapadao','faculty123',1,0,'Napadao','Paul Neo','T.','2018-11-27 18:34:55','2018-11-01 12:49:59',''),(107,'georgebeahm','faculty123',1,0,'Beahm','George','L.','2018-03-28 07:23:49','2018-03-28 07:23:49',''),(108,'ashleevance','faculty123',1,0,'Vance','Ashlee','T.','2018-06-07 11:15:07','2018-03-28 07:23:59',''),(109,'jamesallen','faculty123',1,0,'Allen','James','U.','2018-03-28 07:24:08','2018-03-28 07:24:08',''),(110,'simonsinek','faculty123',1,0,'Sinek','Simon','Y.','2018-08-30 10:14:57','2018-03-28 07:24:35',''),(111,'walterisaacson','faculty123',1,0,'Isaacson','Walter','O.','2018-03-28 07:24:46','2018-03-28 07:24:46',''),(112,'michaelchapman','faculty123',1,0,'Chapman','Michael','I.','2018-03-28 07:24:58','2018-03-28 07:24:58',''),(113,'davidjones','faculty123',1,0,'Jones','David','Q.','2018-03-28 07:25:11','2018-03-28 07:25:11',''),(114,'dorotheabrande','faculty123',1,0,'Brande','Dorothea','P.','2018-03-28 07:25:21','2018-03-28 07:25:21',''),(115,'raymondphillips','faculty123',1,0,'Phillips','Raymond','K.','2018-03-28 07:25:36','2018-03-28 07:25:36',''),(116,'timothyferris','faculty123',1,0,'Ferris','Timothy','L.','2018-03-28 07:25:47','2018-03-28 07:25:47',''),(117,'johnmaxwell','faculty123',1,0,'Maxwell','John','C.','2018-03-28 07:25:57','2018-03-28 07:25:57',''),(118,'stevejobs','faculty123',1,0,'Jobs','Steve','I.','2018-03-28 07:26:11','2018-03-28 07:26:11',''),(119,'elonmusk','faculty123',1,0,'Musk','Elon','K.','2018-03-30 19:49:00','2018-03-28 07:26:42',''),(120,'johnmedina','faculty123',1,0,'Medina','John','A.','2018-03-28 07:26:51','2018-03-28 07:26:51','');
/*!40000 ALTER TABLE `user_mt` ENABLE KEYS */;
UNLOCK TABLES;

--
-- Table structure for table `user_role`
--

DROP TABLE IF EXISTS `user_role`;
/*!40101 SET @saved_cs_client     = @@character_set_client */;
/*!40101 SET character_set_client = utf8 */;
CREATE TABLE `user_role` (
  `user_role_id` int(11) NOT NULL AUTO_INCREMENT,
  `user_id` int(11) NOT NULL,
  `role_id` int(11) NOT NULL,
  PRIMARY KEY (`user_role_id`),
  KEY `fk_user_roleTABLE_user_idCOL_idx` (`user_id`),
  KEY `fk_user_roleTABLE_role_idCOL_idx` (`role_id`),
  CONSTRAINT `fk_user_roleTABLE_role_idCOL` FOREIGN KEY (`role_id`) REFERENCES `role` (`role_id`) ON DELETE NO ACTION ON UPDATE NO ACTION,
  CONSTRAINT `fk_user_roleTABLE_user_idCOL` FOREIGN KEY (`user_id`) REFERENCES `user_mt` (`user_id`) ON DELETE NO ACTION ON UPDATE NO ACTION
) ENGINE=InnoDB AUTO_INCREMENT=114 DEFAULT CHARSET=latin1;
/*!40101 SET character_set_client = @saved_cs_client */;

--
-- Dumping data for table `user_role`
--

LOCK TABLES `user_role` WRITE;
/*!40000 ALTER TABLE `user_role` DISABLE KEYS */;
INSERT INTO `user_role` VALUES (39,46,1),(41,48,3),(44,51,4),(45,52,4),(46,53,4),(47,54,4),(48,55,4),(49,56,4),(50,57,4),(51,58,4),(52,59,4),(53,60,4),(54,61,4),(55,62,4),(56,63,4),(57,64,2),(58,65,4),(59,66,3),(60,67,4),(61,68,4),(62,69,4),(63,70,4),(64,71,4),(65,72,4),(66,73,4),(67,74,4),(68,75,4),(69,76,4),(70,77,4),(71,78,4),(72,79,4),(73,80,4),(74,81,4),(75,82,4),(76,83,4),(77,84,4),(78,85,4),(79,86,4),(80,87,4),(81,88,4),(82,89,4),(83,90,4),(84,91,4),(85,92,4),(86,93,4),(87,94,4),(88,95,4),(89,96,4),(90,97,4),(91,98,4),(92,99,4),(93,100,4),(94,101,4),(95,102,4),(96,103,4),(97,104,4),(98,105,4),(99,106,4),(100,107,4),(101,108,4),(102,109,4),(103,110,4),(104,111,4),(105,112,4),(106,113,4),(107,114,4),(108,115,4),(109,116,4),(110,117,4),(111,118,4),(112,119,4),(113,120,4);
/*!40000 ALTER TABLE `user_role` ENABLE KEYS */;
UNLOCK TABLES;

--
-- Dumping events for database 'enrollmentdb'
--

--
-- Dumping routines for database 'enrollmentdb'
--
/*!50003 DROP PROCEDURE IF EXISTS ` getAllSchoolYearInfo` */;
/*!50003 SET @saved_cs_client      = @@character_set_client */ ;
/*!50003 SET @saved_cs_results     = @@character_set_results */ ;
/*!50003 SET @saved_col_connection = @@collation_connection */ ;
/*!50003 SET character_set_client  = utf8 */ ;
/*!50003 SET character_set_results = utf8 */ ;
/*!50003 SET collation_connection  = utf8_general_ci */ ;
/*!50003 SET @saved_sql_mode       = @@sql_mode */ ;
/*!50003 SET sql_mode              = 'NO_ENGINE_SUBSTITUTION' */ ;
DELIMITER ;;
CREATE DEFINER=`root`@`localhost` PROCEDURE ` getAllSchoolYearInfo`()
BEGIN
	SELECT * FROM schoolyear_mt;
END ;;
DELIMITER ;
/*!50003 SET sql_mode              = @saved_sql_mode */ ;
/*!50003 SET character_set_client  = @saved_cs_client */ ;
/*!50003 SET character_set_results = @saved_cs_results */ ;
/*!50003 SET collation_connection  = @saved_col_connection */ ;
/*!50003 DROP PROCEDURE IF EXISTS `activateStudent` */;
/*!50003 SET @saved_cs_client      = @@character_set_client */ ;
/*!50003 SET @saved_cs_results     = @@character_set_results */ ;
/*!50003 SET @saved_col_connection = @@collation_connection */ ;
/*!50003 SET character_set_client  = utf8 */ ;
/*!50003 SET character_set_results = utf8 */ ;
/*!50003 SET collation_connection  = utf8_general_ci */ ;
/*!50003 SET @saved_sql_mode       = @@sql_mode */ ;
/*!50003 SET sql_mode              = 'NO_ENGINE_SUBSTITUTION' */ ;
DELIMITER ;;
CREATE DEFINER=`root`@`localhost` PROCEDURE `activateStudent`(studentId INT)
BEGIN

UPDATE student_mt SET isActive = 1 
WHERE student_id = studentId;

END ;;
DELIMITER ;
/*!50003 SET sql_mode              = @saved_sql_mode */ ;
/*!50003 SET character_set_client  = @saved_cs_client */ ;
/*!50003 SET character_set_results = @saved_cs_results */ ;
/*!50003 SET collation_connection  = @saved_col_connection */ ;
/*!50003 DROP PROCEDURE IF EXISTS `addAdmission` */;
/*!50003 SET @saved_cs_client      = @@character_set_client */ ;
/*!50003 SET @saved_cs_results     = @@character_set_results */ ;
/*!50003 SET @saved_col_connection = @@collation_connection */ ;
/*!50003 SET character_set_client  = utf8 */ ;
/*!50003 SET character_set_results = utf8 */ ;
/*!50003 SET collation_connection  = utf8_general_ci */ ;
/*!50003 SET @saved_sql_mode       = @@sql_mode */ ;
/*!50003 SET sql_mode              = 'NO_ENGINE_SUBSTITUTION' */ ;
DELIMITER ;;
CREATE DEFINER=`root`@`localhost` PROCEDURE `addAdmission`(registrationId INT,
gradeLevelId INT,
schoolyearId INT,
OUT admissionId INT
)
BEGIN

INSERT INTO admission_mt(registration_id,gradelevel_id,schoolyear_id)
VALUES(registrationId,gradeLevelId, schoolYearId);
SELECT LAST_INSERT_ID() INTO admissionId;

END ;;
DELIMITER ;
/*!50003 SET sql_mode              = @saved_sql_mode */ ;
/*!50003 SET character_set_client  = @saved_cs_client */ ;
/*!50003 SET character_set_results = @saved_cs_results */ ;
/*!50003 SET collation_connection  = @saved_col_connection */ ;
/*!50003 DROP PROCEDURE IF EXISTS `addBalanceBreakDownFee` */;
/*!50003 SET @saved_cs_client      = @@character_set_client */ ;
/*!50003 SET @saved_cs_results     = @@character_set_results */ ;
/*!50003 SET @saved_col_connection = @@collation_connection */ ;
/*!50003 SET character_set_client  = utf8 */ ;
/*!50003 SET character_set_results = utf8 */ ;
/*!50003 SET collation_connection  = utf8_general_ci */ ;
/*!50003 SET @saved_sql_mode       = @@sql_mode */ ;
/*!50003 SET sql_mode              = 'NO_ENGINE_SUBSTITUTION' */ ;
DELIMITER ;;
CREATE DEFINER=`root`@`localhost` PROCEDURE `addBalanceBreakDownFee`(
balancebreakdownFeeName VARCHAR(255),
balancebreakdownFeeAmount DECIMAL(10,2),
balancebreakdownFeeDueDate DATE,
balancebreakdownFeeCategory VARCHAR(255),
studentId INT,
paymentTermId INT,
schoolyearId INT,
OUT balancebreakdownFeeId INT
)
BEGIN

INSERT INTO balancebreakdown(balancebreakdown_name, balancebreakdown_amount, due_date, category,student_id,paymentterm_id,schoolyear_id)
VALUES(balancebreakdownFeeName,balancebreakdownFeeAmount,balancebreakdownFeeDueDate,balancebreakdownFeeCategory,studentId,paymentTermId,schoolyearId);
SELECT LAST_INSERT_ID() INTO balancebreakdownFeeId;

END ;;
DELIMITER ;
/*!50003 SET sql_mode              = @saved_sql_mode */ ;
/*!50003 SET character_set_client  = @saved_cs_client */ ;
/*!50003 SET character_set_results = @saved_cs_results */ ;
/*!50003 SET collation_connection  = @saved_col_connection */ ;
/*!50003 DROP PROCEDURE IF EXISTS `addCredential` */;
/*!50003 SET @saved_cs_client      = @@character_set_client */ ;
/*!50003 SET @saved_cs_results     = @@character_set_results */ ;
/*!50003 SET @saved_col_connection = @@collation_connection */ ;
/*!50003 SET character_set_client  = utf8 */ ;
/*!50003 SET character_set_results = utf8 */ ;
/*!50003 SET collation_connection  = utf8_general_ci */ ;
/*!50003 SET @saved_sql_mode       = @@sql_mode */ ;
/*!50003 SET sql_mode              = 'NO_ENGINE_SUBSTITUTION' */ ;
DELIMITER ;;
CREATE DEFINER=`root`@`localhost` PROCEDURE `addCredential`(aCredentialName VARCHAR(255),aCredentialDescription VARCHAR(255),aUserId INT, OUT aCredentialId INT)
BEGIN

INSERT INTO credential_mt (credential_name, credential_description, created_by_user_id)
VALUES(aCredentialName, aCredentialDescription, aUserId);

SELECT LAST_INSERT_ID() INTO aCredentialId;
END ;;
DELIMITER ;
/*!50003 SET sql_mode              = @saved_sql_mode */ ;
/*!50003 SET character_set_client  = @saved_cs_client */ ;
/*!50003 SET character_set_results = @saved_cs_results */ ;
/*!50003 SET collation_connection  = @saved_col_connection */ ;
/*!50003 DROP PROCEDURE IF EXISTS `addCredentialGradeLevel` */;
/*!50003 SET @saved_cs_client      = @@character_set_client */ ;
/*!50003 SET @saved_cs_results     = @@character_set_results */ ;
/*!50003 SET @saved_col_connection = @@collation_connection */ ;
/*!50003 SET character_set_client  = utf8 */ ;
/*!50003 SET character_set_results = utf8 */ ;
/*!50003 SET collation_connection  = utf8_general_ci */ ;
/*!50003 SET @saved_sql_mode       = @@sql_mode */ ;
/*!50003 SET sql_mode              = 'NO_ENGINE_SUBSTITUTION' */ ;
DELIMITER ;;
CREATE DEFINER=`root`@`localhost` PROCEDURE `addCredentialGradeLevel`(
aCredentialId INT, aGradeLevelId INT, aYearCreatedSchoolYearId INT)
BEGIN

INSERT INTO credential_gradelevel(credential_id, gradelevel_id, year_created_schoolyear_id)
VALUES(aCredentialId, aGradeLevelId, aYearCreatedSchoolYearId);

END ;;
DELIMITER ;
/*!50003 SET sql_mode              = @saved_sql_mode */ ;
/*!50003 SET character_set_client  = @saved_cs_client */ ;
/*!50003 SET character_set_results = @saved_cs_results */ ;
/*!50003 SET collation_connection  = @saved_col_connection */ ;
/*!50003 DROP PROCEDURE IF EXISTS `addCurriculum` */;
/*!50003 SET @saved_cs_client      = @@character_set_client */ ;
/*!50003 SET @saved_cs_results     = @@character_set_results */ ;
/*!50003 SET @saved_col_connection = @@collation_connection */ ;
/*!50003 SET character_set_client  = utf8 */ ;
/*!50003 SET character_set_results = utf8 */ ;
/*!50003 SET collation_connection  = utf8_general_ci */ ;
/*!50003 SET @saved_sql_mode       = @@sql_mode */ ;
/*!50003 SET sql_mode              = 'NO_ENGINE_SUBSTITUTION' */ ;
DELIMITER ;;
CREATE DEFINER=`root`@`localhost` PROCEDURE `addCurriculum`(
	schoolYearId INT,
    curriculumTitle VARCHAR(255),
    description VARCHAR(255),
    OUT curriculumId INT
)
BEGIN
	INSERT INTO curriculum_mt(schoolyear_id, curriculum_title, description)
	VALUES(schoolYearId, curriculumTitle, description);
    SELECT LAST_INSERT_ID() INTO curriculumId;
END ;;
DELIMITER ;
/*!50003 SET sql_mode              = @saved_sql_mode */ ;
/*!50003 SET character_set_client  = @saved_cs_client */ ;
/*!50003 SET character_set_results = @saved_cs_results */ ;
/*!50003 SET collation_connection  = @saved_col_connection */ ;
/*!50003 DROP PROCEDURE IF EXISTS `addCurriculumSubjects` */;
/*!50003 SET @saved_cs_client      = @@character_set_client */ ;
/*!50003 SET @saved_cs_results     = @@character_set_results */ ;
/*!50003 SET @saved_col_connection = @@collation_connection */ ;
/*!50003 SET character_set_client  = utf8 */ ;
/*!50003 SET character_set_results = utf8 */ ;
/*!50003 SET collation_connection  = utf8_general_ci */ ;
/*!50003 SET @saved_sql_mode       = @@sql_mode */ ;
/*!50003 SET sql_mode              = 'NO_ENGINE_SUBSTITUTION' */ ;
DELIMITER ;;
CREATE DEFINER=`root`@`localhost` PROCEDURE `addCurriculumSubjects`( 
curriculumId INT,
subjectId INT,
subjectHours DECIMAL
)
BEGIN
	
    INSERT INTO curriculum_subject_lt(curriculum_id, subject_id, subject_minutes_per_week)
    VALUES(curriculumId, subjectId, subjectHours);
    
END ;;
DELIMITER ;
/*!50003 SET sql_mode              = @saved_sql_mode */ ;
/*!50003 SET character_set_client  = @saved_cs_client */ ;
/*!50003 SET character_set_results = @saved_cs_results */ ;
/*!50003 SET collation_connection  = @saved_col_connection */ ;
/*!50003 DROP PROCEDURE IF EXISTS `addDiscount` */;
/*!50003 SET @saved_cs_client      = @@character_set_client */ ;
/*!50003 SET @saved_cs_results     = @@character_set_results */ ;
/*!50003 SET @saved_col_connection = @@collation_connection */ ;
/*!50003 SET character_set_client  = utf8 */ ;
/*!50003 SET character_set_results = utf8 */ ;
/*!50003 SET collation_connection  = utf8_general_ci */ ;
/*!50003 SET @saved_sql_mode       = @@sql_mode */ ;
/*!50003 SET sql_mode              = 'NO_ENGINE_SUBSTITUTION' */ ;
DELIMITER ;;
CREATE DEFINER=`root`@`localhost` PROCEDURE `addDiscount`(aDiscountName VARCHAR(255), aDiscountPercentage INT,
aDescription TEXT)
BEGIN

DECLARE EXIT HANDLER FOR sqlexception
    BEGIN
		ROLLBACK;
        RESIGNAL;
    END;
    
    START TRANSACTION;
		INSERT INTO discount_mt (discount_name, percentage, description)
		VALUES(aDiscountName, aDiscountPercentage, aDescription);
	COMMIT;

END ;;
DELIMITER ;
/*!50003 SET sql_mode              = @saved_sql_mode */ ;
/*!50003 SET character_set_client  = @saved_cs_client */ ;
/*!50003 SET character_set_results = @saved_cs_results */ ;
/*!50003 SET collation_connection  = @saved_col_connection */ ;
/*!50003 DROP PROCEDURE IF EXISTS `addEnrollment` */;
/*!50003 SET @saved_cs_client      = @@character_set_client */ ;
/*!50003 SET @saved_cs_results     = @@character_set_results */ ;
/*!50003 SET @saved_col_connection = @@collation_connection */ ;
/*!50003 SET character_set_client  = utf8 */ ;
/*!50003 SET character_set_results = utf8 */ ;
/*!50003 SET collation_connection  = utf8_general_ci */ ;
/*!50003 SET @saved_sql_mode       = @@sql_mode */ ;
/*!50003 SET sql_mode              = 'NO_ENGINE_SUBSTITUTION' */ ;
DELIMITER ;;
CREATE DEFINER=`root`@`localhost` PROCEDURE `addEnrollment`(
schoolYearId INT, 
studentId INT, 
enrollmentType VARCHAR(1), 
aGradeLevelId INT,
OUT enrollmentId INT)
BEGIN

INSERT INTO enrollment(schoolyear_id, student_id,enrollment_type,gradelevel_id)
VALUES(schoolYearId, studentId, enrollmentType,aGradeLevelId);

SELECT LAST_INSERT_ID() INTO enrollmentId;

END ;;
DELIMITER ;
/*!50003 SET sql_mode              = @saved_sql_mode */ ;
/*!50003 SET character_set_client  = @saved_cs_client */ ;
/*!50003 SET character_set_results = @saved_cs_results */ ;
/*!50003 SET collation_connection  = @saved_col_connection */ ;
/*!50003 DROP PROCEDURE IF EXISTS `addFaculty` */;
/*!50003 SET @saved_cs_client      = @@character_set_client */ ;
/*!50003 SET @saved_cs_results     = @@character_set_results */ ;
/*!50003 SET @saved_col_connection = @@collation_connection */ ;
/*!50003 SET character_set_client  = utf8 */ ;
/*!50003 SET character_set_results = utf8 */ ;
/*!50003 SET collation_connection  = utf8_general_ci */ ;
/*!50003 SET @saved_sql_mode       = @@sql_mode */ ;
/*!50003 SET sql_mode              = 'NO_ENGINE_SUBSTITUTION' */ ;
DELIMITER ;;
CREATE DEFINER=`root`@`localhost` PROCEDURE `addFaculty`(
IN p_firstName varchar(45),
    IN p_lastName varchar(45),
    IN p_middleName varchar(45),
    IN p_email varchar (45),
    IN p_contact varchar(45)
)
BEGIN

	INSERT INTO faculty_mt (firstName,lastName,middleName,email,contactNo)
    VALUES(p_firstName,p_lastName,p_middleName,p_email,p_contact);

END ;;
DELIMITER ;
/*!50003 SET sql_mode              = @saved_sql_mode */ ;
/*!50003 SET character_set_client  = @saved_cs_client */ ;
/*!50003 SET character_set_results = @saved_cs_results */ ;
/*!50003 SET collation_connection  = @saved_col_connection */ ;
/*!50003 DROP PROCEDURE IF EXISTS `addFacultyAndSpecialization` */;
/*!50003 SET @saved_cs_client      = @@character_set_client */ ;
/*!50003 SET @saved_cs_results     = @@character_set_results */ ;
/*!50003 SET @saved_col_connection = @@collation_connection */ ;
/*!50003 SET character_set_client  = utf8 */ ;
/*!50003 SET character_set_results = utf8 */ ;
/*!50003 SET collation_connection  = utf8_general_ci */ ;
/*!50003 SET @saved_sql_mode       = @@sql_mode */ ;
/*!50003 SET sql_mode              = 'NO_ENGINE_SUBSTITUTION' */ ;
DELIMITER ;;
CREATE DEFINER=`root`@`localhost` PROCEDURE `addFacultyAndSpecialization`(IN p_faculty_id INT,
IN p_specialization_id INT, 
IN p_schoolyear_id INT
)
BEGIN

	INSERT INTO faculty_specialization(faculty_id,specialization_id,schoolyear_id)
    VALUES(p_faculty_id,p_specialization_id,p_schoolyear_id);

END ;;
DELIMITER ;
/*!50003 SET sql_mode              = @saved_sql_mode */ ;
/*!50003 SET character_set_client  = @saved_cs_client */ ;
/*!50003 SET character_set_results = @saved_cs_results */ ;
/*!50003 SET collation_connection  = @saved_col_connection */ ;
/*!50003 DROP PROCEDURE IF EXISTS `addFacultyAsUser` */;
/*!50003 SET @saved_cs_client      = @@character_set_client */ ;
/*!50003 SET @saved_cs_results     = @@character_set_results */ ;
/*!50003 SET @saved_col_connection = @@collation_connection */ ;
/*!50003 SET character_set_client  = utf8 */ ;
/*!50003 SET character_set_results = utf8 */ ;
/*!50003 SET collation_connection  = utf8_general_ci */ ;
/*!50003 SET @saved_sql_mode       = @@sql_mode */ ;
/*!50003 SET sql_mode              = 'NO_ENGINE_SUBSTITUTION' */ ;
DELIMITER ;;
CREATE DEFINER=`root`@`localhost` PROCEDURE `addFacultyAsUser`(
aUserId INT, aFacultyId INT
)
BEGIN

INSERT INTO user_faculty(user_id,faculty_id)
VALUES(aUserId, aFacultyId);

END ;;
DELIMITER ;
/*!50003 SET sql_mode              = @saved_sql_mode */ ;
/*!50003 SET character_set_client  = @saved_cs_client */ ;
/*!50003 SET character_set_results = @saved_cs_results */ ;
/*!50003 SET collation_connection  = @saved_col_connection */ ;
/*!50003 DROP PROCEDURE IF EXISTS `addFacultyClassHandled` */;
/*!50003 SET @saved_cs_client      = @@character_set_client */ ;
/*!50003 SET @saved_cs_results     = @@character_set_results */ ;
/*!50003 SET @saved_col_connection = @@collation_connection */ ;
/*!50003 SET character_set_client  = utf8 */ ;
/*!50003 SET character_set_results = utf8 */ ;
/*!50003 SET collation_connection  = utf8_general_ci */ ;
/*!50003 SET @saved_sql_mode       = @@sql_mode */ ;
/*!50003 SET sql_mode              = 'NO_ENGINE_SUBSTITUTION' */ ;
DELIMITER ;;
CREATE DEFINER=`root`@`localhost` PROCEDURE `addFacultyClassHandled`(
aFacultyId INT, aClassTypeId INT, aSchoolYearId INT
)
BEGIN

INSERT INTO faculty_classhandled
SET faculty_id = aFacultyId,
classtype_id = aClassTypeId,
schoolyear_id = aSchoolYearId;

END ;;
DELIMITER ;
/*!50003 SET sql_mode              = @saved_sql_mode */ ;
/*!50003 SET character_set_client  = @saved_cs_client */ ;
/*!50003 SET character_set_results = @saved_cs_results */ ;
/*!50003 SET collation_connection  = @saved_col_connection */ ;
/*!50003 DROP PROCEDURE IF EXISTS `addFee` */;
/*!50003 SET @saved_cs_client      = @@character_set_client */ ;
/*!50003 SET @saved_cs_results     = @@character_set_results */ ;
/*!50003 SET @saved_col_connection = @@collation_connection */ ;
/*!50003 SET character_set_client  = utf8 */ ;
/*!50003 SET character_set_results = utf8 */ ;
/*!50003 SET collation_connection  = utf8_general_ci */ ;
/*!50003 SET @saved_sql_mode       = @@sql_mode */ ;
/*!50003 SET sql_mode              = 'NO_ENGINE_SUBSTITUTION' */ ;
DELIMITER ;;
CREATE DEFINER=`root`@`localhost` PROCEDURE `addFee`(
IN aFeeName VARCHAR(255), 
IN aFeeDescription VARCHAR(255),
IN aFeeCategoryId INT,
OUT aFeeId INT)
BEGIN
    INSERT INTO fee_mt(fee_name, fee_description, fee_category_id)
    VALUES(aFeeName, aFeeDescription, aFeeCategoryId);
    
    SELECT LAST_INSERT_ID() INTO aFeeId;
END ;;
DELIMITER ;
/*!50003 SET sql_mode              = @saved_sql_mode */ ;
/*!50003 SET character_set_client  = @saved_cs_client */ ;
/*!50003 SET character_set_results = @saved_cs_results */ ;
/*!50003 SET collation_connection  = @saved_col_connection */ ;
/*!50003 DROP PROCEDURE IF EXISTS `addGrade` */;
/*!50003 SET @saved_cs_client      = @@character_set_client */ ;
/*!50003 SET @saved_cs_results     = @@character_set_results */ ;
/*!50003 SET @saved_col_connection = @@collation_connection */ ;
/*!50003 SET character_set_client  = utf8 */ ;
/*!50003 SET character_set_results = utf8 */ ;
/*!50003 SET collation_connection  = utf8_general_ci */ ;
/*!50003 SET @saved_sql_mode       = @@sql_mode */ ;
/*!50003 SET sql_mode              = 'NO_ENGINE_SUBSTITUTION' */ ;
DELIMITER ;;
CREATE DEFINER=`root`@`localhost` PROCEDURE `addGrade`(
aStudentId INT, aGradingPeriod INT, aSubjectId INT, aGradeValue INT,
aSchoolYearId INT, aGradeType VARCHAR(1), aUserId INT,aGradeLevelId INT
)
BEGIN

INSERT INTO grade(student_id,gradingperiod,subject_id,gradevalue,schoolyear_id, grade_type,added_by_user_id,gradelevel_id)
VALUES(aStudentId, aGradingPeriod, aSubjectId, aGradeValue, aSchoolYearId,
aGradeType, aUserId,aGradeLevelId);

END ;;
DELIMITER ;
/*!50003 SET sql_mode              = @saved_sql_mode */ ;
/*!50003 SET character_set_client  = @saved_cs_client */ ;
/*!50003 SET character_set_results = @saved_cs_results */ ;
/*!50003 SET collation_connection  = @saved_col_connection */ ;
/*!50003 DROP PROCEDURE IF EXISTS `addGradeLevel` */;
/*!50003 SET @saved_cs_client      = @@character_set_client */ ;
/*!50003 SET @saved_cs_results     = @@character_set_results */ ;
/*!50003 SET @saved_col_connection = @@collation_connection */ ;
/*!50003 SET character_set_client  = utf8 */ ;
/*!50003 SET character_set_results = utf8 */ ;
/*!50003 SET collation_connection  = utf8_general_ci */ ;
/*!50003 SET @saved_sql_mode       = @@sql_mode */ ;
/*!50003 SET sql_mode              = 'NO_ENGINE_SUBSTITUTION' */ ;
DELIMITER ;;
CREATE DEFINER=`root`@`localhost` PROCEDURE `addGradeLevel`(IN aGradeLevel VARCHAR(255))
BEGIN
	DECLARE EXIT HANDLER FOR sqlexception
    BEGIN
		ROLLBACK;
        RESIGNAL;
    END;
    
    START TRANSACTION;
		INSERT INTO gradelevel_mt(grade_level)
		VALUES(aGradeLevel);
	COMMIT;
END ;;
DELIMITER ;
/*!50003 SET sql_mode              = @saved_sql_mode */ ;
/*!50003 SET character_set_client  = @saved_cs_client */ ;
/*!50003 SET character_set_results = @saved_cs_results */ ;
/*!50003 SET collation_connection  = @saved_col_connection */ ;
/*!50003 DROP PROCEDURE IF EXISTS `addHoliday` */;
/*!50003 SET @saved_cs_client      = @@character_set_client */ ;
/*!50003 SET @saved_cs_results     = @@character_set_results */ ;
/*!50003 SET @saved_col_connection = @@collation_connection */ ;
/*!50003 SET character_set_client  = utf8 */ ;
/*!50003 SET character_set_results = utf8 */ ;
/*!50003 SET collation_connection  = utf8_general_ci */ ;
/*!50003 SET @saved_sql_mode       = @@sql_mode */ ;
/*!50003 SET sql_mode              = 'NO_ENGINE_SUBSTITUTION' */ ;
DELIMITER ;;
CREATE DEFINER=`root`@`localhost` PROCEDURE `addHoliday`(aHolidayName VARCHAR(255), aDescription TEXT, aStartDate DATE, aEndDate DATE)
BEGIN

INSERT INTO holiday_mt(holiday_name, description,start_date,end_date)
VALUES(aHolidayName, aDescription,aStartDate, aEndDate);

END ;;
DELIMITER ;
/*!50003 SET sql_mode              = @saved_sql_mode */ ;
/*!50003 SET character_set_client  = @saved_cs_client */ ;
/*!50003 SET character_set_results = @saved_cs_results */ ;
/*!50003 SET collation_connection  = @saved_col_connection */ ;
/*!50003 DROP PROCEDURE IF EXISTS `addPaymentTermPenalty` */;
/*!50003 SET @saved_cs_client      = @@character_set_client */ ;
/*!50003 SET @saved_cs_results     = @@character_set_results */ ;
/*!50003 SET @saved_col_connection = @@collation_connection */ ;
/*!50003 SET character_set_client  = utf8 */ ;
/*!50003 SET character_set_results = utf8 */ ;
/*!50003 SET collation_connection  = utf8_general_ci */ ;
/*!50003 SET @saved_sql_mode       = @@sql_mode */ ;
/*!50003 SET sql_mode              = 'NO_ENGINE_SUBSTITUTION' */ ;
DELIMITER ;;
CREATE DEFINER=`root`@`localhost` PROCEDURE `addPaymentTermPenalty`(aSchoolYearId INT, aPaymentTermId INT, aPenaltyAmount DECIMAL(10,2))
BEGIN

INSERT INTO paymentterm_penalty(schoolyear_id, paymentterm_id, penalty_amount)
VALUES(aSchoolYearId, aPaymentTermId, aPenaltyAmount);

END ;;
DELIMITER ;
/*!50003 SET sql_mode              = @saved_sql_mode */ ;
/*!50003 SET character_set_client  = @saved_cs_client */ ;
/*!50003 SET character_set_results = @saved_cs_results */ ;
/*!50003 SET collation_connection  = @saved_col_connection */ ;
/*!50003 DROP PROCEDURE IF EXISTS `addPaymentTermPeriodPaymentDeadline` */;
/*!50003 SET @saved_cs_client      = @@character_set_client */ ;
/*!50003 SET @saved_cs_results     = @@character_set_results */ ;
/*!50003 SET @saved_col_connection = @@collation_connection */ ;
/*!50003 SET character_set_client  = utf8 */ ;
/*!50003 SET character_set_results = utf8 */ ;
/*!50003 SET collation_connection  = utf8_general_ci */ ;
/*!50003 SET @saved_sql_mode       = @@sql_mode */ ;
/*!50003 SET sql_mode              = 'NO_ENGINE_SUBSTITUTION' */ ;
DELIMITER ;;
CREATE DEFINER=`root`@`localhost` PROCEDURE `addPaymentTermPeriodPaymentDeadline`(
aSchoolYearId INT, aPaymentTermId INT, aPeriodId INT, aDeadline DATE)
BEGIN

INSERT INTO paymentterm_period_paymentdeadline(schoolyear_id, paymentterm_id, period_id, paymentdeadline)
VALUES(aSchoolYearId, aPaymentTermId, aPeriodId, aDeadline);

END ;;
DELIMITER ;
/*!50003 SET sql_mode              = @saved_sql_mode */ ;
/*!50003 SET character_set_client  = @saved_cs_client */ ;
/*!50003 SET character_set_results = @saved_cs_results */ ;
/*!50003 SET collation_connection  = @saved_col_connection */ ;
/*!50003 DROP PROCEDURE IF EXISTS `addPenalty` */;
/*!50003 SET @saved_cs_client      = @@character_set_client */ ;
/*!50003 SET @saved_cs_results     = @@character_set_results */ ;
/*!50003 SET @saved_col_connection = @@collation_connection */ ;
/*!50003 SET character_set_client  = utf8 */ ;
/*!50003 SET character_set_results = utf8 */ ;
/*!50003 SET collation_connection  = utf8_general_ci */ ;
/*!50003 SET @saved_sql_mode       = @@sql_mode */ ;
/*!50003 SET sql_mode              = 'NO_ENGINE_SUBSTITUTION' */ ;
DELIMITER ;;
CREATE DEFINER=`root`@`localhost` PROCEDURE `addPenalty`(
penaltyName varchar(255), penaltyAmount DECIMAL(10,2),
balancebreakdownId INT, registrationId INT, OUT penaltyId INT 
)
BEGIN

INSERT INTO penalty(penalty_name, penalty_amount, balancebreakdown_id, registration_id)
VALUES(penaltyName,penaltyAmount,balancebreakdownId,registrationId);

SELECT LAST_INSERT_ID() INTO penaltyId;

END ;;
DELIMITER ;
/*!50003 SET sql_mode              = @saved_sql_mode */ ;
/*!50003 SET character_set_client  = @saved_cs_client */ ;
/*!50003 SET character_set_results = @saved_cs_results */ ;
/*!50003 SET collation_connection  = @saved_col_connection */ ;
/*!50003 DROP PROCEDURE IF EXISTS `addPromotionRecord` */;
/*!50003 SET @saved_cs_client      = @@character_set_client */ ;
/*!50003 SET @saved_cs_results     = @@character_set_results */ ;
/*!50003 SET @saved_col_connection = @@collation_connection */ ;
/*!50003 SET character_set_client  = utf8 */ ;
/*!50003 SET character_set_results = utf8 */ ;
/*!50003 SET collation_connection  = utf8_general_ci */ ;
/*!50003 SET @saved_sql_mode       = @@sql_mode */ ;
/*!50003 SET sql_mode              = 'NO_ENGINE_SUBSTITUTION' */ ;
DELIMITER ;;
CREATE DEFINER=`root`@`localhost` PROCEDURE `addPromotionRecord`(
aStudentId INT, aGradeLevelFromId INT, aGradeLevelToId INT, aSchoolYearId INT,aUserId INT
)
BEGIN

INSERT INTO promotion
(student_id,gradelevel_id_from, gradelevel_id_to,promoted_by_user_id,yearpromoted_schoolyear_id) 
VALUES(aStudentId, aGradeLevelFromId, aGradeLevelToId,aUserId,aSchoolYearId);

END ;;
DELIMITER ;
/*!50003 SET sql_mode              = @saved_sql_mode */ ;
/*!50003 SET character_set_client  = @saved_cs_client */ ;
/*!50003 SET character_set_results = @saved_cs_results */ ;
/*!50003 SET collation_connection  = @saved_col_connection */ ;
/*!50003 DROP PROCEDURE IF EXISTS `addQuarter` */;
/*!50003 SET @saved_cs_client      = @@character_set_client */ ;
/*!50003 SET @saved_cs_results     = @@character_set_results */ ;
/*!50003 SET @saved_col_connection = @@collation_connection */ ;
/*!50003 SET character_set_client  = utf8 */ ;
/*!50003 SET character_set_results = utf8 */ ;
/*!50003 SET collation_connection  = utf8_general_ci */ ;
/*!50003 SET @saved_sql_mode       = @@sql_mode */ ;
/*!50003 SET sql_mode              = 'NO_ENGINE_SUBSTITUTION' */ ;
DELIMITER ;;
CREATE DEFINER=`root`@`localhost` PROCEDURE `addQuarter`(
aQuarterNo INT, 
aDescription TEXT,
aStartDate DATE, 
aEndDate DATE, 
aSchoolYearId INT
)
BEGIN
	DECLARE aQuarterId INT;

	DECLARE EXIT HANDLER FOR sqlexception
    BEGIN
		ROLLBACK;
		RESIGNAL;
    END;
    
    START TRANSACTION;
    
    INSERT INTO quarter_mt(quarter_no, description)
    VALUES(aQuarterNo, aDescription);
    
    SELECT LAST_INSERT_ID() INTO aQuarterId;
    
    INSERT INTO schoolyear_quarter_lt
    (schoolyear_id, quarter_id, start_date, end_date)
    VALUES(aSchoolYearId, aQuarterId, aStartDate, aEndDate);
    
    COMMIT;
END ;;
DELIMITER ;
/*!50003 SET sql_mode              = @saved_sql_mode */ ;
/*!50003 SET character_set_client  = @saved_cs_client */ ;
/*!50003 SET character_set_results = @saved_cs_results */ ;
/*!50003 SET collation_connection  = @saved_col_connection */ ;
/*!50003 DROP PROCEDURE IF EXISTS `addRegistration` */;
/*!50003 SET @saved_cs_client      = @@character_set_client */ ;
/*!50003 SET @saved_cs_results     = @@character_set_results */ ;
/*!50003 SET @saved_col_connection = @@collation_connection */ ;
/*!50003 SET character_set_client  = utf8 */ ;
/*!50003 SET character_set_results = utf8 */ ;
/*!50003 SET collation_connection  = utf8_general_ci */ ;
/*!50003 SET @saved_sql_mode       = @@sql_mode */ ;
/*!50003 SET sql_mode              = 'NO_ENGINE_SUBSTITUTION' */ ;
DELIMITER ;;
CREATE DEFINER=`root`@`localhost` PROCEDURE `addRegistration`(
aStudentType VARCHAR(255),
aStudentLastName VARCHAR(255),
aStudentFirstName VARCHAR(255),
aStudentMiddleName VARCHAR(255),
aDOB DATE,
aPOB VARCHAR(255),
aNationality VARCHAR(255),
aReligion VARCHAR(255),
aGender INT,
aFatherFirstName VARCHAR(255),
aFatherMiddleName VARCHAR(255),
aFatherLastName VARCHAR(255),
aFatherOccupation VARCHAR(255),
aFatherOfficePhoneNo VARCHAR(255),
aFatherMobileNo VARCHAR(255),
aIsFatherContactInCaseEmergency BIT(1),
aMotherFirstName VARCHAR(255),
aMotherMiddleName VARCHAR(255),
aMotherLastName VARCHAR(255),
aMotherOccupation VARCHAR(255),
aMotherOfficePhoneNo VARCHAR(255),
aMotherMobileNo VARCHAR(255),
aIsMotherContactInCaseEmergency BIT(1),
aGuardianLastName VARCHAR(255),
aGuardianFirstName VARCHAR(255),
aGuardianMiddleName VARCHAR(255),
aGuardianOccupation VARCHAR(255),
aGuardianMobileNo VARCHAR(255),
aGuardianRelationToStudent VARCHAR(255),
aIsGuardianContactInCaseEmergency BIT(1),
aSchoolLastAttended VARCHAR(255),
aSchoolLastAttendedAddress VARCHAR(255),
aRoomOrHouseNo VARCHAR(255),
aStreet VARCHAR(255),
aBrgyOrSubd VARCHAR(255),
aCity VARCHAR(255),
aRegion VARCHAR(255),
aGradeLevelNo INT,
aSchoolYearYearFrom INT,
OUT aRegistrationId INT
)
BEGIN

INSERT INTO registration_mt(
student_type, 
lastname, 
firstname, 
middlename, 
dob, 
pob, 
nationality, 
religion, 
gender, 
father_firstname, father_middlename, father_lastname, 
father_occupation, father_officephone_no, father_mobile_no, isFatherContactInCaseEmergency, 
mother_firstname, mother_middlename, mother_lastname,mother_occupation, mother_officephone_no, mother_mobile_no, 
isMotherContactInCaseEmergency, guardian_lastname, guardian_firstname, guardian_middlename, 
guardian_occupation,guardian_mobile_no, guardian_relation_to_student, 
isGuardianContactInCaseEmergency, school_last_attended, school_last_attended_address, 
room_or_house_no, street, brgy_or_subd, city, region,
gradelevel_no,schoolyear_yearfrom 
)

VALUES(
aStudentType,
aStudentLastName,
aStudentFirstName,
aStudentMiddleName,
aDOB,
aPOB,
aNationality,
aReligion,
aGender,
aFatherFirstName,
aFatherMiddleName,
aFatherLastName,
aFatherOccupation,
aFatherOfficePhoneNo,
aFatherMobileNo,
aIsFatherContactInCaseEmergency,
aMotherFirstName,
aMotherMiddleName,
aMotherLastName,
aMotherOccupation,
aMotherOfficePhoneNo,
aMotherMobileNo,
aIsMotherContactInCaseEmergency,
aGuardianLastName,
aGuardianFirstName,
aGuardianMiddleName,
aGuardianOccupation,
aGuardianMobileNo,
aGuardianRelationToStudent,
aIsGuardianContactInCaseEmergency,
aSchoolLastAttended,aSchoolLastAttendedAddress,
aRoomOrHouseNo,
aStreet,
aBrgyOrSubd,
aCity,
aRegion,
aGradeLevelNo,
aSchoolYearYearFrom
);

SELECT LAST_INSERT_ID() INTO aRegistrationId;

END ;;
DELIMITER ;
/*!50003 SET sql_mode              = @saved_sql_mode */ ;
/*!50003 SET character_set_client  = @saved_cs_client */ ;
/*!50003 SET character_set_results = @saved_cs_results */ ;
/*!50003 SET collation_connection  = @saved_col_connection */ ;
/*!50003 DROP PROCEDURE IF EXISTS `addRegistrationCredentialsSubmitted` */;
/*!50003 SET @saved_cs_client      = @@character_set_client */ ;
/*!50003 SET @saved_cs_results     = @@character_set_results */ ;
/*!50003 SET @saved_col_connection = @@collation_connection */ ;
/*!50003 SET character_set_client  = utf8 */ ;
/*!50003 SET character_set_results = utf8 */ ;
/*!50003 SET collation_connection  = utf8_general_ci */ ;
/*!50003 SET @saved_sql_mode       = @@sql_mode */ ;
/*!50003 SET sql_mode              = 'NO_ENGINE_SUBSTITUTION' */ ;
DELIMITER ;;
CREATE DEFINER=`root`@`localhost` PROCEDURE `addRegistrationCredentialsSubmitted`(
aRegistrationId INT, aCredentialId INT
)
BEGIN

INSERT INTO credentials_received_lt(registration_id, credential_id)
VALUES(aRegistrationId, aCredentialId);

END ;;
DELIMITER ;
/*!50003 SET sql_mode              = @saved_sql_mode */ ;
/*!50003 SET character_set_client  = @saved_cs_client */ ;
/*!50003 SET character_set_results = @saved_cs_results */ ;
/*!50003 SET collation_connection  = @saved_col_connection */ ;
/*!50003 DROP PROCEDURE IF EXISTS `addRoom` */;
/*!50003 SET @saved_cs_client      = @@character_set_client */ ;
/*!50003 SET @saved_cs_results     = @@character_set_results */ ;
/*!50003 SET @saved_col_connection = @@collation_connection */ ;
/*!50003 SET character_set_client  = utf8 */ ;
/*!50003 SET character_set_results = utf8 */ ;
/*!50003 SET collation_connection  = utf8_general_ci */ ;
/*!50003 SET @saved_sql_mode       = @@sql_mode */ ;
/*!50003 SET sql_mode              = 'NO_ENGINE_SUBSTITUTION' */ ;
DELIMITER ;;
CREATE DEFINER=`root`@`localhost` PROCEDURE `addRoom`(
	p_roomName VARCHAR(45),
    p_buildingName Varchar(45),
    p_capacity Varchar(45),
    p_description TEXT
)
BEGIN

	INSERT INTO room_mt (room_name_or_num,bldg_name_or_num,capacity,notes)
    VALUES (p_roomName,p_buildingName,p_capacity,p_description);

END ;;
DELIMITER ;
/*!50003 SET sql_mode              = @saved_sql_mode */ ;
/*!50003 SET character_set_client  = @saved_cs_client */ ;
/*!50003 SET character_set_results = @saved_cs_results */ ;
/*!50003 SET collation_connection  = @saved_col_connection */ ;
/*!50003 DROP PROCEDURE IF EXISTS `addSchedule` */;
/*!50003 SET @saved_cs_client      = @@character_set_client */ ;
/*!50003 SET @saved_cs_results     = @@character_set_results */ ;
/*!50003 SET @saved_col_connection = @@collation_connection */ ;
/*!50003 SET character_set_client  = utf8 */ ;
/*!50003 SET character_set_results = utf8 */ ;
/*!50003 SET collation_connection  = utf8_general_ci */ ;
/*!50003 SET @saved_sql_mode       = @@sql_mode */ ;
/*!50003 SET sql_mode              = 'NO_ENGINE_SUBSTITUTION' */ ;
DELIMITER ;;
CREATE DEFINER=`root`@`localhost` PROCEDURE `addSchedule`(
aDay VARCHAR(2), 
aStartTime INT, 
aEndTime INT,
aSchoolYearId INT, 
aSubjectId INT, 
aSectionId INT,
aRoomId INT,
aGradeLevelId INT,
aFacultyId INT,
aSession VARCHAR(2),
OUT aScheduleId INT)
BEGIN
INSERT INTO schedule_mt (
schedule_day, startTime, endTime, schoolyear_id, subject_id, section_id, room_id,gradelevel_id,faculty_id,schedule_session)
VALUES(
aDay,aStartTime,aEndtime,aSchoolYearId, aSubjectId, aSectionId, aRoomId, aGradeLevelId, aFacultyId, aSession);

SELECT LAST_INSERT_ID() INTO aScheduleId;

END ;;
DELIMITER ;
/*!50003 SET sql_mode              = @saved_sql_mode */ ;
/*!50003 SET character_set_client  = @saved_cs_client */ ;
/*!50003 SET character_set_results = @saved_cs_results */ ;
/*!50003 SET collation_connection  = @saved_col_connection */ ;
/*!50003 DROP PROCEDURE IF EXISTS `addScheduleToFaculty` */;
/*!50003 SET @saved_cs_client      = @@character_set_client */ ;
/*!50003 SET @saved_cs_results     = @@character_set_results */ ;
/*!50003 SET @saved_col_connection = @@collation_connection */ ;
/*!50003 SET character_set_client  = utf8 */ ;
/*!50003 SET character_set_results = utf8 */ ;
/*!50003 SET collation_connection  = utf8_general_ci */ ;
/*!50003 SET @saved_sql_mode       = @@sql_mode */ ;
/*!50003 SET sql_mode              = 'NO_ENGINE_SUBSTITUTION' */ ;
DELIMITER ;;
CREATE DEFINER=`root`@`localhost` PROCEDURE `addScheduleToFaculty`(aFacultyId INT,aScheduleId INT)
BEGIN
INSERT INTO faculty_schedule(faculty_id, schedule_id)
VALUES(aFacultyId, aScheduleId);

END ;;
DELIMITER ;
/*!50003 SET sql_mode              = @saved_sql_mode */ ;
/*!50003 SET character_set_client  = @saved_cs_client */ ;
/*!50003 SET character_set_results = @saved_cs_results */ ;
/*!50003 SET collation_connection  = @saved_col_connection */ ;
/*!50003 DROP PROCEDURE IF EXISTS `addSchoolYear` */;
/*!50003 SET @saved_cs_client      = @@character_set_client */ ;
/*!50003 SET @saved_cs_results     = @@character_set_results */ ;
/*!50003 SET @saved_col_connection = @@collation_connection */ ;
/*!50003 SET character_set_client  = utf8 */ ;
/*!50003 SET character_set_results = utf8 */ ;
/*!50003 SET collation_connection  = utf8_general_ci */ ;
/*!50003 SET @saved_sql_mode       = @@sql_mode */ ;
/*!50003 SET sql_mode              = 'NO_ENGINE_SUBSTITUTION' */ ;
DELIMITER ;;
CREATE DEFINER=`root`@`localhost` PROCEDURE `addSchoolYear`(
aYearFrom INT, 
aYearTo INT, 
schoolYearStartDate DATE,
schoolYearEndDate DATE,
regEnrollStartDate DATE,
regEnrollEndDate DATE,
summerEnrollStartDate DATE,
summerEnrollEndDate DATE,
summerClassStartDate DATE,
summerClassEndDate DATE,
OUT schoolYearId INT)
BEGIN

INSERT INTO schoolyear_mt
(yearFrom, yearTo, start_date, end_date, reg_enroll_start_date, reg_enroll_end_date,
summer_enroll_start_date, summer_enroll_end_date, summer_class_start_date, summer_class_end_date)
VALUES
(aYearFrom, aYearTo, schoolYearStartDate, schoolYearEndDate, 
regEnrollStartDate, regEnrollEndDate, summerEnrollStartDate, summerEnrollEndDate, summerClassStartDate, summerClassEndDate);

SELECT LAST_INSERT_ID() INTO schoolYearId;
	
END ;;
DELIMITER ;
/*!50003 SET sql_mode              = @saved_sql_mode */ ;
/*!50003 SET character_set_client  = @saved_cs_client */ ;
/*!50003 SET character_set_results = @saved_cs_results */ ;
/*!50003 SET collation_connection  = @saved_col_connection */ ;
/*!50003 DROP PROCEDURE IF EXISTS `addSchoolYearQuarterSchedule` */;
/*!50003 SET @saved_cs_client      = @@character_set_client */ ;
/*!50003 SET @saved_cs_results     = @@character_set_results */ ;
/*!50003 SET @saved_col_connection = @@collation_connection */ ;
/*!50003 SET character_set_client  = utf8 */ ;
/*!50003 SET character_set_results = utf8 */ ;
/*!50003 SET collation_connection  = utf8_general_ci */ ;
/*!50003 SET @saved_sql_mode       = @@sql_mode */ ;
/*!50003 SET sql_mode              = 'NO_ENGINE_SUBSTITUTION' */ ;
DELIMITER ;;
CREATE DEFINER=`root`@`localhost` PROCEDURE `addSchoolYearQuarterSchedule`(
schoolYearId INT,
quarterNo INT,
startDate DATE,
endDate DATE,
gradingOpenDate DATE,
gradingDueDate DATE
)
BEGIN

INSERT INTO schoolyear_quarter_lt
(schoolyear_id,quarter_no,start_date,end_date,grading_open_date,grading_due_date)
VALUES
(schoolYearId,quarterNo, startDate, endDate, gradingOpenDate,gradingDueDate);

END ;;
DELIMITER ;
/*!50003 SET sql_mode              = @saved_sql_mode */ ;
/*!50003 SET character_set_client  = @saved_cs_client */ ;
/*!50003 SET character_set_results = @saved_cs_results */ ;
/*!50003 SET collation_connection  = @saved_col_connection */ ;
/*!50003 DROP PROCEDURE IF EXISTS `addSchoolYearStudent` */;
/*!50003 SET @saved_cs_client      = @@character_set_client */ ;
/*!50003 SET @saved_cs_results     = @@character_set_results */ ;
/*!50003 SET @saved_col_connection = @@collation_connection */ ;
/*!50003 SET character_set_client  = utf8 */ ;
/*!50003 SET character_set_results = utf8 */ ;
/*!50003 SET collation_connection  = utf8_general_ci */ ;
/*!50003 SET @saved_sql_mode       = @@sql_mode */ ;
/*!50003 SET sql_mode              = 'NO_ENGINE_SUBSTITUTION' */ ;
DELIMITER ;;
CREATE DEFINER=`root`@`localhost` PROCEDURE `addSchoolYearStudent`(schoolyearId INT, studentId INT, gradeLevelId INT)
BEGIN

INSERT INTO 
schoolyear_student_lt(schoolyear_id, student_id, gradelevel_id)
VALUES(schoolyearId, studentId, gradeLevelId);

END ;;
DELIMITER ;
/*!50003 SET sql_mode              = @saved_sql_mode */ ;
/*!50003 SET character_set_client  = @saved_cs_client */ ;
/*!50003 SET character_set_results = @saved_cs_results */ ;
/*!50003 SET collation_connection  = @saved_col_connection */ ;
/*!50003 DROP PROCEDURE IF EXISTS `addSection` */;
/*!50003 SET @saved_cs_client      = @@character_set_client */ ;
/*!50003 SET @saved_cs_results     = @@character_set_results */ ;
/*!50003 SET @saved_col_connection = @@collation_connection */ ;
/*!50003 SET character_set_client  = utf8 */ ;
/*!50003 SET character_set_results = utf8 */ ;
/*!50003 SET collation_connection  = utf8_general_ci */ ;
/*!50003 SET @saved_sql_mode       = @@sql_mode */ ;
/*!50003 SET sql_mode              = 'NO_ENGINE_SUBSTITUTION' */ ;
DELIMITER ;;
CREATE DEFINER=`root`@`localhost` PROCEDURE `addSection`(aSectionName VARCHAR(255), OUT aSectionId INT)
BEGIN

INSERT INTO section_mt(sectionName)
VALUES(aSectionName);

SELECT LAST_INSERT_ID() INTO aSectionId;

END ;;
DELIMITER ;
/*!50003 SET sql_mode              = @saved_sql_mode */ ;
/*!50003 SET character_set_client  = @saved_cs_client */ ;
/*!50003 SET character_set_results = @saved_cs_results */ ;
/*!50003 SET collation_connection  = @saved_col_connection */ ;
/*!50003 DROP PROCEDURE IF EXISTS `addSectionDetails` */;
/*!50003 SET @saved_cs_client      = @@character_set_client */ ;
/*!50003 SET @saved_cs_results     = @@character_set_results */ ;
/*!50003 SET @saved_col_connection = @@collation_connection */ ;
/*!50003 SET character_set_client  = utf8 */ ;
/*!50003 SET character_set_results = utf8 */ ;
/*!50003 SET collation_connection  = utf8_general_ci */ ;
/*!50003 SET @saved_sql_mode       = @@sql_mode */ ;
/*!50003 SET sql_mode              = 'NO_AUTO_CREATE_USER,NO_ENGINE_SUBSTITUTION' */ ;
DELIMITER ;;
CREATE DEFINER=`root`@`localhost` PROCEDURE `addSectionDetails`(aSectionId INT, aSessionId INT, aSchoolYearId INT, aGradeLevelId INT, aCapacity INT)
BEGIN

INSERT INTO schoolyear_section_lt
(section_id, session_id, schoolyear_id, gradelevel_id, capacity)
VALUES(aSectionId,aSessionId,aSchoolYearId,aGradeLevelId,aCapacity);

END ;;
DELIMITER ;
/*!50003 SET sql_mode              = @saved_sql_mode */ ;
/*!50003 SET character_set_client  = @saved_cs_client */ ;
/*!50003 SET character_set_results = @saved_cs_results */ ;
/*!50003 SET collation_connection  = @saved_col_connection */ ;
/*!50003 DROP PROCEDURE IF EXISTS `addSectionSetting` */;
/*!50003 SET @saved_cs_client      = @@character_set_client */ ;
/*!50003 SET @saved_cs_results     = @@character_set_results */ ;
/*!50003 SET @saved_col_connection = @@collation_connection */ ;
/*!50003 SET character_set_client  = utf8 */ ;
/*!50003 SET character_set_results = utf8 */ ;
/*!50003 SET collation_connection  = utf8_general_ci */ ;
/*!50003 SET @saved_sql_mode       = @@sql_mode */ ;
/*!50003 SET sql_mode              = 'NO_ENGINE_SUBSTITUTION' */ ;
DELIMITER ;;
CREATE DEFINER=`root`@`localhost` PROCEDURE `addSectionSetting`(
aSectionId INT,
aSchoolYearId INT,
aGradeLevelId INT,
aSession VARCHAR(2),
aFacultyId INT,
aCapacity INT,
aSectionType VARCHAR(1)
)
BEGIN

INSERT INTO section_settings_lt(
section_id, schoolyear_id, gradelevel_id,`session`,adviser_id,capacity,section_type)
VALUES(aSectionId, aSchoolYearId, aGradeLevelId,aSession,aFacultyId,aCapacity,aSectionType);


END ;;
DELIMITER ;
/*!50003 SET sql_mode              = @saved_sql_mode */ ;
/*!50003 SET character_set_client  = @saved_cs_client */ ;
/*!50003 SET character_set_results = @saved_cs_results */ ;
/*!50003 SET collation_connection  = @saved_col_connection */ ;
/*!50003 DROP PROCEDURE IF EXISTS `addSemester` */;
/*!50003 SET @saved_cs_client      = @@character_set_client */ ;
/*!50003 SET @saved_cs_results     = @@character_set_results */ ;
/*!50003 SET @saved_col_connection = @@collation_connection */ ;
/*!50003 SET character_set_client  = utf8 */ ;
/*!50003 SET character_set_results = utf8 */ ;
/*!50003 SET collation_connection  = utf8_general_ci */ ;
/*!50003 SET @saved_sql_mode       = @@sql_mode */ ;
/*!50003 SET sql_mode              = 'NO_ENGINE_SUBSTITUTION' */ ;
DELIMITER ;;
CREATE DEFINER=`root`@`localhost` PROCEDURE `addSemester`(
aSemesterNo INT, 
aDescription TEXT,
aStartDate DATE, 
aEndDate DATE, 
aSchoolYearId INT
)
BEGIN
	DECLARE aSemesterId INT;

	DECLARE EXIT HANDLER FOR sqlexception
    BEGIN
		ROLLBACK;
		RESIGNAL;
    END;
    
    START TRANSACTION;
    
    INSERT INTO semester_mt(semester_no, description)
    VALUES(aSemesterNo, aDescription);
    
    SELECT LAST_INSERT_ID() INTO aSemesterId;
    
    INSERT INTO schoolyear_semester_lt
    (schoolyear_id, semester_id, start_date, end_date)
    VALUES(aSchoolYearId, aSemesterId, aStartDate, aEndDate);
    
    COMMIT;
END ;;
DELIMITER ;
/*!50003 SET sql_mode              = @saved_sql_mode */ ;
/*!50003 SET character_set_client  = @saved_cs_client */ ;
/*!50003 SET character_set_results = @saved_cs_results */ ;
/*!50003 SET collation_connection  = @saved_col_connection */ ;
/*!50003 DROP PROCEDURE IF EXISTS `addSession` */;
/*!50003 SET @saved_cs_client      = @@character_set_client */ ;
/*!50003 SET @saved_cs_results     = @@character_set_results */ ;
/*!50003 SET @saved_col_connection = @@collation_connection */ ;
/*!50003 SET character_set_client  = utf8 */ ;
/*!50003 SET character_set_results = utf8 */ ;
/*!50003 SET collation_connection  = utf8_general_ci */ ;
/*!50003 SET @saved_sql_mode       = @@sql_mode */ ;
/*!50003 SET sql_mode              = 'NO_ENGINE_SUBSTITUTION' */ ;
DELIMITER ;;
CREATE DEFINER=`root`@`localhost` PROCEDURE `addSession`(aSession VARCHAR(2))
BEGIN
 INSERT INTO `session`(title)
 VALUES(aSession);
END ;;
DELIMITER ;
/*!50003 SET sql_mode              = @saved_sql_mode */ ;
/*!50003 SET character_set_client  = @saved_cs_client */ ;
/*!50003 SET character_set_results = @saved_cs_results */ ;
/*!50003 SET collation_connection  = @saved_col_connection */ ;
/*!50003 DROP PROCEDURE IF EXISTS `addSpecialization` */;
/*!50003 SET @saved_cs_client      = @@character_set_client */ ;
/*!50003 SET @saved_cs_results     = @@character_set_results */ ;
/*!50003 SET @saved_col_connection = @@collation_connection */ ;
/*!50003 SET character_set_client  = utf8 */ ;
/*!50003 SET character_set_results = utf8 */ ;
/*!50003 SET collation_connection  = utf8_general_ci */ ;
/*!50003 SET @saved_sql_mode       = @@sql_mode */ ;
/*!50003 SET sql_mode              = 'NO_ENGINE_SUBSTITUTION' */ ;
DELIMITER ;;
CREATE DEFINER=`root`@`localhost` PROCEDURE `addSpecialization`(
    IN	p_title varchar(45),
    IN	p_desciption text
)
BEGIN
	INSERT into specialization(specialization_title,description)
    VALUES(p_title,p_desciption);
 
END ;;
DELIMITER ;
/*!50003 SET sql_mode              = @saved_sql_mode */ ;
/*!50003 SET character_set_client  = @saved_cs_client */ ;
/*!50003 SET character_set_results = @saved_cs_results */ ;
/*!50003 SET collation_connection  = @saved_col_connection */ ;
/*!50003 DROP PROCEDURE IF EXISTS `addSpecializationSubject` */;
/*!50003 SET @saved_cs_client      = @@character_set_client */ ;
/*!50003 SET @saved_cs_results     = @@character_set_results */ ;
/*!50003 SET @saved_col_connection = @@collation_connection */ ;
/*!50003 SET character_set_client  = utf8 */ ;
/*!50003 SET character_set_results = utf8 */ ;
/*!50003 SET collation_connection  = utf8_general_ci */ ;
/*!50003 SET @saved_sql_mode       = @@sql_mode */ ;
/*!50003 SET sql_mode              = 'NO_ENGINE_SUBSTITUTION' */ ;
DELIMITER ;;
CREATE DEFINER=`root`@`localhost` PROCEDURE `addSpecializationSubject`(pSpecializationId INT, pSubjectId INT)
BEGIN

INSERT INTO specialization_subject(specialization_id, subject_id)
VALUES(pSpecializationId, pSubjectId);

END ;;
DELIMITER ;
/*!50003 SET sql_mode              = @saved_sql_mode */ ;
/*!50003 SET character_set_client  = @saved_cs_client */ ;
/*!50003 SET character_set_results = @saved_cs_results */ ;
/*!50003 SET collation_connection  = @saved_col_connection */ ;
/*!50003 DROP PROCEDURE IF EXISTS `addSpecializationToFaculty` */;
/*!50003 SET @saved_cs_client      = @@character_set_client */ ;
/*!50003 SET @saved_cs_results     = @@character_set_results */ ;
/*!50003 SET @saved_col_connection = @@collation_connection */ ;
/*!50003 SET character_set_client  = utf8 */ ;
/*!50003 SET character_set_results = utf8 */ ;
/*!50003 SET collation_connection  = utf8_general_ci */ ;
/*!50003 SET @saved_sql_mode       = @@sql_mode */ ;
/*!50003 SET sql_mode              = 'NO_ENGINE_SUBSTITUTION' */ ;
DELIMITER ;;
CREATE DEFINER=`root`@`localhost` PROCEDURE `addSpecializationToFaculty`(

    IN	p_specialization_title varchar(45),

    OUT aSpecializationID INT

    
   
)
BEGIN
	INSERT into specialization(specialization_title)
    VALUES(p_specialization_title);
	SELECT LAST_INSERT_ID()INTO aSpecializationID;
END ;;
DELIMITER ;
/*!50003 SET sql_mode              = @saved_sql_mode */ ;
/*!50003 SET character_set_client  = @saved_cs_client */ ;
/*!50003 SET character_set_results = @saved_cs_results */ ;
/*!50003 SET collation_connection  = @saved_col_connection */ ;
/*!50003 DROP PROCEDURE IF EXISTS `addStudent` */;
/*!50003 SET @saved_cs_client      = @@character_set_client */ ;
/*!50003 SET @saved_cs_results     = @@character_set_results */ ;
/*!50003 SET @saved_col_connection = @@collation_connection */ ;
/*!50003 SET character_set_client  = utf8 */ ;
/*!50003 SET character_set_results = utf8 */ ;
/*!50003 SET collation_connection  = utf8_general_ci */ ;
/*!50003 SET @saved_sql_mode       = @@sql_mode */ ;
/*!50003 SET sql_mode              = 'NO_ENGINE_SUBSTITUTION' */ ;
DELIMITER ;;
CREATE DEFINER=`root`@`localhost` PROCEDURE `addStudent`(
admissionId INT,
studentType VARCHAR(1),
OUT studentId INT
)
BEGIN

INSERT INTO student_mt(admission_id,student_no,student_type)
VALUES(
admissionId, 
CONCAT(YEAR(curdate()) * 10000 + admissionId), 
studentType);

SELECT LAST_INSERT_ID() INTO studentId;

END ;;
DELIMITER ;
/*!50003 SET sql_mode              = @saved_sql_mode */ ;
/*!50003 SET character_set_client  = @saved_cs_client */ ;
/*!50003 SET character_set_results = @saved_cs_results */ ;
/*!50003 SET collation_connection  = @saved_col_connection */ ;
/*!50003 DROP PROCEDURE IF EXISTS `addStudentDiscounts` */;
/*!50003 SET @saved_cs_client      = @@character_set_client */ ;
/*!50003 SET @saved_cs_results     = @@character_set_results */ ;
/*!50003 SET @saved_col_connection = @@collation_connection */ ;
/*!50003 SET character_set_client  = utf8 */ ;
/*!50003 SET character_set_results = utf8 */ ;
/*!50003 SET collation_connection  = utf8_general_ci */ ;
/*!50003 SET @saved_sql_mode       = @@sql_mode */ ;
/*!50003 SET sql_mode              = 'NO_ENGINE_SUBSTITUTION' */ ;
DELIMITER ;;
CREATE DEFINER=`root`@`localhost` PROCEDURE `addStudentDiscounts`(
aStudentId INT, aDiscountId INT, aSchoolYearId INT, anAppliedByUserId INT,
aDiscountAmount DECIMAL(10,2)
)
BEGIN

INSERT INTO student_discount(student_id,discount_id,schoolyear_id,applied_by_user_id,discount_amount)
VALUES(aStudentId, aDiscountId, aSchoolYearId, anAppliedByUserId,aDiscountAmount);

END ;;
DELIMITER ;
/*!50003 SET sql_mode              = @saved_sql_mode */ ;
/*!50003 SET character_set_client  = @saved_cs_client */ ;
/*!50003 SET character_set_results = @saved_cs_results */ ;
/*!50003 SET collation_connection  = @saved_col_connection */ ;
/*!50003 DROP PROCEDURE IF EXISTS `addStudentForSummer` */;
/*!50003 SET @saved_cs_client      = @@character_set_client */ ;
/*!50003 SET @saved_cs_results     = @@character_set_results */ ;
/*!50003 SET @saved_col_connection = @@collation_connection */ ;
/*!50003 SET character_set_client  = utf8 */ ;
/*!50003 SET character_set_results = utf8 */ ;
/*!50003 SET collation_connection  = utf8_general_ci */ ;
/*!50003 SET @saved_sql_mode       = @@sql_mode */ ;
/*!50003 SET sql_mode              = 'NO_ENGINE_SUBSTITUTION' */ ;
DELIMITER ;;
CREATE DEFINER=`root`@`localhost` PROCEDURE `addStudentForSummer`(
aStudentId INT, aSchoolYearId INT, aGradeLevelId INT, aUserId INT
)
BEGIN

INSERT INTO summer(student_id, schoolyear_id, gradelevel_id_summer, recommended_by_user_id)
VALUES(aStudentId, aSchoolYearId, aGradeLevelId ,aUserId);

END ;;
DELIMITER ;
/*!50003 SET sql_mode              = @saved_sql_mode */ ;
/*!50003 SET character_set_client  = @saved_cs_client */ ;
/*!50003 SET character_set_results = @saved_cs_results */ ;
/*!50003 SET collation_connection  = @saved_col_connection */ ;
/*!50003 DROP PROCEDURE IF EXISTS `addStudentGradeLevelRecord` */;
/*!50003 SET @saved_cs_client      = @@character_set_client */ ;
/*!50003 SET @saved_cs_results     = @@character_set_results */ ;
/*!50003 SET @saved_col_connection = @@collation_connection */ ;
/*!50003 SET character_set_client  = utf8 */ ;
/*!50003 SET character_set_results = utf8 */ ;
/*!50003 SET collation_connection  = utf8_general_ci */ ;
/*!50003 SET @saved_sql_mode       = @@sql_mode */ ;
/*!50003 SET sql_mode              = 'NO_ENGINE_SUBSTITUTION' */ ;
DELIMITER ;;
CREATE DEFINER=`root`@`localhost` PROCEDURE `addStudentGradeLevelRecord`(
aYearPromotedSchoolYearId INT, aStudentId INT, aNewGradeLevelId INT
)
BEGIN

INSERT INTO schoolyear_student_lt (schoolyear_id, student_id, gradelevel_id)
VALUES(aYearPromotedSchoolYearId, aStudentId, aNewGradeLevelId);

END ;;
DELIMITER ;
/*!50003 SET sql_mode              = @saved_sql_mode */ ;
/*!50003 SET character_set_client  = @saved_cs_client */ ;
/*!50003 SET character_set_results = @saved_cs_results */ ;
/*!50003 SET collation_connection  = @saved_col_connection */ ;
/*!50003 DROP PROCEDURE IF EXISTS `addStudentPaymentTerm` */;
/*!50003 SET @saved_cs_client      = @@character_set_client */ ;
/*!50003 SET @saved_cs_results     = @@character_set_results */ ;
/*!50003 SET @saved_col_connection = @@collation_connection */ ;
/*!50003 SET character_set_client  = utf8 */ ;
/*!50003 SET character_set_results = utf8 */ ;
/*!50003 SET collation_connection  = utf8_general_ci */ ;
/*!50003 SET @saved_sql_mode       = @@sql_mode */ ;
/*!50003 SET sql_mode              = 'NO_ENGINE_SUBSTITUTION' */ ;
DELIMITER ;;
CREATE DEFINER=`root`@`localhost` PROCEDURE `addStudentPaymentTerm`(IN aStudentId INT, IN aPaymentTermId INT,IN aSchoolYearId INT)
BEGIN

INSERT INTO student_paymentterm_lt(student_id, paymentterm_id, schoolyear_id)
VALUES(aStudentId,aPaymentTermId,aSchoolYearId);


END ;;
DELIMITER ;
/*!50003 SET sql_mode              = @saved_sql_mode */ ;
/*!50003 SET character_set_client  = @saved_cs_client */ ;
/*!50003 SET character_set_results = @saved_cs_results */ ;
/*!50003 SET collation_connection  = @saved_col_connection */ ;
/*!50003 DROP PROCEDURE IF EXISTS `addStudentToSection` */;
/*!50003 SET @saved_cs_client      = @@character_set_client */ ;
/*!50003 SET @saved_cs_results     = @@character_set_results */ ;
/*!50003 SET @saved_col_connection = @@collation_connection */ ;
/*!50003 SET character_set_client  = utf8 */ ;
/*!50003 SET character_set_results = utf8 */ ;
/*!50003 SET collation_connection  = utf8_general_ci */ ;
/*!50003 SET @saved_sql_mode       = @@sql_mode */ ;
/*!50003 SET sql_mode              = 'NO_ENGINE_SUBSTITUTION' */ ;
DELIMITER ;;
CREATE DEFINER=`root`@`localhost` PROCEDURE `addStudentToSection`(aStudentId INT, aSectionId INT, aSchoolYearId INT)
BEGIN

INSERT INTO section_student (student_id, section_id, schoolyear_id)
VALUES(aStudentId, aSectionId, aSchoolYearId);

END ;;
DELIMITER ;
/*!50003 SET sql_mode              = @saved_sql_mode */ ;
/*!50003 SET character_set_client  = @saved_cs_client */ ;
/*!50003 SET character_set_results = @saved_cs_results */ ;
/*!50003 SET collation_connection  = @saved_col_connection */ ;
/*!50003 DROP PROCEDURE IF EXISTS `addSubject` */;
/*!50003 SET @saved_cs_client      = @@character_set_client */ ;
/*!50003 SET @saved_cs_results     = @@character_set_results */ ;
/*!50003 SET @saved_col_connection = @@collation_connection */ ;
/*!50003 SET character_set_client  = utf8 */ ;
/*!50003 SET character_set_results = utf8 */ ;
/*!50003 SET collation_connection  = utf8_general_ci */ ;
/*!50003 SET @saved_sql_mode       = @@sql_mode */ ;
/*!50003 SET sql_mode              = 'NO_ENGINE_SUBSTITUTION' */ ;
DELIMITER ;;
CREATE DEFINER=`root`@`localhost` PROCEDURE `addSubject`(
IN p_subjName varchar(50), 
IN p_subjCode varchar(50), 
IN p_subjUnits INT, 
IN p_subjDesc TEXT, 
IN p_gradeLevelId INT,
IN p_schoolYearId INT,
IN p_addedBy_UserId varchar(50)

)
BEGIN
	
    DECLARE var_subjectId INT;
    DECLARE EXIT HANDLER FOR sqlexception
	BEGIN
		ROLLBACK;
        RESIGNAL;
    END;
    
    START TRANSACTION;
    
    INSERT INTO subjects(`code`, `name`, units, description)
    VALUES(p_subjCode,p_subjName,p_subjUnits,p_subjDesc);
    
    SELECT LAST_INSERT_ID() INTO @var_subjectId;
    
    INSERT INTO subjects_gradelevel(subjectId, gradeLevelId, schoolYearId)
    VALUES(@var_subjectId,p_gradeLevelId,p_schoolYearId);
    
    INSERT INTO subjects_hd(subjectId, addedBy_UserId, editedBy_UserId)
    VALUES(@var_subjectId,p_addedBy_UserId,p_addedBy_UserId);
    
		COMMIT ;
        SELECT 'successfully added subject';
    
    
    
END ;;
DELIMITER ;
/*!50003 SET sql_mode              = @saved_sql_mode */ ;
/*!50003 SET character_set_client  = @saved_cs_client */ ;
/*!50003 SET character_set_results = @saved_cs_results */ ;
/*!50003 SET collation_connection  = @saved_col_connection */ ;
/*!50003 DROP PROCEDURE IF EXISTS `addSubjectCategory` */;
/*!50003 SET @saved_cs_client      = @@character_set_client */ ;
/*!50003 SET @saved_cs_results     = @@character_set_results */ ;
/*!50003 SET @saved_col_connection = @@collation_connection */ ;
/*!50003 SET character_set_client  = utf8 */ ;
/*!50003 SET character_set_results = utf8 */ ;
/*!50003 SET collation_connection  = utf8_general_ci */ ;
/*!50003 SET @saved_sql_mode       = @@sql_mode */ ;
/*!50003 SET sql_mode              = 'NO_ENGINE_SUBSTITUTION' */ ;
DELIMITER ;;
CREATE DEFINER=`root`@`localhost` PROCEDURE `addSubjectCategory`(
subjectCtgyName VARCHAR(255), 
subjectCtgyDescription VARCHAR(255),
OUT subjectCtgyId INT
)
BEGIN

INSERT INTO subjectcategory_mt(subjectcategory_name,description)
VALUES(subjectCtgyName,subjectCtgyDescription);

SELECT LAST_INSERT_ID() INTO subjectCtgyId;

END ;;
DELIMITER ;
/*!50003 SET sql_mode              = @saved_sql_mode */ ;
/*!50003 SET character_set_client  = @saved_cs_client */ ;
/*!50003 SET character_set_results = @saved_cs_results */ ;
/*!50003 SET collation_connection  = @saved_col_connection */ ;
/*!50003 DROP PROCEDURE IF EXISTS `addSubjectCategoryAssignedSubjects` */;
/*!50003 SET @saved_cs_client      = @@character_set_client */ ;
/*!50003 SET @saved_cs_results     = @@character_set_results */ ;
/*!50003 SET @saved_col_connection = @@collation_connection */ ;
/*!50003 SET character_set_client  = utf8 */ ;
/*!50003 SET character_set_results = utf8 */ ;
/*!50003 SET collation_connection  = utf8_general_ci */ ;
/*!50003 SET @saved_sql_mode       = @@sql_mode */ ;
/*!50003 SET sql_mode              = 'NO_ENGINE_SUBSTITUTION' */ ;
DELIMITER ;;
CREATE DEFINER=`root`@`localhost` PROCEDURE `addSubjectCategoryAssignedSubjects`(
aSubjectCategoryId INT, aSubjectId INT
)
BEGIN

INSERT INTO subjectcategory_subject(subjectcategory_id, subject_id)
VALUES(aSubjectCategoryId, aSubjectId);

END ;;
DELIMITER ;
/*!50003 SET sql_mode              = @saved_sql_mode */ ;
/*!50003 SET character_set_client  = @saved_cs_client */ ;
/*!50003 SET character_set_results = @saved_cs_results */ ;
/*!50003 SET collation_connection  = @saved_col_connection */ ;
/*!50003 DROP PROCEDURE IF EXISTS `addTransaction` */;
/*!50003 SET @saved_cs_client      = @@character_set_client */ ;
/*!50003 SET @saved_cs_results     = @@character_set_results */ ;
/*!50003 SET @saved_col_connection = @@collation_connection */ ;
/*!50003 SET character_set_client  = utf8 */ ;
/*!50003 SET character_set_results = utf8 */ ;
/*!50003 SET collation_connection  = utf8_general_ci */ ;
/*!50003 SET @saved_sql_mode       = @@sql_mode */ ;
/*!50003 SET sql_mode              = 'NO_ENGINE_SUBSTITUTION' */ ;
DELIMITER ;;
CREATE DEFINER=`root`@`localhost` PROCEDURE `addTransaction`(
studentId INT,
amountReceived DECIMAL(10,2),
amountCharged DECIMAL(10,2),
orNo INT,
aUserId INT,
OUT transactionId INT
)
BEGIN

INSERT INTO 
transaction_mt (student_id,amount_received,amount_charged,or_no_attached,
processed_by_user_id)
VALUES (studentId,amountReceived,amountCharged,orNo,aUserId);

SELECT LAST_INSERT_ID() INTO transactionId;

END ;;
DELIMITER ;
/*!50003 SET sql_mode              = @saved_sql_mode */ ;
/*!50003 SET character_set_client  = @saved_cs_client */ ;
/*!50003 SET character_set_results = @saved_cs_results */ ;
/*!50003 SET collation_connection  = @saved_col_connection */ ;
/*!50003 DROP PROCEDURE IF EXISTS `addTransactionBalanceBreakdown` */;
/*!50003 SET @saved_cs_client      = @@character_set_client */ ;
/*!50003 SET @saved_cs_results     = @@character_set_results */ ;
/*!50003 SET @saved_col_connection = @@collation_connection */ ;
/*!50003 SET character_set_client  = utf8 */ ;
/*!50003 SET character_set_results = utf8 */ ;
/*!50003 SET collation_connection  = utf8_general_ci */ ;
/*!50003 SET @saved_sql_mode       = @@sql_mode */ ;
/*!50003 SET sql_mode              = 'NO_ENGINE_SUBSTITUTION' */ ;
DELIMITER ;;
CREATE DEFINER=`root`@`localhost` PROCEDURE `addTransactionBalanceBreakdown`(
transactionId INT,
balancebreakdownId INT,
amountPaid DECIMAL(10,2)
)
BEGIN

INSERT INTO 
transaction_balancebreakdown(transaction_id,balancebreakdown_id,amount_paid)
VALUES(transactionId, balancebreakdownId, amountPaid);

END ;;
DELIMITER ;
/*!50003 SET sql_mode              = @saved_sql_mode */ ;
/*!50003 SET character_set_client  = @saved_cs_client */ ;
/*!50003 SET character_set_results = @saved_cs_results */ ;
/*!50003 SET collation_connection  = @saved_col_connection */ ;
/*!50003 DROP PROCEDURE IF EXISTS `addTransactionPenalty` */;
/*!50003 SET @saved_cs_client      = @@character_set_client */ ;
/*!50003 SET @saved_cs_results     = @@character_set_results */ ;
/*!50003 SET @saved_col_connection = @@collation_connection */ ;
/*!50003 SET character_set_client  = utf8 */ ;
/*!50003 SET character_set_results = utf8 */ ;
/*!50003 SET collation_connection  = utf8_general_ci */ ;
/*!50003 SET @saved_sql_mode       = @@sql_mode */ ;
/*!50003 SET sql_mode              = 'NO_ENGINE_SUBSTITUTION' */ ;
DELIMITER ;;
CREATE DEFINER=`root`@`localhost` PROCEDURE `addTransactionPenalty`(
transactionId INT, penaltyId INT, amountPaid DECIMAL(10,2)
)
BEGIN

INSERT INTO transaction_penalty(transaction_id, penalty_id, amount_paid)
VALUES(transactionId,penaltyId,amountPaid);

END ;;
DELIMITER ;
/*!50003 SET sql_mode              = @saved_sql_mode */ ;
/*!50003 SET character_set_client  = @saved_cs_client */ ;
/*!50003 SET character_set_results = @saved_cs_results */ ;
/*!50003 SET collation_connection  = @saved_col_connection */ ;
/*!50003 DROP PROCEDURE IF EXISTS `addTransferee` */;
/*!50003 SET @saved_cs_client      = @@character_set_client */ ;
/*!50003 SET @saved_cs_results     = @@character_set_results */ ;
/*!50003 SET @saved_col_connection = @@collation_connection */ ;
/*!50003 SET character_set_client  = utf8 */ ;
/*!50003 SET character_set_results = utf8 */ ;
/*!50003 SET collation_connection  = utf8_general_ci */ ;
/*!50003 SET @saved_sql_mode       = @@sql_mode */ ;
/*!50003 SET sql_mode              = 'NO_ENGINE_SUBSTITUTION' */ ;
DELIMITER ;;
CREATE DEFINER=`root`@`localhost` PROCEDURE `addTransferee`(aStudentId INT)
BEGIN

INSERT INTO transferee_student(student_id)
VALUES(aStudentId);

END ;;
DELIMITER ;
/*!50003 SET sql_mode              = @saved_sql_mode */ ;
/*!50003 SET character_set_client  = @saved_cs_client */ ;
/*!50003 SET character_set_results = @saved_cs_results */ ;
/*!50003 SET collation_connection  = @saved_col_connection */ ;
/*!50003 DROP PROCEDURE IF EXISTS `addTransfereeGrade` */;
/*!50003 SET @saved_cs_client      = @@character_set_client */ ;
/*!50003 SET @saved_cs_results     = @@character_set_results */ ;
/*!50003 SET @saved_col_connection = @@collation_connection */ ;
/*!50003 SET character_set_client  = utf8 */ ;
/*!50003 SET character_set_results = utf8 */ ;
/*!50003 SET collation_connection  = utf8_general_ci */ ;
/*!50003 SET @saved_sql_mode       = @@sql_mode */ ;
/*!50003 SET sql_mode              = 'NO_ENGINE_SUBSTITUTION' */ ;
DELIMITER ;;
CREATE DEFINER=`root`@`localhost` PROCEDURE `addTransfereeGrade`(

aStudentId INT, 
aFirstQuarterGrade DECIMAL(10,2),
aSecondQuarterGrade DECIMAL(10,2),
aThirdQuarterGrade DECIMAL(10,2),
aFourthQuarterGrade DECIMAL(10,2),
aGwaGrade DECIMAL(10,2))
BEGIN

INSERT INTO transferee_grade(student_id, firstquarter_grade, secondquarter_grade, thirdquarter_grade, fourthquarter_grade, gwa)
VALUES(aStudentId,aFirstQuarterGrade,aSecondQuarterGrade,aThirdQuarterGrade,aFourthQuarterGrade,aGwaGrade);

END ;;
DELIMITER ;
/*!50003 SET sql_mode              = @saved_sql_mode */ ;
/*!50003 SET character_set_client  = @saved_cs_client */ ;
/*!50003 SET character_set_results = @saved_cs_results */ ;
/*!50003 SET collation_connection  = @saved_col_connection */ ;
/*!50003 DROP PROCEDURE IF EXISTS `addUser` */;
/*!50003 SET @saved_cs_client      = @@character_set_client */ ;
/*!50003 SET @saved_cs_results     = @@character_set_results */ ;
/*!50003 SET @saved_col_connection = @@collation_connection */ ;
/*!50003 SET character_set_client  = utf8 */ ;
/*!50003 SET character_set_results = utf8 */ ;
/*!50003 SET collation_connection  = utf8_general_ci */ ;
/*!50003 SET @saved_sql_mode       = @@sql_mode */ ;
/*!50003 SET sql_mode              = 'NO_ENGINE_SUBSTITUTION' */ ;
DELIMITER ;;
CREATE DEFINER=`root`@`localhost` PROCEDURE `addUser`(aUserName VARCHAR(20), 
aPassword VARCHAR(255),
aLastName VARCHAR(255),
aFirstName VARCHAR(255),
aMiddleName VARCHAR(255),
OUT aUserId INT )
BEGIN

INSERT INTO user_mt(username, `password`, lastname, firstname, middlename) 
VALUES(aUserName,aPassword,aLastName,aFirstName,aMiddleName);

SELECT LAST_INSERT_ID() INTO aUserId;
END ;;
DELIMITER ;
/*!50003 SET sql_mode              = @saved_sql_mode */ ;
/*!50003 SET character_set_client  = @saved_cs_client */ ;
/*!50003 SET character_set_results = @saved_cs_results */ ;
/*!50003 SET collation_connection  = @saved_col_connection */ ;
/*!50003 DROP PROCEDURE IF EXISTS `addUserFaculty` */;
/*!50003 SET @saved_cs_client      = @@character_set_client */ ;
/*!50003 SET @saved_cs_results     = @@character_set_results */ ;
/*!50003 SET @saved_col_connection = @@collation_connection */ ;
/*!50003 SET character_set_client  = utf8 */ ;
/*!50003 SET character_set_results = utf8 */ ;
/*!50003 SET collation_connection  = utf8_general_ci */ ;
/*!50003 SET @saved_sql_mode       = @@sql_mode */ ;
/*!50003 SET sql_mode              = 'NO_ENGINE_SUBSTITUTION' */ ;
DELIMITER ;;
CREATE DEFINER=`root`@`localhost` PROCEDURE `addUserFaculty`(IN pUserId INT, IN pFacultyId INT)
BEGIN

INSERT INTO user_faculty(user_id, faculty_id)
VALUES(pUserId,pFacultyId);

END ;;
DELIMITER ;
/*!50003 SET sql_mode              = @saved_sql_mode */ ;
/*!50003 SET character_set_client  = @saved_cs_client */ ;
/*!50003 SET character_set_results = @saved_cs_results */ ;
/*!50003 SET collation_connection  = @saved_col_connection */ ;
/*!50003 DROP PROCEDURE IF EXISTS `addUserRole` */;
/*!50003 SET @saved_cs_client      = @@character_set_client */ ;
/*!50003 SET @saved_cs_results     = @@character_set_results */ ;
/*!50003 SET @saved_col_connection = @@collation_connection */ ;
/*!50003 SET character_set_client  = utf8 */ ;
/*!50003 SET character_set_results = utf8 */ ;
/*!50003 SET collation_connection  = utf8_general_ci */ ;
/*!50003 SET @saved_sql_mode       = @@sql_mode */ ;
/*!50003 SET sql_mode              = 'NO_ENGINE_SUBSTITUTION' */ ;
DELIMITER ;;
CREATE DEFINER=`root`@`localhost` PROCEDURE `addUserRole`(aUserId INT, aRoleId INT)
BEGIN

INSERT INTO user_role(user_id, role_id)
VALUES(aUserId, aRoleId);

END ;;
DELIMITER ;
/*!50003 SET sql_mode              = @saved_sql_mode */ ;
/*!50003 SET character_set_client  = @saved_cs_client */ ;
/*!50003 SET character_set_results = @saved_cs_results */ ;
/*!50003 SET collation_connection  = @saved_col_connection */ ;
/*!50003 DROP PROCEDURE IF EXISTS `areAllStudentGradePerSubjectSubmitted` */;
/*!50003 SET @saved_cs_client      = @@character_set_client */ ;
/*!50003 SET @saved_cs_results     = @@character_set_results */ ;
/*!50003 SET @saved_col_connection = @@collation_connection */ ;
/*!50003 SET character_set_client  = utf8 */ ;
/*!50003 SET character_set_results = utf8 */ ;
/*!50003 SET collation_connection  = utf8_general_ci */ ;
/*!50003 SET @saved_sql_mode       = @@sql_mode */ ;
/*!50003 SET sql_mode              = 'NO_ENGINE_SUBSTITUTION' */ ;
DELIMITER ;;
CREATE DEFINER=`root`@`localhost` PROCEDURE `areAllStudentGradePerSubjectSubmitted`(
aStudentId INT, aSchoolYearId INT, aGradeLevelId INT
)
BEGIN

SELECT 
CASE WHEN COUNT(*) = 0 THEN TRUE ELSE FALSE END as all_student_subjects_grade_complete
FROM subject_gradelevel_lt sglt
INNER JOIN subject_mt s ON sglt.subject_id = s.subject_id
WHERE sglt.subject_id 
NOT IN
(SELECT subject_id FROM grade WHERE student_id = aStudentId AND schoolyear_id = aSchoolYearId
AND grade_type = 'R')
AND sglt.gradelevel_id = aGradeLevelId;

END ;;
DELIMITER ;
/*!50003 SET sql_mode              = @saved_sql_mode */ ;
/*!50003 SET character_set_client  = @saved_cs_client */ ;
/*!50003 SET character_set_results = @saved_cs_results */ ;
/*!50003 SET collation_connection  = @saved_col_connection */ ;
/*!50003 DROP PROCEDURE IF EXISTS `assignCredential` */;
/*!50003 SET @saved_cs_client      = @@character_set_client */ ;
/*!50003 SET @saved_cs_results     = @@character_set_results */ ;
/*!50003 SET @saved_col_connection = @@collation_connection */ ;
/*!50003 SET character_set_client  = utf8 */ ;
/*!50003 SET character_set_results = utf8 */ ;
/*!50003 SET collation_connection  = utf8_general_ci */ ;
/*!50003 SET @saved_sql_mode       = @@sql_mode */ ;
/*!50003 SET sql_mode              = 'NO_AUTO_CREATE_USER,NO_ENGINE_SUBSTITUTION' */ ;
DELIMITER ;;
CREATE DEFINER=`root`@`localhost` PROCEDURE `assignCredential`(aCredentialId INT, aGradeLevelId INT, aSchoolYearId INT)
BEGIN

INSERT INTO credential_requirements_lt
(credential_id, gradelevel_id, schoolyear_id)
VALUES
(aCredentialId,aGradeLevelId,aSchoolYearId);
END ;;
DELIMITER ;
/*!50003 SET sql_mode              = @saved_sql_mode */ ;
/*!50003 SET character_set_client  = @saved_cs_client */ ;
/*!50003 SET character_set_results = @saved_cs_results */ ;
/*!50003 SET collation_connection  = @saved_col_connection */ ;
/*!50003 DROP PROCEDURE IF EXISTS `assignFee` */;
/*!50003 SET @saved_cs_client      = @@character_set_client */ ;
/*!50003 SET @saved_cs_results     = @@character_set_results */ ;
/*!50003 SET @saved_col_connection = @@collation_connection */ ;
/*!50003 SET character_set_client  = utf8 */ ;
/*!50003 SET character_set_results = utf8 */ ;
/*!50003 SET collation_connection  = utf8_general_ci */ ;
/*!50003 SET @saved_sql_mode       = @@sql_mode */ ;
/*!50003 SET sql_mode              = 'NO_ENGINE_SUBSTITUTION' */ ;
DELIMITER ;;
CREATE DEFINER=`root`@`localhost` PROCEDURE `assignFee`(
IN aFeeId INT, 
IN aFeeAmount DECIMAL,
IN aGradeLevelId INT,
IN aSchoolYearId INT)
BEGIN
    INSERT INTO fee_schoolyear_lt(fee_id, fee_amount, gradelevel_id, schoolyear_id)
    VALUES(aFeeId,aFeeAmount,aGradeLevelId,aSchoolYearId);
END ;;
DELIMITER ;
/*!50003 SET sql_mode              = @saved_sql_mode */ ;
/*!50003 SET character_set_client  = @saved_cs_client */ ;
/*!50003 SET character_set_results = @saved_cs_results */ ;
/*!50003 SET collation_connection  = @saved_col_connection */ ;
/*!50003 DROP PROCEDURE IF EXISTS `assignFeesToStudent` */;
/*!50003 SET @saved_cs_client      = @@character_set_client */ ;
/*!50003 SET @saved_cs_results     = @@character_set_results */ ;
/*!50003 SET @saved_col_connection = @@collation_connection */ ;
/*!50003 SET character_set_client  = utf8 */ ;
/*!50003 SET character_set_results = utf8 */ ;
/*!50003 SET collation_connection  = utf8_general_ci */ ;
/*!50003 SET @saved_sql_mode       = @@sql_mode */ ;
/*!50003 SET sql_mode              = 'NO_ENGINE_SUBSTITUTION' */ ;
DELIMITER ;;
CREATE DEFINER=`root`@`localhost` PROCEDURE `assignFeesToStudent`(aStudentId INT, aFeeId INT, aSchoolYearId INT)
BEGIN

INSERT INTO student_fee(student_id, fee_id,schoolyear_id)
VALUES(aStudentId, aFeeId, aSchoolYearId);

END ;;
DELIMITER ;
/*!50003 SET sql_mode              = @saved_sql_mode */ ;
/*!50003 SET character_set_client  = @saved_cs_client */ ;
/*!50003 SET character_set_results = @saved_cs_results */ ;
/*!50003 SET collation_connection  = @saved_col_connection */ ;
/*!50003 DROP PROCEDURE IF EXISTS `assignFeeToGradeLevel` */;
/*!50003 SET @saved_cs_client      = @@character_set_client */ ;
/*!50003 SET @saved_cs_results     = @@character_set_results */ ;
/*!50003 SET @saved_col_connection = @@collation_connection */ ;
/*!50003 SET character_set_client  = utf8 */ ;
/*!50003 SET character_set_results = utf8 */ ;
/*!50003 SET collation_connection  = utf8_general_ci */ ;
/*!50003 SET @saved_sql_mode       = @@sql_mode */ ;
/*!50003 SET sql_mode              = 'NO_ENGINE_SUBSTITUTION' */ ;
DELIMITER ;;
CREATE DEFINER=`root`@`localhost` PROCEDURE `assignFeeToGradeLevel`(
IN aFeeId INT, 
IN aFeeAmount DECIMAL(10,2),
IN aGradeLevelId INT,
IN aSchoolYearId INT)
BEGIN
    INSERT INTO fee_schoolyear_lt(fee_id, fee_amount, gradelevel_id, schoolyear_id)
    VALUES(aFeeId,aFeeAmount,aGradeLevelId,aSchoolYearId);
END ;;
DELIMITER ;
/*!50003 SET sql_mode              = @saved_sql_mode */ ;
/*!50003 SET character_set_client  = @saved_cs_client */ ;
/*!50003 SET character_set_results = @saved_cs_results */ ;
/*!50003 SET collation_connection  = @saved_col_connection */ ;
/*!50003 DROP PROCEDURE IF EXISTS `assignScheduleToFaculty` */;
/*!50003 SET @saved_cs_client      = @@character_set_client */ ;
/*!50003 SET @saved_cs_results     = @@character_set_results */ ;
/*!50003 SET @saved_col_connection = @@collation_connection */ ;
/*!50003 SET character_set_client  = utf8 */ ;
/*!50003 SET character_set_results = utf8 */ ;
/*!50003 SET collation_connection  = utf8_general_ci */ ;
/*!50003 SET @saved_sql_mode       = @@sql_mode */ ;
/*!50003 SET sql_mode              = 'NO_ENGINE_SUBSTITUTION' */ ;
DELIMITER ;;
CREATE DEFINER=`root`@`localhost` PROCEDURE `assignScheduleToFaculty`(aFacultyId INT, aScheduleId INT)
BEGIN

INSERT INTO faculty_schedule(faculty_id, schedule_id)
VALUES(aFacultyId, aScheduleId);

END ;;
DELIMITER ;
/*!50003 SET sql_mode              = @saved_sql_mode */ ;
/*!50003 SET character_set_client  = @saved_cs_client */ ;
/*!50003 SET character_set_results = @saved_cs_results */ ;
/*!50003 SET collation_connection  = @saved_col_connection */ ;
/*!50003 DROP PROCEDURE IF EXISTS `checkCurriculumChanges` */;
/*!50003 SET @saved_cs_client      = @@character_set_client */ ;
/*!50003 SET @saved_cs_results     = @@character_set_results */ ;
/*!50003 SET @saved_col_connection = @@collation_connection */ ;
/*!50003 SET character_set_client  = utf8 */ ;
/*!50003 SET character_set_results = utf8 */ ;
/*!50003 SET collation_connection  = utf8_general_ci */ ;
/*!50003 SET @saved_sql_mode       = @@sql_mode */ ;
/*!50003 SET sql_mode              = 'NO_ENGINE_SUBSTITUTION' */ ;
DELIMITER ;;
CREATE DEFINER=`root`@`localhost` PROCEDURE `checkCurriculumChanges`(IN pIN_curriculumId INT)
BEGIN
	
    SELECT gradelevel_mt.grade_level, 
		schoolyear_mt.yearFrom, schoolyear_mt.yearTo,
        curriculum_mt.curriculum_title, curriculum_mt.description,
        subject_mt.code, subject_mt.title
			FROM curriculum_subject_lt
            
            INNER JOIN curriculum_mt ON curriculum_mt.curriculum_id = curriculum_subject_lt.curriculum_id
            INNER JOIN subject_mt ON subject_mt.subject_id = curriculum_subject_lt.subject_id
            INNER JOIN gradelevel_mt ON gradelevel_mt.gradelevel_id = curriculum_mt.gradelevel_id
            INNER JOIN schoolyear_mt ON schoolyear_mt.schoolyear_id = curriculum_mt.schoolyear_id
		
        WHERE curriculum_mt.curriculum_id = pIN_curriculumId;
    
END ;;
DELIMITER ;
/*!50003 SET sql_mode              = @saved_sql_mode */ ;
/*!50003 SET character_set_client  = @saved_cs_client */ ;
/*!50003 SET character_set_results = @saved_cs_results */ ;
/*!50003 SET collation_connection  = @saved_col_connection */ ;
/*!50003 DROP PROCEDURE IF EXISTS `checkCurriculumExists` */;
/*!50003 SET @saved_cs_client      = @@character_set_client */ ;
/*!50003 SET @saved_cs_results     = @@character_set_results */ ;
/*!50003 SET @saved_col_connection = @@collation_connection */ ;
/*!50003 SET character_set_client  = utf8 */ ;
/*!50003 SET character_set_results = utf8 */ ;
/*!50003 SET collation_connection  = utf8_general_ci */ ;
/*!50003 SET @saved_sql_mode       = @@sql_mode */ ;
/*!50003 SET sql_mode              = 'NO_ENGINE_SUBSTITUTION' */ ;
DELIMITER ;;
CREATE DEFINER=`root`@`localhost` PROCEDURE `checkCurriculumExists`(
	IN pIN_schoolyearId INT, IN pIN_curriculumTitle VARCHAR(250)
)
BEGIN
	SELECT  schoolyear_id, curriculum_title FROM curriculum_mt
    WHERE schoolyear_id = pIN_schoolyearId
    AND curriculum_title = pIN_curriculumTitle;
END ;;
DELIMITER ;
/*!50003 SET sql_mode              = @saved_sql_mode */ ;
/*!50003 SET character_set_client  = @saved_cs_client */ ;
/*!50003 SET character_set_results = @saved_cs_results */ ;
/*!50003 SET collation_connection  = @saved_col_connection */ ;
/*!50003 DROP PROCEDURE IF EXISTS `checkCurriculumSubjectExists` */;
/*!50003 SET @saved_cs_client      = @@character_set_client */ ;
/*!50003 SET @saved_cs_results     = @@character_set_results */ ;
/*!50003 SET @saved_col_connection = @@collation_connection */ ;
/*!50003 SET character_set_client  = utf8 */ ;
/*!50003 SET character_set_results = utf8 */ ;
/*!50003 SET collation_connection  = utf8_general_ci */ ;
/*!50003 SET @saved_sql_mode       = @@sql_mode */ ;
/*!50003 SET sql_mode              = 'NO_ENGINE_SUBSTITUTION' */ ;
DELIMITER ;;
CREATE DEFINER=`root`@`localhost` PROCEDURE `checkCurriculumSubjectExists`(IN pIN_curriculumId INT)
BEGIN
	
    SELECT subject_id FROM curriculum_subject_lt WHERE curriculum_id = pIN_curriculumId;
	
END ;;
DELIMITER ;
/*!50003 SET sql_mode              = @saved_sql_mode */ ;
/*!50003 SET character_set_client  = @saved_cs_client */ ;
/*!50003 SET character_set_results = @saved_cs_results */ ;
/*!50003 SET collation_connection  = @saved_col_connection */ ;
/*!50003 DROP PROCEDURE IF EXISTS `checkFacultyExist` */;
/*!50003 SET @saved_cs_client      = @@character_set_client */ ;
/*!50003 SET @saved_cs_results     = @@character_set_results */ ;
/*!50003 SET @saved_col_connection = @@collation_connection */ ;
/*!50003 SET character_set_client  = utf8 */ ;
/*!50003 SET character_set_results = utf8 */ ;
/*!50003 SET collation_connection  = utf8_general_ci */ ;
/*!50003 SET @saved_sql_mode       = @@sql_mode */ ;
/*!50003 SET sql_mode              = 'NO_ENGINE_SUBSTITUTION' */ ;
DELIMITER ;;
CREATE DEFINER=`root`@`localhost` PROCEDURE `checkFacultyExist`(
IN pIN_lastName VARCHAR(150), IN pIN_firstName VARCHAR(150), IN pIN_middleName VARCHAR(150), OUT pOUT_result VARCHAR(10)
)
BEGIN

IF EXISTS(SELECT lastName, firstName, middleName FROM faculty_mt WHERE lastName = pIN_lastName AND firstName = pIN_firstName
	AND middleName = pIN_middleName) THEN
		SET pOUT_result = "Duplicate";
		SELECT pOUT_result;
	ELSE
		SET pOUT_result = "GAGO";
		SELECT pOUT_result;
	END IF;


END ;;
DELIMITER ;
/*!50003 SET sql_mode              = @saved_sql_mode */ ;
/*!50003 SET character_set_client  = @saved_cs_client */ ;
/*!50003 SET character_set_results = @saved_cs_results */ ;
/*!50003 SET collation_connection  = @saved_col_connection */ ;
/*!50003 DROP PROCEDURE IF EXISTS `checkSubjectChanges` */;
/*!50003 SET @saved_cs_client      = @@character_set_client */ ;
/*!50003 SET @saved_cs_results     = @@character_set_results */ ;
/*!50003 SET @saved_col_connection = @@collation_connection */ ;
/*!50003 SET character_set_client  = utf8 */ ;
/*!50003 SET character_set_results = utf8 */ ;
/*!50003 SET collation_connection  = utf8_general_ci */ ;
/*!50003 SET @saved_sql_mode       = @@sql_mode */ ;
/*!50003 SET sql_mode              = 'NO_ENGINE_SUBSTITUTION' */ ;
DELIMITER ;;
CREATE DEFINER=`root`@`localhost` PROCEDURE `checkSubjectChanges`(IN pIN_subjectId INT)
BEGIN
	
    SELECT subject_mt.code, subject_mt.title, subject_mt.description, 
		gradelevel_mt.grade_level FROM subject_gradelevel_lt
        
		INNER JOIN subject_mt ON subject_mt.subject_id = subject_gradelevel_lt.subject_id
		INNER JOIN gradelevel_mt ON gradelevel_mt.gradelevel_id = subject_gradelevel_lt.gradelevel_id
        
        WHERE subject_mt.subject_id = pIN_subjectId;
    
END ;;
DELIMITER ;
/*!50003 SET sql_mode              = @saved_sql_mode */ ;
/*!50003 SET character_set_client  = @saved_cs_client */ ;
/*!50003 SET character_set_results = @saved_cs_results */ ;
/*!50003 SET collation_connection  = @saved_col_connection */ ;
/*!50003 DROP PROCEDURE IF EXISTS `checkSubjectExists` */;
/*!50003 SET @saved_cs_client      = @@character_set_client */ ;
/*!50003 SET @saved_cs_results     = @@character_set_results */ ;
/*!50003 SET @saved_col_connection = @@collation_connection */ ;
/*!50003 SET character_set_client  = utf8 */ ;
/*!50003 SET character_set_results = utf8 */ ;
/*!50003 SET collation_connection  = utf8_general_ci */ ;
/*!50003 SET @saved_sql_mode       = @@sql_mode */ ;
/*!50003 SET sql_mode              = 'NO_ENGINE_SUBSTITUTION' */ ;
DELIMITER ;;
CREATE DEFINER=`root`@`localhost` PROCEDURE `checkSubjectExists`(IN pIN_subjectCode VARCHAR(150))
BEGIN
	
    SELECT code FROM subject_mt WHERE code = pIN_subjectCode;
    
END ;;
DELIMITER ;
/*!50003 SET sql_mode              = @saved_sql_mode */ ;
/*!50003 SET character_set_client  = @saved_cs_client */ ;
/*!50003 SET character_set_results = @saved_cs_results */ ;
/*!50003 SET collation_connection  = @saved_col_connection */ ;
/*!50003 DROP PROCEDURE IF EXISTS `closeSchoolYear` */;
/*!50003 SET @saved_cs_client      = @@character_set_client */ ;
/*!50003 SET @saved_cs_results     = @@character_set_results */ ;
/*!50003 SET @saved_col_connection = @@collation_connection */ ;
/*!50003 SET character_set_client  = utf8 */ ;
/*!50003 SET character_set_results = utf8 */ ;
/*!50003 SET collation_connection  = utf8_general_ci */ ;
/*!50003 SET @saved_sql_mode       = @@sql_mode */ ;
/*!50003 SET sql_mode              = 'NO_ENGINE_SUBSTITUTION' */ ;
DELIMITER ;;
CREATE DEFINER=`root`@`localhost` PROCEDURE `closeSchoolYear`(aSchoolYearId INT)
BEGIN

UPDATE schoolyear_mt SET isActive = 0, isCurrentSchoolYear = 0
WHERE schoolyear_id = aSchoolYearId;

END ;;
DELIMITER ;
/*!50003 SET sql_mode              = @saved_sql_mode */ ;
/*!50003 SET character_set_client  = @saved_cs_client */ ;
/*!50003 SET character_set_results = @saved_cs_results */ ;
/*!50003 SET collation_connection  = @saved_col_connection */ ;
/*!50003 DROP PROCEDURE IF EXISTS `completeAdmission` */;
/*!50003 SET @saved_cs_client      = @@character_set_client */ ;
/*!50003 SET @saved_cs_results     = @@character_set_results */ ;
/*!50003 SET @saved_col_connection = @@collation_connection */ ;
/*!50003 SET character_set_client  = utf8 */ ;
/*!50003 SET character_set_results = utf8 */ ;
/*!50003 SET collation_connection  = utf8_general_ci */ ;
/*!50003 SET @saved_sql_mode       = @@sql_mode */ ;
/*!50003 SET sql_mode              = 'NO_ENGINE_SUBSTITUTION' */ ;
DELIMITER ;;
CREATE DEFINER=`root`@`localhost` PROCEDURE `completeAdmission`( IN aRegistrationId INT)
BEGIN

START TRANSACTION;

UPDATE admission_mt 
SET isComplete = 1 
WHERE registration_id = aRegistrationId;


END ;;
DELIMITER ;
/*!50003 SET sql_mode              = @saved_sql_mode */ ;
/*!50003 SET character_set_client  = @saved_cs_client */ ;
/*!50003 SET character_set_results = @saved_cs_results */ ;
/*!50003 SET collation_connection  = @saved_col_connection */ ;
/*!50003 DROP PROCEDURE IF EXISTS `countFacultySpecialization` */;
/*!50003 SET @saved_cs_client      = @@character_set_client */ ;
/*!50003 SET @saved_cs_results     = @@character_set_results */ ;
/*!50003 SET @saved_col_connection = @@collation_connection */ ;
/*!50003 SET character_set_client  = utf8 */ ;
/*!50003 SET character_set_results = utf8 */ ;
/*!50003 SET collation_connection  = utf8_general_ci */ ;
/*!50003 SET @saved_sql_mode       = @@sql_mode */ ;
/*!50003 SET sql_mode              = 'NO_ENGINE_SUBSTITUTION' */ ;
DELIMITER ;;
CREATE DEFINER=`root`@`localhost` PROCEDURE `countFacultySpecialization`(
IN pIN_facultyId INT, OUT pOUT_count INT
)
BEGIN

SELECT COUNT(*) INTO pOUT_count FROM faculty_specialization WHERE faculty_id = pIN_facultyId;
SELECT pOUT_count;

END ;;
DELIMITER ;
/*!50003 SET sql_mode              = @saved_sql_mode */ ;
/*!50003 SET character_set_client  = @saved_cs_client */ ;
/*!50003 SET character_set_results = @saved_cs_results */ ;
/*!50003 SET collation_connection  = @saved_col_connection */ ;
/*!50003 DROP PROCEDURE IF EXISTS `countStudentGradeByGradingId` */;
/*!50003 SET @saved_cs_client      = @@character_set_client */ ;
/*!50003 SET @saved_cs_results     = @@character_set_results */ ;
/*!50003 SET @saved_col_connection = @@collation_connection */ ;
/*!50003 SET character_set_client  = utf8 */ ;
/*!50003 SET character_set_results = utf8 */ ;
/*!50003 SET collation_connection  = utf8_general_ci */ ;
/*!50003 SET @saved_sql_mode       = @@sql_mode */ ;
/*!50003 SET sql_mode              = 'NO_ENGINE_SUBSTITUTION' */ ;
DELIMITER ;;
CREATE DEFINER=`root`@`localhost` PROCEDURE `countStudentGradeByGradingId`(IN pIN_gradingPeriodId INT)
BEGIN
	
    SELECT COUNT(*) FROM grade
	WHERE gradingperiod_id = pIN_gradingPeriodId;

END ;;
DELIMITER ;
/*!50003 SET sql_mode              = @saved_sql_mode */ ;
/*!50003 SET character_set_client  = @saved_cs_client */ ;
/*!50003 SET character_set_results = @saved_cs_results */ ;
/*!50003 SET collation_connection  = @saved_col_connection */ ;
/*!50003 DROP PROCEDURE IF EXISTS `createCurriculumSubjects` */;
/*!50003 SET @saved_cs_client      = @@character_set_client */ ;
/*!50003 SET @saved_cs_results     = @@character_set_results */ ;
/*!50003 SET @saved_col_connection = @@collation_connection */ ;
/*!50003 SET character_set_client  = utf8 */ ;
/*!50003 SET character_set_results = utf8 */ ;
/*!50003 SET collation_connection  = utf8_general_ci */ ;
/*!50003 SET @saved_sql_mode       = @@sql_mode */ ;
/*!50003 SET sql_mode              = 'NO_ENGINE_SUBSTITUTION' */ ;
DELIMITER ;;
CREATE DEFINER=`root`@`localhost` PROCEDURE `createCurriculumSubjects`(
	IN pIN_curriculumId INT,
    IN pIN_subjectId INT,
    IN pIN_subjectHours DOUBLE,
    IN pIN_gradeLevelId INT
)
BEGIN
	
    DECLARE EXIT HANDLER FOR SQLEXCEPTION, SQLWARNING
    BEGIN
		ROLLBACK;
			SELECT "Failed creating Curriculum with Subjects";
        RESIGNAL;
    END;
		
    START TRANSACTION;    
        
	INSERT INTO curriculum_subject_lt(curriculum_id, subject_id, subject_hours, gradelevel_id)
	VALUES(pIN_curriculumId, pIN_subjectId,pIN_subjectHours, pIN_gradeLevelId);
	
    UPDATE subject_mt SET isAdded = 1
    WHERE subject_mt.subject_id = pIN_subjectId;
    
    COMMIT;
    
	SELECT 'Successfully added curriculum with subject' AS msg;
    
END ;;
DELIMITER ;
/*!50003 SET sql_mode              = @saved_sql_mode */ ;
/*!50003 SET character_set_client  = @saved_cs_client */ ;
/*!50003 SET character_set_results = @saved_cs_results */ ;
/*!50003 SET collation_connection  = @saved_col_connection */ ;
/*!50003 DROP PROCEDURE IF EXISTS `createDiscount` */;
/*!50003 SET @saved_cs_client      = @@character_set_client */ ;
/*!50003 SET @saved_cs_results     = @@character_set_results */ ;
/*!50003 SET @saved_col_connection = @@collation_connection */ ;
/*!50003 SET character_set_client  = utf8 */ ;
/*!50003 SET character_set_results = utf8 */ ;
/*!50003 SET collation_connection  = utf8_general_ci */ ;
/*!50003 SET @saved_sql_mode       = @@sql_mode */ ;
/*!50003 SET sql_mode              = 'NO_ENGINE_SUBSTITUTION' */ ;
DELIMITER ;;
CREATE DEFINER=`root`@`localhost` PROCEDURE `createDiscount`(
aDiscountName VARCHAR(255), aPercentage INT, aDescription VARCHAR(255),
aCreatedByUserId INT, aProvision VARCHAR(255)
)
BEGIN

INSERT INTO discount_mt(discount_name, percentage, description, created_by_user_id,provision)
VALUES(aDiscountName, aPercentage, aDescription, aCreatedByUserId, aProvision);

END ;;
DELIMITER ;
/*!50003 SET sql_mode              = @saved_sql_mode */ ;
/*!50003 SET character_set_client  = @saved_cs_client */ ;
/*!50003 SET character_set_results = @saved_cs_results */ ;
/*!50003 SET collation_connection  = @saved_col_connection */ ;
/*!50003 DROP PROCEDURE IF EXISTS `createSection` */;
/*!50003 SET @saved_cs_client      = @@character_set_client */ ;
/*!50003 SET @saved_cs_results     = @@character_set_results */ ;
/*!50003 SET @saved_col_connection = @@collation_connection */ ;
/*!50003 SET character_set_client  = utf8 */ ;
/*!50003 SET character_set_results = utf8 */ ;
/*!50003 SET collation_connection  = utf8_general_ci */ ;
/*!50003 SET @saved_sql_mode       = @@sql_mode */ ;
/*!50003 SET sql_mode              = 'NO_ENGINE_SUBSTITUTION' */ ;
DELIMITER ;;
CREATE DEFINER=`root`@`localhost` PROCEDURE `createSection`(IN pIN_sectionName VARCHAR(50), OUT pOUT_sectionId INT)
BEGIN
	
    INSERT INTO section_mt (sectionName)
    VALUES (pIN_sectionName);
    
    SET pOUT_sectionId = LAST_INSERT_ID();

END ;;
DELIMITER ;
/*!50003 SET sql_mode              = @saved_sql_mode */ ;
/*!50003 SET character_set_client  = @saved_cs_client */ ;
/*!50003 SET character_set_results = @saved_cs_results */ ;
/*!50003 SET collation_connection  = @saved_col_connection */ ;
/*!50003 DROP PROCEDURE IF EXISTS `createSectionSettings` */;
/*!50003 SET @saved_cs_client      = @@character_set_client */ ;
/*!50003 SET @saved_cs_results     = @@character_set_results */ ;
/*!50003 SET @saved_col_connection = @@collation_connection */ ;
/*!50003 SET character_set_client  = utf8 */ ;
/*!50003 SET character_set_results = utf8 */ ;
/*!50003 SET collation_connection  = utf8_general_ci */ ;
/*!50003 SET @saved_sql_mode       = @@sql_mode */ ;
/*!50003 SET sql_mode              = 'NO_ENGINE_SUBSTITUTION' */ ;
DELIMITER ;;
CREATE DEFINER=`root`@`localhost` PROCEDURE `createSectionSettings`(
IN pIN_sectionId INT,
IN pIN_schoolYearId INT,
IN pIN_gradeLevelId INT,
IN pIN_sessionId INT,
IN pIN_adviserId INT,
IN pIN_requiredAverage VARCHAR(150)
)
BEGIN


    DECLARE CONTINUE HANDLER FOR SQLEXCEPTION
    BEGIN
		ROLLBACK;
			SELECT "Failed creating section settings";
        RESIGNAL;
    END;
    
    START TRANSACTION;
    
    IF (pIN_adviserId = 0) THEN
    
		INSERT INTO section_settings_lt (section_id, schoolyear_id, gradelevel_id, session_id, requiredAverage, adviser_id)
		VALUES (pIN_sectionId, pIN_schoolYearId, pIN_gradeLevelId, pIN_sessionId, pIN_requiredAverage, NULL);
    
    ELSE
    
		INSERT INTO section_settings_lt (section_id, schoolyear_id, gradelevel_id, session_id, requiredAverage, adviser_id)
		VALUES (pIN_sectionId, pIN_schoolYearId, pIN_gradeLevelId, pIN_sessionId, pIN_requiredAverage, pIN_adviserId);
    
    END IF;
    COMMIT;

END ;;
DELIMITER ;
/*!50003 SET sql_mode              = @saved_sql_mode */ ;
/*!50003 SET character_set_client  = @saved_cs_client */ ;
/*!50003 SET character_set_results = @saved_cs_results */ ;
/*!50003 SET collation_connection  = @saved_col_connection */ ;
/*!50003 DROP PROCEDURE IF EXISTS `createStudentGrade` */;
/*!50003 SET @saved_cs_client      = @@character_set_client */ ;
/*!50003 SET @saved_cs_results     = @@character_set_results */ ;
/*!50003 SET @saved_col_connection = @@collation_connection */ ;
/*!50003 SET character_set_client  = utf8 */ ;
/*!50003 SET character_set_results = utf8 */ ;
/*!50003 SET collation_connection  = utf8_general_ci */ ;
/*!50003 SET @saved_sql_mode       = @@sql_mode */ ;
/*!50003 SET sql_mode              = 'NO_ENGINE_SUBSTITUTION' */ ;
DELIMITER ;;
CREATE DEFINER=`root`@`localhost` PROCEDURE `createStudentGrade`(
	IN pIN_subjectId INT,
    IN pIN_grade VARCHAR(10),
    IN pIN_schoolyearId INT,
    IN pIN_gradingperiodId INT,
    IN pIN_studentId INT
)
BEGIN
	
  DECLARE tempGradeId INT;
	
    START TRANSACTION;
    
    IF(pIN_grade = 0.0) THEN
		
		INSERT INTO grade (subject_id, grade, schoolyear_id, gradingperiod_id)
		VALUES (pIN_subjectId, NULL, pIN_schoolyearId, pIN_gradingperiodId);
    
		SET tempGradeId = LAST_INSERT_ID();
    
		INSERT INTO student_grade (student_id, grade_id)
		VALUES (pIN_studentId, tempGradeId); 
    
    ELSE
    
		INSERT INTO grade (subject_id, grade, schoolyear_id, gradingperiod_id)
		VALUES (pIN_subjectId, pIN_grade, pIN_schoolyearId, pIN_gradingperiodId);
    
		SET tempGradeId = LAST_INSERT_ID();
    
		INSERT INTO student_grade (student_id, grade_id)
		VALUES (pIN_studentId, tempGradeId); 
    
    END IF;
    
    COMMIT;
  
END ;;
DELIMITER ;
/*!50003 SET sql_mode              = @saved_sql_mode */ ;
/*!50003 SET character_set_client  = @saved_cs_client */ ;
/*!50003 SET character_set_results = @saved_cs_results */ ;
/*!50003 SET collation_connection  = @saved_col_connection */ ;
/*!50003 DROP PROCEDURE IF EXISTS `createStudentSection` */;
/*!50003 SET @saved_cs_client      = @@character_set_client */ ;
/*!50003 SET @saved_cs_results     = @@character_set_results */ ;
/*!50003 SET @saved_col_connection = @@collation_connection */ ;
/*!50003 SET character_set_client  = utf8 */ ;
/*!50003 SET character_set_results = utf8 */ ;
/*!50003 SET collation_connection  = utf8_general_ci */ ;
/*!50003 SET @saved_sql_mode       = @@sql_mode */ ;
/*!50003 SET sql_mode              = 'NO_ENGINE_SUBSTITUTION' */ ;
DELIMITER ;;
CREATE DEFINER=`root`@`localhost` PROCEDURE `createStudentSection`(IN pIN_sectionId INT, IN pIN_studentId INT, IN pIN_schoolYearId INT)
BEGIN
	
    DECLARE EXIT HANDLER FOR SQLEXCEPTION
    BEGIN
		ROLLBACK;
			SELECT 'Failed student section';
        RESIGNAL;
    END;
    
    START TRANSACTION;
    
		INSERT INTO section_student (section_id, student_id, schoolyear_id) 
        VALUES (pIN_sectionId, pIN_studentId, pIN_schoolYearId);
        
        UPDATE schoolyear_student_lt SET section_id = pIN_sectionId
        WHERE student_id = pIN_studentId
        AND schoolyear_id = pIN_schoolYearId
        AND schoolyear_student_lt.isActive = 1;
        
    COMMIT;	
    
END ;;
DELIMITER ;
/*!50003 SET sql_mode              = @saved_sql_mode */ ;
/*!50003 SET character_set_client  = @saved_cs_client */ ;
/*!50003 SET character_set_results = @saved_cs_results */ ;
/*!50003 SET collation_connection  = @saved_col_connection */ ;
/*!50003 DROP PROCEDURE IF EXISTS `createStudentSummer` */;
/*!50003 SET @saved_cs_client      = @@character_set_client */ ;
/*!50003 SET @saved_cs_results     = @@character_set_results */ ;
/*!50003 SET @saved_col_connection = @@collation_connection */ ;
/*!50003 SET character_set_client  = utf8 */ ;
/*!50003 SET character_set_results = utf8 */ ;
/*!50003 SET collation_connection  = utf8_general_ci */ ;
/*!50003 SET @saved_sql_mode       = @@sql_mode */ ;
/*!50003 SET sql_mode              = 'NO_ENGINE_SUBSTITUTION' */ ;
DELIMITER ;;
CREATE DEFINER=`root`@`localhost` PROCEDURE `createStudentSummer`(
IN pIN_schoolyearId INT,
IN pIN_studentId INT,
IN pIN_gradeLevelId INT,
IN pIN_subjectId INT,
IN pIN_studentGrade DOUBLE
)
BEGIN
	
    DECLARE tempSummerId DOUBLE;
    
	START TRANSACTION;
	
    INSERT INTO student_summer (student_id, schoolyear_id, gradelevel_id)
	VALUES (pIN_studentId, pIN_schoolyearId, pIN_gradeLevelId);
		
	SET tempSummerId = LAST_INSERT_ID();
    
    IF (pIN_studentGrade >= 75) THEN
        
		INSERT INTO student_summer_grade (student_summer_id, subject_id, grade, isPassed)
		VALUES (tempSummerId, pIN_subjectId, pIN_studentGrade, true);
		
        INSERT INTO grade (subject_id, schoolyear_id, gwa)
        VALUES (pIN_subjectId, pIN_schoolyearId, pIN_studentGrade);
        
    ELSE
    
		INSERT INTO student_summer_grade (student_summer_id, subject_id, grade, isPassed)
		VALUES (tempSummerId, pIN_subjectId, pIN_studentGrade, false);
    
    END IF;
    
    COMMIT;
    
END ;;
DELIMITER ;
/*!50003 SET sql_mode              = @saved_sql_mode */ ;
/*!50003 SET character_set_client  = @saved_cs_client */ ;
/*!50003 SET character_set_results = @saved_cs_results */ ;
/*!50003 SET collation_connection  = @saved_col_connection */ ;
/*!50003 DROP PROCEDURE IF EXISTS `createSubject` */;
/*!50003 SET @saved_cs_client      = @@character_set_client */ ;
/*!50003 SET @saved_cs_results     = @@character_set_results */ ;
/*!50003 SET @saved_col_connection = @@collation_connection */ ;
/*!50003 SET character_set_client  = utf8 */ ;
/*!50003 SET character_set_results = utf8 */ ;
/*!50003 SET collation_connection  = utf8_general_ci */ ;
/*!50003 SET @saved_sql_mode       = @@sql_mode */ ;
/*!50003 SET sql_mode              = 'NO_ENGINE_SUBSTITUTION' */ ;
DELIMITER ;;
CREATE DEFINER=`root`@`localhost` PROCEDURE `createSubject`(
	IN pIN_subjectCode VARCHAR(250), 
    IN pIN_subjectTitle VARCHAR(250), 
    IN pIN_subjectDescription VARCHAR(250),
    OUT pOUT_subjectId INT,
    IN pIN_gradeLevelId INT,
    IN pIN_schoolyearId INT
)
BEGIN
	
    DECLARE EXIT HANDLER FOR SQLEXCEPTION
    BEGIN
		ROLLBACK;
			SELECT "Failed creating subject";
        RESIGNAL;
    END;
	
    START TRANSACTION;
    
	INSERT INTO subject_mt(`code`,title,description,isActive)
	VALUES(pIN_subjectCode, pIN_subjectTitle, pIN_subjectDescription, TRUE);
			
	SET pOUT_subjectId = LAST_INSERT_ID();
    
	INSERT INTO subject_gradelevel_lt (subject_id, gradelevel_id,`year_created_schoolyear_id`)
	VALUES (pOUT_subjectId,pIN_gradeLevelId,pIN_schoolyearId);
			
	COMMIT;
        

END ;;
DELIMITER ;
/*!50003 SET sql_mode              = @saved_sql_mode */ ;
/*!50003 SET character_set_client  = @saved_cs_client */ ;
/*!50003 SET character_set_results = @saved_cs_results */ ;
/*!50003 SET collation_connection  = @saved_col_connection */ ;
/*!50003 DROP PROCEDURE IF EXISTS `createTuitionFee` */;
/*!50003 SET @saved_cs_client      = @@character_set_client */ ;
/*!50003 SET @saved_cs_results     = @@character_set_results */ ;
/*!50003 SET @saved_col_connection = @@collation_connection */ ;
/*!50003 SET character_set_client  = utf8 */ ;
/*!50003 SET character_set_results = utf8 */ ;
/*!50003 SET collation_connection  = utf8_general_ci */ ;
/*!50003 SET @saved_sql_mode       = @@sql_mode */ ;
/*!50003 SET sql_mode              = 'NO_ENGINE_SUBSTITUTION' */ ;
DELIMITER ;;
CREATE DEFINER=`root`@`localhost` PROCEDURE `createTuitionFee`(aFeeTitle VARCHAR(100),aFeeAmount DECIMAL, aFeeDescription TEXT, aFeeTypeId INT,aGradeLevelId INT, aSchoolYearId INT, aAddedByUserId INT, aLastEditedByUserId INT)
BEGIN
	
    DECLARE myFeeId INT;
    DECLARE myTuitionId INT;
    DECLARE EXIT HANDLER FOR sqlexception
    BEGIN
		ROLLBACK;
        SELECT 'error occured' AS msg;
        RESIGNAL;
    END;

	START TRANSACTION;
	
    IF NOT EXISTS(SELECT id FROM tuition WHERE gradelevel_id = aGradeLevelId AND schoolyear_id = aSchoolYearId)
    THEN
		INSERT INTO tuition(gradelevel_id,schoolyear_id)VALUES(aGradeLevelId,aSchoolYearId);
        
        SELECT LAST_INSERT_ID() INTO myTuitionId;
        INSERT INTO fees(title, amount, description, feetype_id)
    VALUES(aFeeTitle,aFeeAmount,aFeeDescription,aFeeTypeId);
    
    
	SELECT LAST_INSERT_ID() INTO myFeeId;
    
    INSERT INTO fees_hd(fees_id, addedByUserId, lastEditedByUserId, dateLastEdited)
    VALUES(myFeeId,aAddedByUserId,aLastEditedByUserId,CURRENT_TIMESTAMP);
    
    INSERT INTO tuition_fee(fees_id, tuition_id)
    VALUES(myFeeId,myTuitionId);
    
    
    ELSE
		
		SELECT t.id INTO myTuitionId FROM tuition t WHERE t.gradelevel_id = aGradeLevelId AND t.schoolyear_id = aSchoolYearId;
    
    
    INSERT INTO fees(title, amount, description, feetype_id)
    VALUES(aFeeTitle,aFeeAmount,aFeeDescription,aFeeTypeId);
    SELECT LAST_INSERT_ID() INTO myFeeId;
    INSERT INTO fees_hd(fees_id, addedByUserId, lastEditedByUserId, dateLastEdited)
    VALUES(myFeeId,aAddedByUserId,aLastEditedByUserId,CURRENT_TIMESTAMP);
    
    
    INSERT INTO tuition_fee(fees_id, tuition_id)
    VALUES(myFeeId,myTuitionId);
    
    END IF;
    
    COMMIT;
END ;;
DELIMITER ;
/*!50003 SET sql_mode              = @saved_sql_mode */ ;
/*!50003 SET character_set_client  = @saved_cs_client */ ;
/*!50003 SET character_set_results = @saved_cs_results */ ;
/*!50003 SET collation_connection  = @saved_col_connection */ ;
/*!50003 DROP PROCEDURE IF EXISTS `credentialAlreadyExists` */;
/*!50003 SET @saved_cs_client      = @@character_set_client */ ;
/*!50003 SET @saved_cs_results     = @@character_set_results */ ;
/*!50003 SET @saved_col_connection = @@collation_connection */ ;
/*!50003 SET character_set_client  = utf8 */ ;
/*!50003 SET character_set_results = utf8 */ ;
/*!50003 SET collation_connection  = utf8_general_ci */ ;
/*!50003 SET @saved_sql_mode       = @@sql_mode */ ;
/*!50003 SET sql_mode              = 'NO_AUTO_CREATE_USER,NO_ENGINE_SUBSTITUTION' */ ;
DELIMITER ;;
CREATE DEFINER=`root`@`localhost` PROCEDURE `credentialAlreadyExists`(aCredentialName VARCHAR(255))
BEGIN

SELECT * FROM credentials_mt WHERE credential_name = aCredentialName;


END ;;
DELIMITER ;
/*!50003 SET sql_mode              = @saved_sql_mode */ ;
/*!50003 SET character_set_client  = @saved_cs_client */ ;
/*!50003 SET character_set_results = @saved_cs_results */ ;
/*!50003 SET collation_connection  = @saved_col_connection */ ;
/*!50003 DROP PROCEDURE IF EXISTS `curriculumExists` */;
/*!50003 SET @saved_cs_client      = @@character_set_client */ ;
/*!50003 SET @saved_cs_results     = @@character_set_results */ ;
/*!50003 SET @saved_col_connection = @@collation_connection */ ;
/*!50003 SET character_set_client  = utf8 */ ;
/*!50003 SET character_set_results = utf8 */ ;
/*!50003 SET collation_connection  = utf8_general_ci */ ;
/*!50003 SET @saved_sql_mode       = @@sql_mode */ ;
/*!50003 SET sql_mode              = 'NO_ENGINE_SUBSTITUTION' */ ;
DELIMITER ;;
CREATE DEFINER=`root`@`localhost` PROCEDURE `curriculumExists`(IN aGradeLevelId INT, IN aSchoolYearId INT)
BEGIN
	select * from curriculum_mt where gradelevel_id = aGradeLevelId AND schoolyear_id = aSchoolYearId;
END ;;
DELIMITER ;
/*!50003 SET sql_mode              = @saved_sql_mode */ ;
/*!50003 SET character_set_client  = @saved_cs_client */ ;
/*!50003 SET character_set_results = @saved_cs_results */ ;
/*!50003 SET collation_connection  = @saved_col_connection */ ;
/*!50003 DROP PROCEDURE IF EXISTS `deactivateAllStudents` */;
/*!50003 SET @saved_cs_client      = @@character_set_client */ ;
/*!50003 SET @saved_cs_results     = @@character_set_results */ ;
/*!50003 SET @saved_col_connection = @@collation_connection */ ;
/*!50003 SET character_set_client  = utf8 */ ;
/*!50003 SET character_set_results = utf8 */ ;
/*!50003 SET collation_connection  = utf8_general_ci */ ;
/*!50003 SET @saved_sql_mode       = @@sql_mode */ ;
/*!50003 SET sql_mode              = 'NO_ENGINE_SUBSTITUTION' */ ;
DELIMITER ;;
CREATE DEFINER=`root`@`localhost` PROCEDURE `deactivateAllStudents`()
BEGIN
-- Use this stored proc with closeSchoolYear() stored proc
-- All students of a schoolyear are deactivated once the schoolyear is closed
UPDATE student_mt SET isActive = 0 WHERE 
(student_id >= 1 AND isActive = 1);

END ;;
DELIMITER ;
/*!50003 SET sql_mode              = @saved_sql_mode */ ;
/*!50003 SET character_set_client  = @saved_cs_client */ ;
/*!50003 SET character_set_results = @saved_cs_results */ ;
/*!50003 SET collation_connection  = @saved_col_connection */ ;
/*!50003 DROP PROCEDURE IF EXISTS `deactivateGradeLevel` */;
/*!50003 SET @saved_cs_client      = @@character_set_client */ ;
/*!50003 SET @saved_cs_results     = @@character_set_results */ ;
/*!50003 SET @saved_col_connection = @@collation_connection */ ;
/*!50003 SET character_set_client  = utf8 */ ;
/*!50003 SET character_set_results = utf8 */ ;
/*!50003 SET collation_connection  = utf8_general_ci */ ;
/*!50003 SET @saved_sql_mode       = @@sql_mode */ ;
/*!50003 SET sql_mode              = 'NO_ENGINE_SUBSTITUTION' */ ;
DELIMITER ;;
CREATE DEFINER=`root`@`localhost` PROCEDURE `deactivateGradeLevel`(IN aGradeLevelId INT)
BEGIN
	DECLARE EXIT HANDLER FOR sqlexception
    BEGIN
		ROLLBACK;
        RESIGNAL;
    END;
    
    
    START TRANSACTION;

	UPDATE gradelevel_mt SET isActive = 0
    WHERE gradelevel_id = aGradeLevelId;
    
    COMMIT;
END ;;
DELIMITER ;
/*!50003 SET sql_mode              = @saved_sql_mode */ ;
/*!50003 SET character_set_client  = @saved_cs_client */ ;
/*!50003 SET character_set_results = @saved_cs_results */ ;
/*!50003 SET collation_connection  = @saved_col_connection */ ;
/*!50003 DROP PROCEDURE IF EXISTS `deleteAllCurriculumSubjects` */;
/*!50003 SET @saved_cs_client      = @@character_set_client */ ;
/*!50003 SET @saved_cs_results     = @@character_set_results */ ;
/*!50003 SET @saved_col_connection = @@collation_connection */ ;
/*!50003 SET character_set_client  = utf8 */ ;
/*!50003 SET character_set_results = utf8 */ ;
/*!50003 SET collation_connection  = utf8_general_ci */ ;
/*!50003 SET @saved_sql_mode       = @@sql_mode */ ;
/*!50003 SET sql_mode              = 'NO_ENGINE_SUBSTITUTION' */ ;
DELIMITER ;;
CREATE DEFINER=`root`@`localhost` PROCEDURE `deleteAllCurriculumSubjects`(IN p_curriculumId INT, IN p_subjectId INT)
BEGIN

	DELETE FROM curriculum_subjects WHERE curriculumId = p_curriculumId;
END ;;
DELIMITER ;
/*!50003 SET sql_mode              = @saved_sql_mode */ ;
/*!50003 SET character_set_client  = @saved_cs_client */ ;
/*!50003 SET character_set_results = @saved_cs_results */ ;
/*!50003 SET collation_connection  = @saved_col_connection */ ;
/*!50003 DROP PROCEDURE IF EXISTS `deleteAllCurriculumSubjectsOf` */;
/*!50003 SET @saved_cs_client      = @@character_set_client */ ;
/*!50003 SET @saved_cs_results     = @@character_set_results */ ;
/*!50003 SET @saved_col_connection = @@collation_connection */ ;
/*!50003 SET character_set_client  = utf8 */ ;
/*!50003 SET character_set_results = utf8 */ ;
/*!50003 SET collation_connection  = utf8_general_ci */ ;
/*!50003 SET @saved_sql_mode       = @@sql_mode */ ;
/*!50003 SET sql_mode              = 'NO_ENGINE_SUBSTITUTION' */ ;
DELIMITER ;;
CREATE DEFINER=`root`@`localhost` PROCEDURE `deleteAllCurriculumSubjectsOf`(p_curriculumId INT)
BEGIN
	DELETE FROM curriculum_subjects WHERE curriculumId = p_curriculumId;
END ;;
DELIMITER ;
/*!50003 SET sql_mode              = @saved_sql_mode */ ;
/*!50003 SET character_set_client  = @saved_cs_client */ ;
/*!50003 SET character_set_results = @saved_cs_results */ ;
/*!50003 SET collation_connection  = @saved_col_connection */ ;
/*!50003 DROP PROCEDURE IF EXISTS `deleteAllGrades` */;
/*!50003 SET @saved_cs_client      = @@character_set_client */ ;
/*!50003 SET @saved_cs_results     = @@character_set_results */ ;
/*!50003 SET @saved_col_connection = @@collation_connection */ ;
/*!50003 SET character_set_client  = utf8 */ ;
/*!50003 SET character_set_results = utf8 */ ;
/*!50003 SET collation_connection  = utf8_general_ci */ ;
/*!50003 SET @saved_sql_mode       = @@sql_mode */ ;
/*!50003 SET sql_mode              = 'NO_ENGINE_SUBSTITUTION' */ ;
DELIMITER ;;
CREATE DEFINER=`root`@`localhost` PROCEDURE `deleteAllGrades`()
BEGIN

DELETE FROM grade WHERE grade_id >= 1;

END ;;
DELIMITER ;
/*!50003 SET sql_mode              = @saved_sql_mode */ ;
/*!50003 SET character_set_client  = @saved_cs_client */ ;
/*!50003 SET character_set_results = @saved_cs_results */ ;
/*!50003 SET collation_connection  = @saved_col_connection */ ;
/*!50003 DROP PROCEDURE IF EXISTS `deleteCreatedCurriculumById` */;
/*!50003 SET @saved_cs_client      = @@character_set_client */ ;
/*!50003 SET @saved_cs_results     = @@character_set_results */ ;
/*!50003 SET @saved_col_connection = @@collation_connection */ ;
/*!50003 SET character_set_client  = utf8 */ ;
/*!50003 SET character_set_results = utf8 */ ;
/*!50003 SET collation_connection  = utf8_general_ci */ ;
/*!50003 SET @saved_sql_mode       = @@sql_mode */ ;
/*!50003 SET sql_mode              = 'NO_ENGINE_SUBSTITUTION' */ ;
DELIMITER ;;
CREATE DEFINER=`root`@`localhost` PROCEDURE `deleteCreatedCurriculumById`(IN pIN_curriculumId INT)
BEGIN
	
    DELETE FROM curriculum_subject_lt WHERE curriculum_id = pIN_curriculumId;
    
END ;;
DELIMITER ;
/*!50003 SET sql_mode              = @saved_sql_mode */ ;
/*!50003 SET character_set_client  = @saved_cs_client */ ;
/*!50003 SET character_set_results = @saved_cs_results */ ;
/*!50003 SET collation_connection  = @saved_col_connection */ ;
/*!50003 DROP PROCEDURE IF EXISTS `deleteCurriculumById` */;
/*!50003 SET @saved_cs_client      = @@character_set_client */ ;
/*!50003 SET @saved_cs_results     = @@character_set_results */ ;
/*!50003 SET @saved_col_connection = @@collation_connection */ ;
/*!50003 SET character_set_client  = utf8 */ ;
/*!50003 SET character_set_results = utf8 */ ;
/*!50003 SET collation_connection  = utf8_general_ci */ ;
/*!50003 SET @saved_sql_mode       = @@sql_mode */ ;
/*!50003 SET sql_mode              = 'NO_ENGINE_SUBSTITUTION' */ ;
DELIMITER ;;
CREATE DEFINER=`root`@`localhost` PROCEDURE `deleteCurriculumById`(IN pIN_curriculumId INT)
BEGIN
	
    DELETE FROM curriculum_subject_lt 
    WHERE curriculum_id = pIN_curriculumId;
END ;;
DELIMITER ;
/*!50003 SET sql_mode              = @saved_sql_mode */ ;
/*!50003 SET character_set_client  = @saved_cs_client */ ;
/*!50003 SET character_set_results = @saved_cs_results */ ;
/*!50003 SET collation_connection  = @saved_col_connection */ ;
/*!50003 DROP PROCEDURE IF EXISTS `deleteDiscount` */;
/*!50003 SET @saved_cs_client      = @@character_set_client */ ;
/*!50003 SET @saved_cs_results     = @@character_set_results */ ;
/*!50003 SET @saved_col_connection = @@collation_connection */ ;
/*!50003 SET character_set_client  = utf8 */ ;
/*!50003 SET character_set_results = utf8 */ ;
/*!50003 SET collation_connection  = utf8_general_ci */ ;
/*!50003 SET @saved_sql_mode       = @@sql_mode */ ;
/*!50003 SET sql_mode              = 'NO_ENGINE_SUBSTITUTION' */ ;
DELIMITER ;;
CREATE DEFINER=`root`@`localhost` PROCEDURE `deleteDiscount`(aDiscountId INT)
BEGIN
	DELETE FROM discount WHERE discount_id = aDiscountId;
END ;;
DELIMITER ;
/*!50003 SET sql_mode              = @saved_sql_mode */ ;
/*!50003 SET character_set_client  = @saved_cs_client */ ;
/*!50003 SET character_set_results = @saved_cs_results */ ;
/*!50003 SET collation_connection  = @saved_col_connection */ ;
/*!50003 DROP PROCEDURE IF EXISTS `deleteFacultyClassHandledByFacultyIdSchoolYearId` */;
/*!50003 SET @saved_cs_client      = @@character_set_client */ ;
/*!50003 SET @saved_cs_results     = @@character_set_results */ ;
/*!50003 SET @saved_col_connection = @@collation_connection */ ;
/*!50003 SET character_set_client  = utf8 */ ;
/*!50003 SET character_set_results = utf8 */ ;
/*!50003 SET collation_connection  = utf8_general_ci */ ;
/*!50003 SET @saved_sql_mode       = @@sql_mode */ ;
/*!50003 SET sql_mode              = 'NO_ENGINE_SUBSTITUTION' */ ;
DELIMITER ;;
CREATE DEFINER=`root`@`localhost` PROCEDURE `deleteFacultyClassHandledByFacultyIdSchoolYearId`(aFacultyId INT, aSchoolYearId INT)
BEGIN

DELETE FROM faculty_classhandled 
WHERE faculty_id = aFacultyId
AND schoolyear_id = aSchoolYearId;

END ;;
DELIMITER ;
/*!50003 SET sql_mode              = @saved_sql_mode */ ;
/*!50003 SET character_set_client  = @saved_cs_client */ ;
/*!50003 SET character_set_results = @saved_cs_results */ ;
/*!50003 SET collation_connection  = @saved_col_connection */ ;
/*!50003 DROP PROCEDURE IF EXISTS `deleteFacultySpecialization` */;
/*!50003 SET @saved_cs_client      = @@character_set_client */ ;
/*!50003 SET @saved_cs_results     = @@character_set_results */ ;
/*!50003 SET @saved_col_connection = @@collation_connection */ ;
/*!50003 SET character_set_client  = utf8 */ ;
/*!50003 SET character_set_results = utf8 */ ;
/*!50003 SET collation_connection  = utf8_general_ci */ ;
/*!50003 SET @saved_sql_mode       = @@sql_mode */ ;
/*!50003 SET sql_mode              = 'NO_ENGINE_SUBSTITUTION' */ ;
DELIMITER ;;
CREATE DEFINER=`root`@`localhost` PROCEDURE `deleteFacultySpecialization`(IN pIN_facultyId INT)
BEGIN

DELETE FROM faculty_specialization WHERE faculty_specialization.faculty_id = pIN_facultyId;

END ;;
DELIMITER ;
/*!50003 SET sql_mode              = @saved_sql_mode */ ;
/*!50003 SET character_set_client  = @saved_cs_client */ ;
/*!50003 SET character_set_results = @saved_cs_results */ ;
/*!50003 SET collation_connection  = @saved_col_connection */ ;
/*!50003 DROP PROCEDURE IF EXISTS `deleteFee` */;
/*!50003 SET @saved_cs_client      = @@character_set_client */ ;
/*!50003 SET @saved_cs_results     = @@character_set_results */ ;
/*!50003 SET @saved_col_connection = @@collation_connection */ ;
/*!50003 SET character_set_client  = utf8 */ ;
/*!50003 SET character_set_results = utf8 */ ;
/*!50003 SET collation_connection  = utf8_general_ci */ ;
/*!50003 SET @saved_sql_mode       = @@sql_mode */ ;
/*!50003 SET sql_mode              = 'NO_ENGINE_SUBSTITUTION' */ ;
DELIMITER ;;
CREATE DEFINER=`root`@`localhost` PROCEDURE `deleteFee`(aFeeId INT)
BEGIN

DECLARE EXIT handler for sqlexception
BEGIN
	rollback;
    resignal;
END;

start transaction;

DELETE FROM fee_schoolyear_lt 
WHERE
    fee_id = aFeeId;
DELETE FROM fee_mt 
WHERE
    fee_id = aFeeId;
    
commit;
END ;;
DELIMITER ;
/*!50003 SET sql_mode              = @saved_sql_mode */ ;
/*!50003 SET character_set_client  = @saved_cs_client */ ;
/*!50003 SET character_set_results = @saved_cs_results */ ;
/*!50003 SET collation_connection  = @saved_col_connection */ ;
/*!50003 DROP PROCEDURE IF EXISTS `deleteFeeFromFeeSchoolYearById` */;
/*!50003 SET @saved_cs_client      = @@character_set_client */ ;
/*!50003 SET @saved_cs_results     = @@character_set_results */ ;
/*!50003 SET @saved_col_connection = @@collation_connection */ ;
/*!50003 SET character_set_client  = utf8 */ ;
/*!50003 SET character_set_results = utf8 */ ;
/*!50003 SET collation_connection  = utf8_general_ci */ ;
/*!50003 SET @saved_sql_mode       = @@sql_mode */ ;
/*!50003 SET sql_mode              = 'NO_ENGINE_SUBSTITUTION' */ ;
DELIMITER ;;
CREATE DEFINER=`root`@`localhost` PROCEDURE `deleteFeeFromFeeSchoolYearById`(aFeeId INT)
BEGIN

DELETE FROM fee_schoolyear_lt WHERE fee_id = aFeeId;

END ;;
DELIMITER ;
/*!50003 SET sql_mode              = @saved_sql_mode */ ;
/*!50003 SET character_set_client  = @saved_cs_client */ ;
/*!50003 SET character_set_results = @saved_cs_results */ ;
/*!50003 SET collation_connection  = @saved_col_connection */ ;
/*!50003 DROP PROCEDURE IF EXISTS `deleteGradeByStudentId` */;
/*!50003 SET @saved_cs_client      = @@character_set_client */ ;
/*!50003 SET @saved_cs_results     = @@character_set_results */ ;
/*!50003 SET @saved_col_connection = @@collation_connection */ ;
/*!50003 SET character_set_client  = utf8 */ ;
/*!50003 SET character_set_results = utf8 */ ;
/*!50003 SET collation_connection  = utf8_general_ci */ ;
/*!50003 SET @saved_sql_mode       = @@sql_mode */ ;
/*!50003 SET sql_mode              = 'NO_ENGINE_SUBSTITUTION' */ ;
DELIMITER ;;
CREATE DEFINER=`root`@`localhost` PROCEDURE `deleteGradeByStudentId`(IN pIN_studentId INT)
BEGIN
	
    DELETE student_grade, grade FROM student_grade
	INNER JOIN grade
	WHERE student_id = pIN_studentId
	AND isActive = 1;

END ;;
DELIMITER ;
/*!50003 SET sql_mode              = @saved_sql_mode */ ;
/*!50003 SET character_set_client  = @saved_cs_client */ ;
/*!50003 SET character_set_results = @saved_cs_results */ ;
/*!50003 SET collation_connection  = @saved_col_connection */ ;
/*!50003 DROP PROCEDURE IF EXISTS `deleteGradesBySubjectIdAndSchoolYearId` */;
/*!50003 SET @saved_cs_client      = @@character_set_client */ ;
/*!50003 SET @saved_cs_results     = @@character_set_results */ ;
/*!50003 SET @saved_col_connection = @@collation_connection */ ;
/*!50003 SET character_set_client  = utf8 */ ;
/*!50003 SET character_set_results = utf8 */ ;
/*!50003 SET collation_connection  = utf8_general_ci */ ;
/*!50003 SET @saved_sql_mode       = @@sql_mode */ ;
/*!50003 SET sql_mode              = 'NO_ENGINE_SUBSTITUTION' */ ;
DELIMITER ;;
CREATE DEFINER=`root`@`localhost` PROCEDURE `deleteGradesBySubjectIdAndSchoolYearId`(
aSubjectId INT, aSchoolYearId INT
)
BEGIN

DELETE FROM grade WHERE subject_id = aSubjectId AND schoolyear_id = aSchoolYearId;

END ;;
DELIMITER ;
/*!50003 SET sql_mode              = @saved_sql_mode */ ;
/*!50003 SET character_set_client  = @saved_cs_client */ ;
/*!50003 SET character_set_results = @saved_cs_results */ ;
/*!50003 SET collation_connection  = @saved_col_connection */ ;
/*!50003 DROP PROCEDURE IF EXISTS `deleteRegistrationCredentialBy` */;
/*!50003 SET @saved_cs_client      = @@character_set_client */ ;
/*!50003 SET @saved_cs_results     = @@character_set_results */ ;
/*!50003 SET @saved_col_connection = @@collation_connection */ ;
/*!50003 SET character_set_client  = utf8 */ ;
/*!50003 SET character_set_results = utf8 */ ;
/*!50003 SET collation_connection  = utf8_general_ci */ ;
/*!50003 SET @saved_sql_mode       = @@sql_mode */ ;
/*!50003 SET sql_mode              = 'NO_ENGINE_SUBSTITUTION' */ ;
DELIMITER ;;
CREATE DEFINER=`root`@`localhost` PROCEDURE `deleteRegistrationCredentialBy`(
aRegistrationId INT
)
BEGIN

DELETE FROM credentials_received_lt
WHERE registration_id = aRegistrationId;

END ;;
DELIMITER ;
/*!50003 SET sql_mode              = @saved_sql_mode */ ;
/*!50003 SET character_set_client  = @saved_cs_client */ ;
/*!50003 SET character_set_results = @saved_cs_results */ ;
/*!50003 SET collation_connection  = @saved_col_connection */ ;
/*!50003 DROP PROCEDURE IF EXISTS `deleteScheduleBySectionIdAndSchoolYearId` */;
/*!50003 SET @saved_cs_client      = @@character_set_client */ ;
/*!50003 SET @saved_cs_results     = @@character_set_results */ ;
/*!50003 SET @saved_col_connection = @@collation_connection */ ;
/*!50003 SET character_set_client  = utf8 */ ;
/*!50003 SET character_set_results = utf8 */ ;
/*!50003 SET collation_connection  = utf8_general_ci */ ;
/*!50003 SET @saved_sql_mode       = @@sql_mode */ ;
/*!50003 SET sql_mode              = 'NO_ENGINE_SUBSTITUTION' */ ;
DELIMITER ;;
CREATE DEFINER=`root`@`localhost` PROCEDURE `deleteScheduleBySectionIdAndSchoolYearId`(
aSectionId INT, aSchoolYearId INT)
BEGIN

DELETE FROM schedule_mt WHERE section_id = aSectionId
AND schoolyear_id = aSchoolYearId;

END ;;
DELIMITER ;
/*!50003 SET sql_mode              = @saved_sql_mode */ ;
/*!50003 SET character_set_client  = @saved_cs_client */ ;
/*!50003 SET character_set_results = @saved_cs_results */ ;
/*!50003 SET collation_connection  = @saved_col_connection */ ;
/*!50003 DROP PROCEDURE IF EXISTS `deleteStudentSectionById` */;
/*!50003 SET @saved_cs_client      = @@character_set_client */ ;
/*!50003 SET @saved_cs_results     = @@character_set_results */ ;
/*!50003 SET @saved_col_connection = @@collation_connection */ ;
/*!50003 SET character_set_client  = utf8 */ ;
/*!50003 SET character_set_results = utf8 */ ;
/*!50003 SET collation_connection  = utf8_general_ci */ ;
/*!50003 SET @saved_sql_mode       = @@sql_mode */ ;
/*!50003 SET sql_mode              = 'NO_ENGINE_SUBSTITUTION' */ ;
DELIMITER ;;
CREATE DEFINER=`root`@`localhost` PROCEDURE `deleteStudentSectionById`(IN pIN_sectionId INT)
BEGIN
	
    
    DELETE FROM section_student 
    WHERE section_id = pIN_sectionId;
    
    
END ;;
DELIMITER ;
/*!50003 SET sql_mode              = @saved_sql_mode */ ;
/*!50003 SET character_set_client  = @saved_cs_client */ ;
/*!50003 SET character_set_results = @saved_cs_results */ ;
/*!50003 SET collation_connection  = @saved_col_connection */ ;
/*!50003 DROP PROCEDURE IF EXISTS `delete_paymentterm_penalty_by_syId` */;
/*!50003 SET @saved_cs_client      = @@character_set_client */ ;
/*!50003 SET @saved_cs_results     = @@character_set_results */ ;
/*!50003 SET @saved_col_connection = @@collation_connection */ ;
/*!50003 SET character_set_client  = utf8 */ ;
/*!50003 SET character_set_results = utf8 */ ;
/*!50003 SET collation_connection  = utf8_general_ci */ ;
/*!50003 SET @saved_sql_mode       = @@sql_mode */ ;
/*!50003 SET sql_mode              = 'NO_ENGINE_SUBSTITUTION' */ ;
DELIMITER ;;
CREATE DEFINER=`root`@`localhost` PROCEDURE `delete_paymentterm_penalty_by_syId`(
aSchoolYearId INT
)
BEGIN

DELETE FROM paymentterm_penalty WHERE schoolyear_id = aSchoolYearId;

END ;;
DELIMITER ;
/*!50003 SET sql_mode              = @saved_sql_mode */ ;
/*!50003 SET character_set_client  = @saved_cs_client */ ;
/*!50003 SET character_set_results = @saved_cs_results */ ;
/*!50003 SET collation_connection  = @saved_col_connection */ ;
/*!50003 DROP PROCEDURE IF EXISTS `delete_paymentterm_period_paymentdeadline_by_sy` */;
/*!50003 SET @saved_cs_client      = @@character_set_client */ ;
/*!50003 SET @saved_cs_results     = @@character_set_results */ ;
/*!50003 SET @saved_col_connection = @@collation_connection */ ;
/*!50003 SET character_set_client  = utf8 */ ;
/*!50003 SET character_set_results = utf8 */ ;
/*!50003 SET collation_connection  = utf8_general_ci */ ;
/*!50003 SET @saved_sql_mode       = @@sql_mode */ ;
/*!50003 SET sql_mode              = 'NO_ENGINE_SUBSTITUTION' */ ;
DELIMITER ;;
CREATE DEFINER=`root`@`localhost` PROCEDURE `delete_paymentterm_period_paymentdeadline_by_sy`(
aSchoolYearId INT
)
BEGIN

DELETE FROM paymentterm_period_paymentdeadline WHERE schoolyear_id = aSchoolYearId;


END ;;
DELIMITER ;
/*!50003 SET sql_mode              = @saved_sql_mode */ ;
/*!50003 SET character_set_client  = @saved_cs_client */ ;
/*!50003 SET character_set_results = @saved_cs_results */ ;
/*!50003 SET collation_connection  = @saved_col_connection */ ;
/*!50003 DROP PROCEDURE IF EXISTS `enrollStudent` */;
/*!50003 SET @saved_cs_client      = @@character_set_client */ ;
/*!50003 SET @saved_cs_results     = @@character_set_results */ ;
/*!50003 SET @saved_col_connection = @@collation_connection */ ;
/*!50003 SET character_set_client  = utf8 */ ;
/*!50003 SET character_set_results = utf8 */ ;
/*!50003 SET collation_connection  = utf8_general_ci */ ;
/*!50003 SET @saved_sql_mode       = @@sql_mode */ ;
/*!50003 SET sql_mode              = 'NO_ENGINE_SUBSTITUTION' */ ;
DELIMITER ;;
CREATE DEFINER=`root`@`localhost` PROCEDURE `enrollStudent`(
aSchoolYearId INT, 
aStudentId INT, 
aGradeLevelId INT
)
BEGIN

	DECLARE aEnrollmentId INT;

	DECLARE EXIT HANDLER FOR SQLEXCEPTION
    BEGIN
		ROLLBACK;
        RESIGNAL;
    END;
    
    /* UPDATE student_mt SET isActive = 1 WHERE student_id = aStudentId;
	INSERT INTO schoolyear_student_lt (schoolyear_id,student_id,gradelevel_id)
    VALUES(aSchoolYearId, aStudentId, aGradeLevelId); */
    
    START TRANSACTION;
    
    SELECT enrollment_id INTO aEnrollmentId FROM enrollment_mt
    WHERE schoolyear_id = aSchoolYearId;
    
    UPDATE student_mt SET isActive = 1 WHERE student_id = aStudentId;
	INSERT INTO schoolyear_student_lt (schoolyear_id,student_id,gradelevel_id)
    VALUES(aSchoolYearId, aStudentId, aGradeLevelId);
    
    
    INSERT INTO enrollment_student_lt
    (enrollment_id, student_id, date_of_enrollment)
    VALUES(aEnrollmentId,aStudentId,CURDATE());
    
    IF CURDATE() < 
		(SELECT DATE(opening_date) 
			FROM enrollment_mt 
				WHERE schoolyear_id = aSchoolYearId)
		THEN 
		UPDATE enrollment_student_lt 
			SET isEarlyEnrollment = 1
				WHERE student_id = aStudentId;
    
	ELSEIF CURDATE() >
		(SELECT DATE(closing_date) 
			FROM enrollment_mt 
				WHERE schoolyear_id = aSchoolYearId)
		THEN
        UPDATE enrollment_student_lt 
			SET isLateEnrollment = 1
				WHERE student_id = aStudentId;
    END IF;
    
    COMMIT;
END ;;
DELIMITER ;
/*!50003 SET sql_mode              = @saved_sql_mode */ ;
/*!50003 SET character_set_client  = @saved_cs_client */ ;
/*!50003 SET character_set_results = @saved_cs_results */ ;
/*!50003 SET collation_connection  = @saved_col_connection */ ;
/*!50003 DROP PROCEDURE IF EXISTS `facultyhasAdvisory` */;
/*!50003 SET @saved_cs_client      = @@character_set_client */ ;
/*!50003 SET @saved_cs_results     = @@character_set_results */ ;
/*!50003 SET @saved_col_connection = @@collation_connection */ ;
/*!50003 SET character_set_client  = utf8 */ ;
/*!50003 SET character_set_results = utf8 */ ;
/*!50003 SET collation_connection  = utf8_general_ci */ ;
/*!50003 SET @saved_sql_mode       = @@sql_mode */ ;
/*!50003 SET sql_mode              = 'NO_ENGINE_SUBSTITUTION' */ ;
DELIMITER ;;
CREATE DEFINER=`root`@`localhost` PROCEDURE `facultyhasAdvisory`(pInFacultyId INT, pInSchoolYearId INT)
BEGIN

DECLARE count INT;
DECLARE hasAdvisory BOOLEAN;

SELECT COUNT(*) INTO count 
FROM section_settings_lt WHERE adviser_id = pInFacultyId
AND schoolyear_id = pInSchoolYearId;

IF (count > 0)
THEN SET hasAdvisory = TRUE;
ELSE SET hasAdvisory = FALSE;
ENd IF;

SELECT hasAdvisory;

END ;;
DELIMITER ;
/*!50003 SET sql_mode              = @saved_sql_mode */ ;
/*!50003 SET character_set_client  = @saved_cs_client */ ;
/*!50003 SET character_set_results = @saved_cs_results */ ;
/*!50003 SET collation_connection  = @saved_col_connection */ ;
/*!50003 DROP PROCEDURE IF EXISTS `facultyHasAMSchedule` */;
/*!50003 SET @saved_cs_client      = @@character_set_client */ ;
/*!50003 SET @saved_cs_results     = @@character_set_results */ ;
/*!50003 SET @saved_col_connection = @@collation_connection */ ;
/*!50003 SET character_set_client  = utf8 */ ;
/*!50003 SET character_set_results = utf8 */ ;
/*!50003 SET collation_connection  = utf8_general_ci */ ;
/*!50003 SET @saved_sql_mode       = @@sql_mode */ ;
/*!50003 SET sql_mode              = 'NO_ENGINE_SUBSTITUTION' */ ;
DELIMITER ;;
CREATE DEFINER=`root`@`localhost` PROCEDURE `facultyHasAMSchedule`(aSchoolYearId INT, aFacultyId INT)
BEGIN

SELECT 
CASE WHEN COUNT(*) = 0 
THEN FALSE 
ELSE TRUE
END AS hasAMSchedule
FROM schedule_mt 
WHERE faculty_id = aFacultyId 
AND schedule_session = 'AM'
AND schoolyear_id = aSchoolYearId;

END ;;
DELIMITER ;
/*!50003 SET sql_mode              = @saved_sql_mode */ ;
/*!50003 SET character_set_client  = @saved_cs_client */ ;
/*!50003 SET character_set_results = @saved_cs_results */ ;
/*!50003 SET collation_connection  = @saved_col_connection */ ;
/*!50003 DROP PROCEDURE IF EXISTS `facultyHasPMSchedule` */;
/*!50003 SET @saved_cs_client      = @@character_set_client */ ;
/*!50003 SET @saved_cs_results     = @@character_set_results */ ;
/*!50003 SET @saved_col_connection = @@collation_connection */ ;
/*!50003 SET character_set_client  = utf8 */ ;
/*!50003 SET character_set_results = utf8 */ ;
/*!50003 SET collation_connection  = utf8_general_ci */ ;
/*!50003 SET @saved_sql_mode       = @@sql_mode */ ;
/*!50003 SET sql_mode              = 'NO_ENGINE_SUBSTITUTION' */ ;
DELIMITER ;;
CREATE DEFINER=`root`@`localhost` PROCEDURE `facultyHasPMSchedule`(aSchoolYearId INT, aFacultyId INT)
BEGIN

SELECT 
CASE WHEN COUNT(*) = 0 
THEN FALSE 
ELSE TRUE
END AS hasPMSchedule
FROM schedule_mt 
WHERE faculty_id = aFacultyId 
AND schedule_session = 'PM'
AND schoolyear_id = aSchoolYearId;

END ;;
DELIMITER ;
/*!50003 SET sql_mode              = @saved_sql_mode */ ;
/*!50003 SET character_set_client  = @saved_cs_client */ ;
/*!50003 SET character_set_results = @saved_cs_results */ ;
/*!50003 SET collation_connection  = @saved_col_connection */ ;
/*!50003 DROP PROCEDURE IF EXISTS `facultyHasScheduleAt` */;
/*!50003 SET @saved_cs_client      = @@character_set_client */ ;
/*!50003 SET @saved_cs_results     = @@character_set_results */ ;
/*!50003 SET @saved_col_connection = @@collation_connection */ ;
/*!50003 SET character_set_client  = utf8 */ ;
/*!50003 SET character_set_results = utf8 */ ;
/*!50003 SET collation_connection  = utf8_general_ci */ ;
/*!50003 SET @saved_sql_mode       = @@sql_mode */ ;
/*!50003 SET sql_mode              = 'NO_ENGINE_SUBSTITUTION' */ ;
DELIMITER ;;
CREATE DEFINER=`root`@`localhost` PROCEDURE `facultyHasScheduleAt`(
aStartTime INT, aEndTime INT, aDay VARCHAR(2), aSchoolYearId INT, 
aFacultyId INT
)
BEGIN

SELECT 
CASE WHEN COUNT(*) > 0 
THEN TRUE 
ELSE FALSE END AS hasSchedule
FROM schedule_mt WHERE startTime = aStartTime
AND endTime = aEndTime  AND schedule_day = aDay AND faculty_id = aFacultyId
AND schoolyear_id = aSchoolYearId;

END ;;
DELIMITER ;
/*!50003 SET sql_mode              = @saved_sql_mode */ ;
/*!50003 SET character_set_client  = @saved_cs_client */ ;
/*!50003 SET character_set_results = @saved_cs_results */ ;
/*!50003 SET collation_connection  = @saved_col_connection */ ;
/*!50003 DROP PROCEDURE IF EXISTS `feeExists` */;
/*!50003 SET @saved_cs_client      = @@character_set_client */ ;
/*!50003 SET @saved_cs_results     = @@character_set_results */ ;
/*!50003 SET @saved_col_connection = @@collation_connection */ ;
/*!50003 SET character_set_client  = utf8 */ ;
/*!50003 SET character_set_results = utf8 */ ;
/*!50003 SET collation_connection  = utf8_general_ci */ ;
/*!50003 SET @saved_sql_mode       = @@sql_mode */ ;
/*!50003 SET sql_mode              = 'NO_ENGINE_SUBSTITUTION' */ ;
DELIMITER ;;
CREATE DEFINER=`root`@`localhost` PROCEDURE `feeExists`(aFeeName VARCHAR(255))
BEGIN
	SELECT * FROM fee_mt f WHERE f.fee_name = aFeeName;
END ;;
DELIMITER ;
/*!50003 SET sql_mode              = @saved_sql_mode */ ;
/*!50003 SET character_set_client  = @saved_cs_client */ ;
/*!50003 SET character_set_results = @saved_cs_results */ ;
/*!50003 SET collation_connection  = @saved_col_connection */ ;
/*!50003 DROP PROCEDURE IF EXISTS `generateOrNoForSy` */;
/*!50003 SET @saved_cs_client      = @@character_set_client */ ;
/*!50003 SET @saved_cs_results     = @@character_set_results */ ;
/*!50003 SET @saved_col_connection = @@collation_connection */ ;
/*!50003 SET character_set_client  = utf8 */ ;
/*!50003 SET character_set_results = utf8 */ ;
/*!50003 SET collation_connection  = utf8_general_ci */ ;
/*!50003 SET @saved_sql_mode       = @@sql_mode */ ;
/*!50003 SET sql_mode              = 'NO_ENGINE_SUBSTITUTION' */ ;
DELIMITER ;;
CREATE DEFINER=`root`@`localhost` PROCEDURE `generateOrNoForSy`(aSchoolYearId INT)
BEGIN

 DECLARE i int;
 SELECT max(or_no)+1 INTO i FROM or_no_mt;
    WHILE i <= 101500 DO
		INSERT INTO or_no_mt (or_no,schoolyear_id) VALUES(i,aSchoolYearId);
        SET i = i + 1;
    END WHILE;

END ;;
DELIMITER ;
/*!50003 SET sql_mode              = @saved_sql_mode */ ;
/*!50003 SET character_set_client  = @saved_cs_client */ ;
/*!50003 SET character_set_results = @saved_cs_results */ ;
/*!50003 SET collation_connection  = @saved_col_connection */ ;
/*!50003 DROP PROCEDURE IF EXISTS `getAdmissionByStudentId` */;
/*!50003 SET @saved_cs_client      = @@character_set_client */ ;
/*!50003 SET @saved_cs_results     = @@character_set_results */ ;
/*!50003 SET @saved_col_connection = @@collation_connection */ ;
/*!50003 SET character_set_client  = utf8 */ ;
/*!50003 SET character_set_results = utf8 */ ;
/*!50003 SET collation_connection  = utf8_general_ci */ ;
/*!50003 SET @saved_sql_mode       = @@sql_mode */ ;
/*!50003 SET sql_mode              = 'NO_ENGINE_SUBSTITUTION' */ ;
DELIMITER ;;
CREATE DEFINER=`root`@`localhost` PROCEDURE `getAdmissionByStudentId`(aStudentId INT)
BEGIN

SELECT a.* FROM student_mt s LEFT JOIN admission_mt a ON s.admission_id = a.admission_id; 

END ;;
DELIMITER ;
/*!50003 SET sql_mode              = @saved_sql_mode */ ;
/*!50003 SET character_set_client  = @saved_cs_client */ ;
/*!50003 SET character_set_results = @saved_cs_results */ ;
/*!50003 SET collation_connection  = @saved_col_connection */ ;
/*!50003 DROP PROCEDURE IF EXISTS `getAdmissionGradeLevelByRegistrationId` */;
/*!50003 SET @saved_cs_client      = @@character_set_client */ ;
/*!50003 SET @saved_cs_results     = @@character_set_results */ ;
/*!50003 SET @saved_col_connection = @@collation_connection */ ;
/*!50003 SET character_set_client  = utf8 */ ;
/*!50003 SET character_set_results = utf8 */ ;
/*!50003 SET collation_connection  = utf8_general_ci */ ;
/*!50003 SET @saved_sql_mode       = @@sql_mode */ ;
/*!50003 SET sql_mode              = 'NO_ENGINE_SUBSTITUTION' */ ;
DELIMITER ;;
CREATE DEFINER=`root`@`localhost` PROCEDURE `getAdmissionGradeLevelByRegistrationId`(
aRegistrationId INT)
BEGIN

SELECT gl.grade_level AS admissionGradeLevel
FROM registration_mt r
INNER JOIN admission_mt a ON r.registration_id = a.registration_id
INNER JOIN gradelevel_mt gl ON r.gradelevel_id = gl.gradelevel_id
WHERE r.registration_id = aRegistrationId;

END ;;
DELIMITER ;
/*!50003 SET sql_mode              = @saved_sql_mode */ ;
/*!50003 SET character_set_client  = @saved_cs_client */ ;
/*!50003 SET character_set_results = @saved_cs_results */ ;
/*!50003 SET collation_connection  = @saved_col_connection */ ;
/*!50003 DROP PROCEDURE IF EXISTS `getAdmissionInfoByRegistrationId` */;
/*!50003 SET @saved_cs_client      = @@character_set_client */ ;
/*!50003 SET @saved_cs_results     = @@character_set_results */ ;
/*!50003 SET @saved_col_connection = @@collation_connection */ ;
/*!50003 SET character_set_client  = utf8 */ ;
/*!50003 SET character_set_results = utf8 */ ;
/*!50003 SET collation_connection  = utf8_general_ci */ ;
/*!50003 SET @saved_sql_mode       = @@sql_mode */ ;
/*!50003 SET sql_mode              = 'NO_ENGINE_SUBSTITUTION' */ ;
DELIMITER ;;
CREATE DEFINER=`root`@`localhost` PROCEDURE `getAdmissionInfoByRegistrationId`(IN aRegistrationId INT)
BEGIN

SELECT * FROM admission_mt WHERE registration_id = aRegistrationId;

END ;;
DELIMITER ;
/*!50003 SET sql_mode              = @saved_sql_mode */ ;
/*!50003 SET character_set_client  = @saved_cs_client */ ;
/*!50003 SET character_set_results = @saved_cs_results */ ;
/*!50003 SET collation_connection  = @saved_col_connection */ ;
/*!50003 DROP PROCEDURE IF EXISTS `getAdmissionStatus` */;
/*!50003 SET @saved_cs_client      = @@character_set_client */ ;
/*!50003 SET @saved_cs_results     = @@character_set_results */ ;
/*!50003 SET @saved_col_connection = @@collation_connection */ ;
/*!50003 SET character_set_client  = utf8 */ ;
/*!50003 SET character_set_results = utf8 */ ;
/*!50003 SET collation_connection  = utf8_general_ci */ ;
/*!50003 SET @saved_sql_mode       = @@sql_mode */ ;
/*!50003 SET sql_mode              = 'NO_ENGINE_SUBSTITUTION' */ ;
DELIMITER ;;
CREATE DEFINER=`root`@`localhost` PROCEDURE `getAdmissionStatus`(aRegistrationId INT)
BEGIN
	SELECT r.isAdmissionComplete FROM registration r WHERE r.registration_id = aRegistrationId;
END ;;
DELIMITER ;
/*!50003 SET sql_mode              = @saved_sql_mode */ ;
/*!50003 SET character_set_client  = @saved_cs_client */ ;
/*!50003 SET character_set_results = @saved_cs_results */ ;
/*!50003 SET collation_connection  = @saved_col_connection */ ;
/*!50003 DROP PROCEDURE IF EXISTS `getAdviserAvailabilityBySession` */;
/*!50003 SET @saved_cs_client      = @@character_set_client */ ;
/*!50003 SET @saved_cs_results     = @@character_set_results */ ;
/*!50003 SET @saved_col_connection = @@collation_connection */ ;
/*!50003 SET character_set_client  = utf8 */ ;
/*!50003 SET character_set_results = utf8 */ ;
/*!50003 SET collation_connection  = utf8_general_ci */ ;
/*!50003 SET @saved_sql_mode       = @@sql_mode */ ;
/*!50003 SET sql_mode              = 'NO_ENGINE_SUBSTITUTION' */ ;
DELIMITER ;;
CREATE DEFINER=`root`@`localhost` PROCEDURE `getAdviserAvailabilityBySession`(
aSession VARCHAR(2), aAdviserId INT, aSchoolYearId INT)
BEGIN

IF aSession = 'AM'
THEN
	SELECT CASE WHEN COUNT(*) > 0 
	THEN FALSE ELSE TRUE END AS isAvailable
	FROM section_settings_lt WHERE
	(`session` = 'AM' OR `session` = 'WD')
	AND adviser_id = aAdviserId
	AND schoolyear_id = aSchoolYearId;
END IF;

IF aSession = 'PM'
THEN
	SELECT CASE WHEN COUNT(*) > 0 
	THEN FALSE ELSE TRUE END AS isAvailable
	FROM section_settings_lt WHERE
	(`session` = 'PM' OR `session` = 'WD')
	AND adviser_id = aAdviserId
	AND schoolyear_id = aSchoolYearId;
END IF;

IF aSession = 'WD'
THEN
	SELECT CASE WHEN COUNT(*) > 0 
	THEN FALSE ELSE TRUE END AS isAvailable
	FROM section_settings_lt WHERE
	(`session` = 'AM' OR `session` = 'PM')
	AND adviser_id = aAdviserId
	AND schoolyear_id = aSchoolYearId;
END IF;

END ;;
DELIMITER ;
/*!50003 SET sql_mode              = @saved_sql_mode */ ;
/*!50003 SET character_set_client  = @saved_cs_client */ ;
/*!50003 SET character_set_results = @saved_cs_results */ ;
/*!50003 SET collation_connection  = @saved_col_connection */ ;
/*!50003 DROP PROCEDURE IF EXISTS `getAdviserIdByUserId` */;
/*!50003 SET @saved_cs_client      = @@character_set_client */ ;
/*!50003 SET @saved_cs_results     = @@character_set_results */ ;
/*!50003 SET @saved_col_connection = @@collation_connection */ ;
/*!50003 SET character_set_client  = utf8 */ ;
/*!50003 SET character_set_results = utf8 */ ;
/*!50003 SET collation_connection  = utf8_general_ci */ ;
/*!50003 SET @saved_sql_mode       = @@sql_mode */ ;
/*!50003 SET sql_mode              = 'NO_ENGINE_SUBSTITUTION' */ ;
DELIMITER ;;
CREATE DEFINER=`root`@`localhost` PROCEDURE `getAdviserIdByUserId`(aUserId INT)
BEGIN

SELECT uf.user_id ,sslt.adviser_id FROM section_settings_lt sslt
INNER JOIN user_faculty uf ON sslt.adviser_id = uf.faculty_id
WHERE uf.user_id = aUserId;

END ;;
DELIMITER ;
/*!50003 SET sql_mode              = @saved_sql_mode */ ;
/*!50003 SET character_set_client  = @saved_cs_client */ ;
/*!50003 SET character_set_results = @saved_cs_results */ ;
/*!50003 SET collation_connection  = @saved_col_connection */ ;
/*!50003 DROP PROCEDURE IF EXISTS `getAdvisorySectionsOfFaculty` */;
/*!50003 SET @saved_cs_client      = @@character_set_client */ ;
/*!50003 SET @saved_cs_results     = @@character_set_results */ ;
/*!50003 SET @saved_col_connection = @@collation_connection */ ;
/*!50003 SET character_set_client  = utf8 */ ;
/*!50003 SET character_set_results = utf8 */ ;
/*!50003 SET collation_connection  = utf8_general_ci */ ;
/*!50003 SET @saved_sql_mode       = @@sql_mode */ ;
/*!50003 SET sql_mode              = 'NO_ENGINE_SUBSTITUTION' */ ;
DELIMITER ;;
CREATE DEFINER=`root`@`localhost` PROCEDURE `getAdvisorySectionsOfFaculty`(
aSchoolYearId INT, aFacultyId INT
)
BEGIN

SELECT * FROM section_mt s LEFT JOIN
section_settings_lt sslt ON s.section_id = sslt.section_id
LEFT JOIN gradelevel_mt g ON sslt.gradelevel_id = g.gradelevel_id
WHERE sslt.schoolyear_id = aSchoolYearId AND adviser_id = aFacultyId;

END ;;
DELIMITER ;
/*!50003 SET sql_mode              = @saved_sql_mode */ ;
/*!50003 SET character_set_client  = @saved_cs_client */ ;
/*!50003 SET character_set_results = @saved_cs_results */ ;
/*!50003 SET collation_connection  = @saved_col_connection */ ;
/*!50003 DROP PROCEDURE IF EXISTS `getAllActiveGradeLevels` */;
/*!50003 SET @saved_cs_client      = @@character_set_client */ ;
/*!50003 SET @saved_cs_results     = @@character_set_results */ ;
/*!50003 SET @saved_col_connection = @@collation_connection */ ;
/*!50003 SET character_set_client  = utf8 */ ;
/*!50003 SET character_set_results = utf8 */ ;
/*!50003 SET collation_connection  = utf8_general_ci */ ;
/*!50003 SET @saved_sql_mode       = @@sql_mode */ ;
/*!50003 SET sql_mode              = 'NO_ENGINE_SUBSTITUTION' */ ;
DELIMITER ;;
CREATE DEFINER=`root`@`localhost` PROCEDURE `getAllActiveGradeLevels`()
BEGIN
	SELECT * FROM gradelevel_mt WHERE isActive = 1;
END ;;
DELIMITER ;
/*!50003 SET sql_mode              = @saved_sql_mode */ ;
/*!50003 SET character_set_client  = @saved_cs_client */ ;
/*!50003 SET character_set_results = @saved_cs_results */ ;
/*!50003 SET collation_connection  = @saved_col_connection */ ;
/*!50003 DROP PROCEDURE IF EXISTS `getAllActivePaymentTerms` */;
/*!50003 SET @saved_cs_client      = @@character_set_client */ ;
/*!50003 SET @saved_cs_results     = @@character_set_results */ ;
/*!50003 SET @saved_col_connection = @@collation_connection */ ;
/*!50003 SET character_set_client  = utf8 */ ;
/*!50003 SET character_set_results = utf8 */ ;
/*!50003 SET collation_connection  = utf8_general_ci */ ;
/*!50003 SET @saved_sql_mode       = @@sql_mode */ ;
/*!50003 SET sql_mode              = 'NO_ENGINE_SUBSTITUTION' */ ;
DELIMITER ;;
CREATE DEFINER=`root`@`localhost` PROCEDURE `getAllActivePaymentTerms`()
BEGIN
	SELECT * FROM paymentterm_mt WHERE isActive = 1;
END ;;
DELIMITER ;
/*!50003 SET sql_mode              = @saved_sql_mode */ ;
/*!50003 SET character_set_client  = @saved_cs_client */ ;
/*!50003 SET character_set_results = @saved_cs_results */ ;
/*!50003 SET collation_connection  = @saved_col_connection */ ;
/*!50003 DROP PROCEDURE IF EXISTS `getAllActiveRooms` */;
/*!50003 SET @saved_cs_client      = @@character_set_client */ ;
/*!50003 SET @saved_cs_results     = @@character_set_results */ ;
/*!50003 SET @saved_col_connection = @@collation_connection */ ;
/*!50003 SET character_set_client  = utf8 */ ;
/*!50003 SET character_set_results = utf8 */ ;
/*!50003 SET collation_connection  = utf8_general_ci */ ;
/*!50003 SET @saved_sql_mode       = @@sql_mode */ ;
/*!50003 SET sql_mode              = 'NO_ENGINE_SUBSTITUTION' */ ;
DELIMITER ;;
CREATE DEFINER=`root`@`localhost` PROCEDURE `getAllActiveRooms`()
BEGIN

SELECT * FROM room_mt WHERE `status` = 1;

END ;;
DELIMITER ;
/*!50003 SET sql_mode              = @saved_sql_mode */ ;
/*!50003 SET character_set_client  = @saved_cs_client */ ;
/*!50003 SET character_set_results = @saved_cs_results */ ;
/*!50003 SET collation_connection  = @saved_col_connection */ ;
/*!50003 DROP PROCEDURE IF EXISTS `getAllClassTypesByStatus` */;
/*!50003 SET @saved_cs_client      = @@character_set_client */ ;
/*!50003 SET @saved_cs_results     = @@character_set_results */ ;
/*!50003 SET @saved_col_connection = @@collation_connection */ ;
/*!50003 SET character_set_client  = utf8 */ ;
/*!50003 SET character_set_results = utf8 */ ;
/*!50003 SET collation_connection  = utf8_general_ci */ ;
/*!50003 SET @saved_sql_mode       = @@sql_mode */ ;
/*!50003 SET sql_mode              = 'NO_ENGINE_SUBSTITUTION' */ ;
DELIMITER ;;
CREATE DEFINER=`root`@`localhost` PROCEDURE `getAllClassTypesByStatus`(aIsActive INT)
BEGIN

SELECT * FROM classtype_mt WHERE is_classtype_active = aIsActive;

END ;;
DELIMITER ;
/*!50003 SET sql_mode              = @saved_sql_mode */ ;
/*!50003 SET character_set_client  = @saved_cs_client */ ;
/*!50003 SET character_set_results = @saved_cs_results */ ;
/*!50003 SET collation_connection  = @saved_col_connection */ ;
/*!50003 DROP PROCEDURE IF EXISTS `getAllCreatedCurriculumInfo` */;
/*!50003 SET @saved_cs_client      = @@character_set_client */ ;
/*!50003 SET @saved_cs_results     = @@character_set_results */ ;
/*!50003 SET @saved_col_connection = @@collation_connection */ ;
/*!50003 SET character_set_client  = utf8 */ ;
/*!50003 SET character_set_results = utf8 */ ;
/*!50003 SET collation_connection  = utf8_general_ci */ ;
/*!50003 SET @saved_sql_mode       = @@sql_mode */ ;
/*!50003 SET sql_mode              = 'NO_ENGINE_SUBSTITUTION' */ ;
DELIMITER ;;
CREATE DEFINER=`root`@`localhost` PROCEDURE `getAllCreatedCurriculumInfo`()
BEGIN

	SELECT 
		curriculum_mt.curriculum_id,
		subject_mt.code, subject_mt.title, 
        schoolyear_mt.yearFrom, schoolyear_mt.yearTo
			FROM curriculum_subject_lt
		INNER JOIN subject_mt ON subject_mt.subject_id = curriculum_subject_lt.subject_id
        INNER JOIN curriculum_mt ON curriculum_mt.curriculum_id = curriculum_subject_lt.curriculum_id
        INNER JOIN schoolyear_mt ON schoolyear_mt.schoolyear_id = curriculum_mt.schoolyear_id;

END ;;
DELIMITER ;
/*!50003 SET sql_mode              = @saved_sql_mode */ ;
/*!50003 SET character_set_client  = @saved_cs_client */ ;
/*!50003 SET character_set_results = @saved_cs_results */ ;
/*!50003 SET collation_connection  = @saved_col_connection */ ;
/*!50003 DROP PROCEDURE IF EXISTS `getAllCredentials` */;
/*!50003 SET @saved_cs_client      = @@character_set_client */ ;
/*!50003 SET @saved_cs_results     = @@character_set_results */ ;
/*!50003 SET @saved_col_connection = @@collation_connection */ ;
/*!50003 SET character_set_client  = utf8 */ ;
/*!50003 SET character_set_results = utf8 */ ;
/*!50003 SET collation_connection  = utf8_general_ci */ ;
/*!50003 SET @saved_sql_mode       = @@sql_mode */ ;
/*!50003 SET sql_mode              = 'NO_ENGINE_SUBSTITUTION' */ ;
DELIMITER ;;
CREATE DEFINER=`root`@`localhost` PROCEDURE `getAllCredentials`()
BEGIN

SELECT * FROM credential_mt c LEFT JOIN user_mt u
ON c.created_by_user_id = user_id;

END ;;
DELIMITER ;
/*!50003 SET sql_mode              = @saved_sql_mode */ ;
/*!50003 SET character_set_client  = @saved_cs_client */ ;
/*!50003 SET character_set_results = @saved_cs_results */ ;
/*!50003 SET collation_connection  = @saved_col_connection */ ;
/*!50003 DROP PROCEDURE IF EXISTS `getAllCurriculum` */;
/*!50003 SET @saved_cs_client      = @@character_set_client */ ;
/*!50003 SET @saved_cs_results     = @@character_set_results */ ;
/*!50003 SET @saved_col_connection = @@collation_connection */ ;
/*!50003 SET character_set_client  = utf8 */ ;
/*!50003 SET character_set_results = utf8 */ ;
/*!50003 SET collation_connection  = utf8_general_ci */ ;
/*!50003 SET @saved_sql_mode       = @@sql_mode */ ;
/*!50003 SET sql_mode              = 'NO_ENGINE_SUBSTITUTION' */ ;
DELIMITER ;;
CREATE DEFINER=`root`@`localhost` PROCEDURE `getAllCurriculum`()
BEGIN
	
SELECT c.*,sy.yearFrom,
(SELECT COUNT(*) FROM curriculum_subject_lt cslt WHERE cslt.curriculum_id = c.curriculum_id )
AS subjectCount
FROM curriculum_mt c 
INNER JOIN schoolyear_mt sy ON c.schoolyear_id = sy.schoolyear_id;
    
END ;;
DELIMITER ;
/*!50003 SET sql_mode              = @saved_sql_mode */ ;
/*!50003 SET character_set_client  = @saved_cs_client */ ;
/*!50003 SET character_set_results = @saved_cs_results */ ;
/*!50003 SET collation_connection  = @saved_col_connection */ ;
/*!50003 DROP PROCEDURE IF EXISTS `getAllCurriculumByStartYear` */;
/*!50003 SET @saved_cs_client      = @@character_set_client */ ;
/*!50003 SET @saved_cs_results     = @@character_set_results */ ;
/*!50003 SET @saved_col_connection = @@collation_connection */ ;
/*!50003 SET character_set_client  = utf8 */ ;
/*!50003 SET character_set_results = utf8 */ ;
/*!50003 SET collation_connection  = utf8_general_ci */ ;
/*!50003 SET @saved_sql_mode       = @@sql_mode */ ;
/*!50003 SET sql_mode              = 'NO_ENGINE_SUBSTITUTION' */ ;
DELIMITER ;;
CREATE DEFINER=`root`@`localhost` PROCEDURE `getAllCurriculumByStartYear`(
	IN pIN_schoolYearStart VARCHAR(50)
)
BEGIN
	
    SELECT curriculum_mt.curriculum_title FROM curriculum_subject_lt
		INNER JOIN curriculum_mt ON curriculum_mt.curriculum_id = curriculum_subject_lt.curriculum_id
		INNER JOIN schoolyear_mt ON schoolyear_mt.schoolyear_id = curriculum_mt.schoolyear_id
			WHERE schoolyear_mt.yearFrom = pIN_schoolYearStart;

END ;;
DELIMITER ;
/*!50003 SET sql_mode              = @saved_sql_mode */ ;
/*!50003 SET character_set_client  = @saved_cs_client */ ;
/*!50003 SET character_set_results = @saved_cs_results */ ;
/*!50003 SET collation_connection  = @saved_col_connection */ ;
/*!50003 DROP PROCEDURE IF EXISTS `getAllCurriculumInfo` */;
/*!50003 SET @saved_cs_client      = @@character_set_client */ ;
/*!50003 SET @saved_cs_results     = @@character_set_results */ ;
/*!50003 SET @saved_col_connection = @@collation_connection */ ;
/*!50003 SET character_set_client  = utf8 */ ;
/*!50003 SET character_set_results = utf8 */ ;
/*!50003 SET collation_connection  = utf8_general_ci */ ;
/*!50003 SET @saved_sql_mode       = @@sql_mode */ ;
/*!50003 SET sql_mode              = 'NO_ENGINE_SUBSTITUTION' */ ;
DELIMITER ;;
CREATE DEFINER=`root`@`localhost` PROCEDURE `getAllCurriculumInfo`()
BEGIN
	SELECT 
    c.*,
    es.educationstage,
    chd.dateAdded,
    CONCAT(uA.lastname,', ',uA.firstname,' ',uA.middlename) AS addedBy,
    chd.dateLastEdited,
    CONCAT(uB.lastname,', ',uB.firstname,' ',uB.middlename) AS lastEditedBy,
    gl.`level`,
    sy.yearFrom,
    sy.yearTo
    
    FROM 		curriculum 				c
    
    INNER JOIN 	gradelevel 				gl 	ON c.gradelevel_id = gl.gradelevel_id
    
    INNER JOIN 	curriculum_schoolyears 	csy ON c.curriculum_id = csy.curriculum_id
    
    INNER JOIN 	schoolyear	 			sy 	ON csy.schoolyear_id = sy.schoolyear_id
    
    INNER JOIN 	curriculum_hd 			chd ON c.curriculum_id = chd.curriculum_id
    
    INNER JOIN 	user					uA	ON chd.addedBy_UserId = uA.user_id
    
    INNER JOIN 	user					uB	ON chd.editedBy_UserId = uB.user_id
    
    INNER JOIN 	educationalstage		es	ON c.educationalstage_id = es.educationalstage_id
    
    ORDER BY `yearFrom`;
    
     
END ;;
DELIMITER ;
/*!50003 SET sql_mode              = @saved_sql_mode */ ;
/*!50003 SET character_set_client  = @saved_cs_client */ ;
/*!50003 SET character_set_results = @saved_cs_results */ ;
/*!50003 SET collation_connection  = @saved_col_connection */ ;
/*!50003 DROP PROCEDURE IF EXISTS `getAllCurriculumNameByGradeLevel` */;
/*!50003 SET @saved_cs_client      = @@character_set_client */ ;
/*!50003 SET @saved_cs_results     = @@character_set_results */ ;
/*!50003 SET @saved_col_connection = @@collation_connection */ ;
/*!50003 SET character_set_client  = utf8 */ ;
/*!50003 SET character_set_results = utf8 */ ;
/*!50003 SET collation_connection  = utf8_general_ci */ ;
/*!50003 SET @saved_sql_mode       = @@sql_mode */ ;
/*!50003 SET sql_mode              = 'NO_ENGINE_SUBSTITUTION' */ ;
DELIMITER ;;
CREATE DEFINER=`root`@`localhost` PROCEDURE `getAllCurriculumNameByGradeLevel`(IN pIN_gradeLevel INT)
BEGIN
	SELECT curriculum_title FROM curriculum_mt 
    INNER JOIN gradelevel_mt ON gradelevel_mt.gradelevel_id = curriculum_mt.gradelevel_id
    WHERE gradelevel_mt.grade_level = pIN_gradeLevel;
END ;;
DELIMITER ;
/*!50003 SET sql_mode              = @saved_sql_mode */ ;
/*!50003 SET character_set_client  = @saved_cs_client */ ;
/*!50003 SET character_set_results = @saved_cs_results */ ;
/*!50003 SET collation_connection  = @saved_col_connection */ ;
/*!50003 DROP PROCEDURE IF EXISTS `getAllDiscount` */;
/*!50003 SET @saved_cs_client      = @@character_set_client */ ;
/*!50003 SET @saved_cs_results     = @@character_set_results */ ;
/*!50003 SET @saved_col_connection = @@collation_connection */ ;
/*!50003 SET character_set_client  = utf8 */ ;
/*!50003 SET character_set_results = utf8 */ ;
/*!50003 SET collation_connection  = utf8_general_ci */ ;
/*!50003 SET @saved_sql_mode       = @@sql_mode */ ;
/*!50003 SET sql_mode              = 'NO_ENGINE_SUBSTITUTION' */ ;
DELIMITER ;;
CREATE DEFINER=`root`@`localhost` PROCEDURE `getAllDiscount`()
BEGIN

SELECT * FROM discount_mt d
LEFT JOIN user_mt u ON d.created_by_user_id = u.user_id;

END ;;
DELIMITER ;
/*!50003 SET sql_mode              = @saved_sql_mode */ ;
/*!50003 SET character_set_client  = @saved_cs_client */ ;
/*!50003 SET character_set_results = @saved_cs_results */ ;
/*!50003 SET collation_connection  = @saved_col_connection */ ;
/*!50003 DROP PROCEDURE IF EXISTS `getAllDiscounts` */;
/*!50003 SET @saved_cs_client      = @@character_set_client */ ;
/*!50003 SET @saved_cs_results     = @@character_set_results */ ;
/*!50003 SET @saved_col_connection = @@collation_connection */ ;
/*!50003 SET character_set_client  = utf8 */ ;
/*!50003 SET character_set_results = utf8 */ ;
/*!50003 SET collation_connection  = utf8_general_ci */ ;
/*!50003 SET @saved_sql_mode       = @@sql_mode */ ;
/*!50003 SET sql_mode              = 'NO_ENGINE_SUBSTITUTION' */ ;
DELIMITER ;;
CREATE DEFINER=`root`@`localhost` PROCEDURE `getAllDiscounts`()
BEGIN
	SELECT * FROM discount;
END ;;
DELIMITER ;
/*!50003 SET sql_mode              = @saved_sql_mode */ ;
/*!50003 SET character_set_client  = @saved_cs_client */ ;
/*!50003 SET character_set_results = @saved_cs_results */ ;
/*!50003 SET collation_connection  = @saved_col_connection */ ;
/*!50003 DROP PROCEDURE IF EXISTS `getAllEnrolledBySchoolYearId` */;
/*!50003 SET @saved_cs_client      = @@character_set_client */ ;
/*!50003 SET @saved_cs_results     = @@character_set_results */ ;
/*!50003 SET @saved_col_connection = @@collation_connection */ ;
/*!50003 SET character_set_client  = utf8 */ ;
/*!50003 SET character_set_results = utf8 */ ;
/*!50003 SET collation_connection  = utf8_general_ci */ ;
/*!50003 SET @saved_sql_mode       = @@sql_mode */ ;
/*!50003 SET sql_mode              = 'NO_ENGINE_SUBSTITUTION' */ ;
DELIMITER ;;
CREATE DEFINER=`root`@`localhost` PROCEDURE `getAllEnrolledBySchoolYearId`(aSchoolYearId INT)
BEGIN

SELECT 
ss.section_id, 
CASE WHEN smt.sectionName IS NULL THEN '' ELSE smt.sectionName END AS sectionname,
sslt.adviser_id, sslt.section_type,
CASE WHEN f.lastName IS NULL THEN '' ELSE f.lastName END AS facultyLastName, 
CASE WHEN f.firstName IS NULL THEN '' ELSE f.firstName END AS facultyFirstName, 
CASE WHEN f.middleName IS NULL THEN '' ELSE f.middleName END AS facultyMiddleName, 
r.*,a.admission_id,
a.isComplete AS isAdmissionComplete,
s.student_id,
s.student_no,
s.isActive AS isStudentActive,
s.student_type AS finalStudentType,
g.grade_level AS currentGradeLevel, 
e.enrollment_id, 
e.schoolyear_id AS enrolledSchoolYearId, 
DATE(e.enrollment_date) AS dateEnrolled,
e.isEnrollmentWithdrawn,e.enrollment_type
FROM enrollment e 
INNER JOIN student_mt s ON e.student_id = s.student_id
LEFT JOIN admission_mt a ON s.admission_id = a.admission_id
LEFT JOIN section_student ss ON s.student_id = ss.student_id
LEFT JOIN section_settings_lt sslt ON ss.section_id = sslt.section_id
LEFT JOIN section_mt smt ON sslt.section_id = smt.section_id
LEFT JOIN registration_mt r ON a.registration_id = r.registration_id
LEFT JOIN student_mt std ON e.student_id = std.student_id
LEFT JOIN schoolyear_student_lt sylt ON e.schoolyear_id = sylt.schoolyear_id
LEFT JOIN gradelevel_mt g ON e.gradelevel_id = g.gradelevel_id
LEFT JOIN faculty_mt f ON sslt.adviser_id = f.faculty_id
WHERE s.isActive = 1 AND e.schoolyear_id = aSchoolYearId GROUP BY s.student_id;

END ;;
DELIMITER ;
/*!50003 SET sql_mode              = @saved_sql_mode */ ;
/*!50003 SET character_set_client  = @saved_cs_client */ ;
/*!50003 SET character_set_results = @saved_cs_results */ ;
/*!50003 SET collation_connection  = @saved_col_connection */ ;
/*!50003 DROP PROCEDURE IF EXISTS `getAllEnrolledBySchoolYearIdAndGradeLevelId` */;
/*!50003 SET @saved_cs_client      = @@character_set_client */ ;
/*!50003 SET @saved_cs_results     = @@character_set_results */ ;
/*!50003 SET @saved_col_connection = @@collation_connection */ ;
/*!50003 SET character_set_client  = utf8 */ ;
/*!50003 SET character_set_results = utf8 */ ;
/*!50003 SET collation_connection  = utf8_general_ci */ ;
/*!50003 SET @saved_sql_mode       = @@sql_mode */ ;
/*!50003 SET sql_mode              = 'NO_ENGINE_SUBSTITUTION' */ ;
DELIMITER ;;
CREATE DEFINER=`root`@`localhost` PROCEDURE `getAllEnrolledBySchoolYearIdAndGradeLevelId`(aSchoolYearId INT, aGradeLevelId INT)
BEGIN

SELECT r.*,
a.admission_id,
a.isComplete AS isAdmissionComplete,
s.student_id,s.student_no,s.isActive AS isStudentActive,
s.student_type AS finalStudentType,
g.grade_level AS currentGradeLevel, 
e.enrollment_id, 
e.schoolyear_id AS enrolledSchoolYearId, 
DATE(e.enrollment_date) AS dateEnrolled,
e.isEnrollmentWithdrawn,
e.enrollment_type, 
(SELECT secmt.sectionName FROM section_mt secmt LEFT JOIN section_student secstu ON secmt.section_id = secstu.section_id
LEFT JOIN section_settings_lt secset ON secmt.section_id = secset.section_id WHERE secstu.student_id = s.student_id AND secstu.schoolyear_id = aSchoolYearId AND secset.section_type = 'R') AS sectionName,

(SELECT f.lastName FROM section_student secstu LEFT JOIN section_settings_lt sslt ON secstu.section_id = sslt.section_id
LEFT JOIN faculty_mt f ON sslt.adviser_id = f.faculty_id
WHERE secstu.student_id = s.student_id AND secstu.schoolyear_id = aSchoolYearId AND sslt.section_type = 'R') AS faculty_lastName,

(SELECT f.firstName FROM section_student secstu LEFT JOIN section_settings_lt sslt ON secstu.section_id = sslt.section_id
LEFT JOIN faculty_mt f ON sslt.adviser_id = f.faculty_id
WHERE secstu.student_id = s.student_id AND secstu.schoolyear_id = aSchoolYearId AND sslt.section_type = 'R') AS faculty_firstName,

(SELECT f.middlename FROM section_student secstu LEFT JOIN section_settings_lt sslt ON secstu.section_id = sslt.section_id
LEFT JOIN faculty_mt f ON sslt.adviser_id = f.faculty_id
WHERE secstu.student_id = s.student_id AND secstu.schoolyear_id = aSchoolYearId AND sslt.section_type = 'R') AS faculty_middleName

FROM registration_mt r
LEFT JOIN admission_mt a ON r.registration_id = a.registration_id
LEFT JOIN student_mt s ON a.admission_id = s.admission_id
LEFT JOIN schoolyear_student_lt ss ON s.student_id = ss.student_id
LEFT JOIN gradelevel_mt g ON ss.gradelevel_id = g.gradelevel_id
LEFT JOIN enrollment e ON s.student_id = e.student_id
WHERE s.isActive = 1 AND e.schoolyear_id = aSchoolYearId AND g.gradelevel_id = aGradeLevelId;

END ;;
DELIMITER ;
/*!50003 SET sql_mode              = @saved_sql_mode */ ;
/*!50003 SET character_set_client  = @saved_cs_client */ ;
/*!50003 SET character_set_results = @saved_cs_results */ ;
/*!50003 SET collation_connection  = @saved_col_connection */ ;
/*!50003 DROP PROCEDURE IF EXISTS `getAllEnrolledBySchoolYearIdAndWildCard` */;
/*!50003 SET @saved_cs_client      = @@character_set_client */ ;
/*!50003 SET @saved_cs_results     = @@character_set_results */ ;
/*!50003 SET @saved_col_connection = @@collation_connection */ ;
/*!50003 SET character_set_client  = utf8 */ ;
/*!50003 SET character_set_results = utf8 */ ;
/*!50003 SET collation_connection  = utf8_general_ci */ ;
/*!50003 SET @saved_sql_mode       = @@sql_mode */ ;
/*!50003 SET sql_mode              = 'NO_ENGINE_SUBSTITUTION' */ ;
DELIMITER ;;
CREATE DEFINER=`root`@`localhost` PROCEDURE `getAllEnrolledBySchoolYearIdAndWildCard`(aSchoolYearId INT, aWildCardChar VARCHAR(255))
BEGIN

SELECT r.*,
a.admission_id,
a.isComplete AS isAdmissionComplete,
s.student_id,s.student_no,s.isActive AS isStudentActive,
s.student_type AS finalStudentType,
g.grade_level AS currentGradeLevel, 
e.enrollment_id, 
e.schoolyear_id AS enrolledSchoolYearId, 
DATE(e.enrollment_date) AS dateEnrolled,
e.isEnrollmentWithdrawn,
e.enrollment_type, 
(SELECT secmt.sectionName FROM section_mt secmt LEFT JOIN section_student secstu ON secmt.section_id = secstu.section_id
LEFT JOIN section_settings_lt secset ON secmt.section_id = secset.section_id WHERE secstu.student_id = s.student_id AND secstu.schoolyear_id = aSchoolYearId AND secset.section_type = 'R') AS sectionName,

(SELECT f.lastName FROM section_student secstu LEFT JOIN section_settings_lt sslt ON secstu.section_id = sslt.section_id
LEFT JOIN faculty_mt f ON sslt.adviser_id = f.faculty_id
WHERE secstu.student_id = s.student_id AND secstu.schoolyear_id = aSchoolYearId AND sslt.section_type = 'R') AS faculty_lastName,

(SELECT f.firstName FROM section_student secstu LEFT JOIN section_settings_lt sslt ON secstu.section_id = sslt.section_id
LEFT JOIN faculty_mt f ON sslt.adviser_id = f.faculty_id
WHERE secstu.student_id = s.student_id AND secstu.schoolyear_id = aSchoolYearId AND sslt.section_type = 'R') AS faculty_firstName,

(SELECT f.middlename FROM section_student secstu LEFT JOIN section_settings_lt sslt ON secstu.section_id = sslt.section_id
LEFT JOIN faculty_mt f ON sslt.adviser_id = f.faculty_id
WHERE secstu.student_id = s.student_id AND secstu.schoolyear_id = aSchoolYearId AND sslt.section_type = 'R') AS faculty_middleName

FROM registration_mt r
LEFT JOIN admission_mt a ON r.registration_id = a.registration_id
LEFT JOIN student_mt s ON a.admission_id = s.admission_id
LEFT JOIN schoolyear_student_lt ss ON s.student_id = ss.student_id
LEFT JOIN gradelevel_mt g ON ss.gradelevel_id = g.gradelevel_id
LEFT JOIN enrollment e ON s.student_id = e.student_id
WHERE 
(s.student_no LIKE CONCAT('%',aWildCardChar,'%') AND s.isActive = 1 AND e.schoolyear_id = aSchoolYearId)
OR 
(r.lastname LIKE CONCAT('%',aWildCardChar,'%') AND s.isActive = 1 AND e.schoolyear_id = aSchoolYearId);

END ;;
DELIMITER ;
/*!50003 SET sql_mode              = @saved_sql_mode */ ;
/*!50003 SET character_set_client  = @saved_cs_client */ ;
/*!50003 SET character_set_results = @saved_cs_results */ ;
/*!50003 SET collation_connection  = @saved_col_connection */ ;
/*!50003 DROP PROCEDURE IF EXISTS `getAllEnrolledUnsectionedByGradeLevelIdAndSchoolYearId` */;
/*!50003 SET @saved_cs_client      = @@character_set_client */ ;
/*!50003 SET @saved_cs_results     = @@character_set_results */ ;
/*!50003 SET @saved_col_connection = @@collation_connection */ ;
/*!50003 SET character_set_client  = utf8 */ ;
/*!50003 SET character_set_results = utf8 */ ;
/*!50003 SET collation_connection  = utf8_general_ci */ ;
/*!50003 SET @saved_sql_mode       = @@sql_mode */ ;
/*!50003 SET sql_mode              = 'NO_ENGINE_SUBSTITUTION' */ ;
DELIMITER ;;
CREATE DEFINER=`root`@`localhost` PROCEDURE `getAllEnrolledUnsectionedByGradeLevelIdAndSchoolYearId`(
aGradeLevelId INT, aSchoolYearId INT
)
BEGIN

SELECT
r.*,a.admission_id,
a.isComplete AS isAdmissionComplete,
s.student_id,s.student_no,s.isActive AS isStudentActive,s.student_type AS finalStudentType,
g.grade_level AS currentGradeLevel, 
e.enrollment_id, e.schoolyear_id AS enrolledSchoolYearId, DATE(e.enrollment_date) AS dateEnrolled,
e.isEnrollmentWithdrawn,e.enrollment_type
FROM registration_mt r
LEFT JOIN admission_mt a ON r.registration_id = a.registration_id
LEFT JOIN student_mt s ON a.admission_id = s.admission_id
LEFT JOIN schoolyear_student_lt ss ON s.student_id = ss.student_id
LEFT JOIN gradelevel_mt g ON ss.gradelevel_id = g.gradelevel_id
LEFT JOIN enrollment e ON s.student_id = e.student_id
WHERE s.isActive = 1 
AND e.schoolyear_id = aSchoolYearId 
AND g.gradelevel_id = aGradeLevelId
AND ss.isActiveGradeLevel = 1
AND 
(SELECT COUNT(*) FROM section_student ss WHERE ss.student_id = s.student_id AND schoolyear_id = aSchoolYearId) = 0;

END ;;
DELIMITER ;
/*!50003 SET sql_mode              = @saved_sql_mode */ ;
/*!50003 SET character_set_client  = @saved_cs_client */ ;
/*!50003 SET character_set_results = @saved_cs_results */ ;
/*!50003 SET collation_connection  = @saved_col_connection */ ;
/*!50003 DROP PROCEDURE IF EXISTS `getAllEnrollees` */;
/*!50003 SET @saved_cs_client      = @@character_set_client */ ;
/*!50003 SET @saved_cs_results     = @@character_set_results */ ;
/*!50003 SET @saved_col_connection = @@collation_connection */ ;
/*!50003 SET character_set_client  = utf8 */ ;
/*!50003 SET character_set_results = utf8 */ ;
/*!50003 SET collation_connection  = utf8_general_ci */ ;
/*!50003 SET @saved_sql_mode       = @@sql_mode */ ;
/*!50003 SET sql_mode              = 'NO_ENGINE_SUBSTITUTION' */ ;
DELIMITER ;;
CREATE DEFINER=`root`@`localhost` PROCEDURE `getAllEnrollees`()
BEGIN

SELECT g.grade_level,
eslt.enrollment_id,eslt.student_id,
r.lastname,r.middlename,r.firstname,eslt.date_of_enrollment,sy.yearFrom AS schoolYear,
eslt.withdrawn 
FROM enrollment_student_lt eslt
INNER JOIN student_mt s ON eslt.student_id = s.student_id
INNER JOIN registration_mt r ON s.registration_id = r.registration_id
INNER JOIN schoolyear_student_lt sslt ON eslt.student_id = sslt.student_id
INNER JOIN gradelevel_mt g ON sslt.gradelevel_id = g.gradelevel_id
INNER JOIN schoolyear_mt sy ON sslt.schoolyear_id = sy.schoolyear_id;


END ;;
DELIMITER ;
/*!50003 SET sql_mode              = @saved_sql_mode */ ;
/*!50003 SET character_set_client  = @saved_cs_client */ ;
/*!50003 SET character_set_results = @saved_cs_results */ ;
/*!50003 SET collation_connection  = @saved_col_connection */ ;
/*!50003 DROP PROCEDURE IF EXISTS `getAllEnrolleesBySchoolYearId` */;
/*!50003 SET @saved_cs_client      = @@character_set_client */ ;
/*!50003 SET @saved_cs_results     = @@character_set_results */ ;
/*!50003 SET @saved_col_connection = @@collation_connection */ ;
/*!50003 SET character_set_client  = utf8 */ ;
/*!50003 SET character_set_results = utf8 */ ;
/*!50003 SET collation_connection  = utf8_general_ci */ ;
/*!50003 SET @saved_sql_mode       = @@sql_mode */ ;
/*!50003 SET sql_mode              = 'NO_ENGINE_SUBSTITUTION' */ ;
DELIMITER ;;
CREATE DEFINER=`root`@`localhost` PROCEDURE `getAllEnrolleesBySchoolYearId`(aSchoolYearId INT)
BEGIN

SELECT g.grade_level,
eslt.enrollment_id,eslt.student_id,
r.lastname,r.middlename,r.firstname,eslt.date_of_enrollment,sy.yearFrom AS schoolYear,
eslt.withdrawn 
FROM enrollment_student_lt eslt
INNER JOIN student_mt s ON eslt.student_id = s.student_id
INNER JOIN registration_mt r ON s.registration_id = r.registration_id
INNER JOIN schoolyear_student_lt sslt ON eslt.student_id = sslt.student_id
INNER JOIN gradelevel_mt g ON sslt.gradelevel_id = g.gradelevel_id
INNER JOIN schoolyear_mt sy ON sslt.schoolyear_id = sy.schoolyear_id
WHERE sslt.schoolyear_id = aSchoolYearId;


END ;;
DELIMITER ;
/*!50003 SET sql_mode              = @saved_sql_mode */ ;
/*!50003 SET character_set_client  = @saved_cs_client */ ;
/*!50003 SET character_set_results = @saved_cs_results */ ;
/*!50003 SET collation_connection  = @saved_col_connection */ ;
/*!50003 DROP PROCEDURE IF EXISTS `getAllEnrolleesBySchoolYearIdAndGradeLevelId` */;
/*!50003 SET @saved_cs_client      = @@character_set_client */ ;
/*!50003 SET @saved_cs_results     = @@character_set_results */ ;
/*!50003 SET @saved_col_connection = @@collation_connection */ ;
/*!50003 SET character_set_client  = utf8 */ ;
/*!50003 SET character_set_results = utf8 */ ;
/*!50003 SET collation_connection  = utf8_general_ci */ ;
/*!50003 SET @saved_sql_mode       = @@sql_mode */ ;
/*!50003 SET sql_mode              = 'NO_ENGINE_SUBSTITUTION' */ ;
DELIMITER ;;
CREATE DEFINER=`root`@`localhost` PROCEDURE `getAllEnrolleesBySchoolYearIdAndGradeLevelId`(aSchoolYearId INT, aGradeLevelId INT)
BEGIN

SELECT g.grade_level,
eslt.enrollment_id,eslt.student_id,
r.lastname,r.middlename,r.firstname,eslt.date_of_enrollment,sy.yearFrom AS schoolYear,
eslt.withdrawn 
FROM enrollment_student_lt eslt
INNER JOIN student_mt s ON eslt.student_id = s.student_id
INNER JOIN registration_mt r ON s.registration_id = r.registration_id
INNER JOIN schoolyear_student_lt sslt ON eslt.student_id = sslt.student_id
INNER JOIN gradelevel_mt g ON sslt.gradelevel_id = g.gradelevel_id
INNER JOIN schoolyear_mt sy ON sslt.schoolyear_id = sy.schoolyear_id
WHERE sslt.schoolyear_id = aSchoolYearId
AND sslt.gradelevel_id = aGradeLevelId;

END ;;
DELIMITER ;
/*!50003 SET sql_mode              = @saved_sql_mode */ ;
/*!50003 SET character_set_client  = @saved_cs_client */ ;
/*!50003 SET character_set_results = @saved_cs_results */ ;
/*!50003 SET collation_connection  = @saved_col_connection */ ;
/*!50003 DROP PROCEDURE IF EXISTS `getAllEnrollmentSchedulesOfAllSchoolYears` */;
/*!50003 SET @saved_cs_client      = @@character_set_client */ ;
/*!50003 SET @saved_cs_results     = @@character_set_results */ ;
/*!50003 SET @saved_col_connection = @@collation_connection */ ;
/*!50003 SET character_set_client  = utf8 */ ;
/*!50003 SET character_set_results = utf8 */ ;
/*!50003 SET collation_connection  = utf8_general_ci */ ;
/*!50003 SET @saved_sql_mode       = @@sql_mode */ ;
/*!50003 SET sql_mode              = 'NO_ENGINE_SUBSTITUTION' */ ;
DELIMITER ;;
CREATE DEFINER=`root`@`localhost` PROCEDURE `getAllEnrollmentSchedulesOfAllSchoolYears`()
BEGIN

SELECT 
    e.enrollment_id,
    e.schoolyear_id,sy.yearFrom, sy.yearTo,
    e.opening_date, e.closing_date, 
    IF(e.closing_date < CURDATE(),1,0) AS isClosed,
    e.date_created
    FROM enrollment_mt e
    INNER JOIN schoolyear_mt sy ON e.schoolyear_id = sy.schoolyear_id;

END ;;
DELIMITER ;
/*!50003 SET sql_mode              = @saved_sql_mode */ ;
/*!50003 SET character_set_client  = @saved_cs_client */ ;
/*!50003 SET character_set_results = @saved_cs_results */ ;
/*!50003 SET collation_connection  = @saved_col_connection */ ;
/*!50003 DROP PROCEDURE IF EXISTS `getAllFaculty` */;
/*!50003 SET @saved_cs_client      = @@character_set_client */ ;
/*!50003 SET @saved_cs_results     = @@character_set_results */ ;
/*!50003 SET @saved_col_connection = @@collation_connection */ ;
/*!50003 SET character_set_client  = utf8 */ ;
/*!50003 SET character_set_results = utf8 */ ;
/*!50003 SET collation_connection  = utf8_general_ci */ ;
/*!50003 SET @saved_sql_mode       = @@sql_mode */ ;
/*!50003 SET sql_mode              = 'NO_ENGINE_SUBSTITUTION' */ ;
DELIMITER ;;
CREATE DEFINER=`root`@`localhost` PROCEDURE `getAllFaculty`()
BEGIN

SELECT * FROM faculty_mt;

END ;;
DELIMITER ;
/*!50003 SET sql_mode              = @saved_sql_mode */ ;
/*!50003 SET character_set_client  = @saved_cs_client */ ;
/*!50003 SET character_set_results = @saved_cs_results */ ;
/*!50003 SET collation_connection  = @saved_col_connection */ ;
/*!50003 DROP PROCEDURE IF EXISTS `getAllFacultyByAdviserId` */;
/*!50003 SET @saved_cs_client      = @@character_set_client */ ;
/*!50003 SET @saved_cs_results     = @@character_set_results */ ;
/*!50003 SET @saved_col_connection = @@collation_connection */ ;
/*!50003 SET character_set_client  = utf8 */ ;
/*!50003 SET character_set_results = utf8 */ ;
/*!50003 SET collation_connection  = utf8_general_ci */ ;
/*!50003 SET @saved_sql_mode       = @@sql_mode */ ;
/*!50003 SET sql_mode              = 'NO_ENGINE_SUBSTITUTION' */ ;
DELIMITER ;;
CREATE DEFINER=`root`@`localhost` PROCEDURE `getAllFacultyByAdviserId`(IN pIN_adviserId INT)
BEGIN
	
    SELECT 
	faculty_mt.faculty_id, faculty_mt.firstName, faculty_mt.middleName, faculty_mt.lastName
    
    FROM faculty_schedule
    
    INNER JOIN faculty_mt ON faculty_mt.faculty_id = faculty_schedule.faculty_id
    INNER JOIN schedule_mt ON schedule_mt.schedule_id = faculty_schedule.schedule_id
    INNER JOIN section_mt ON section_mt.section_id = schedule_mt.section_id
    INNER JOIN section_settings_lt ON section_settings_lt.section_id = section_mt.section_id
    
    WHERE section_settings_lt.adviser_id = pIN_adviserId
    AND schedule_mt.isActive = 1
    
    GROUP BY faculty_id;

END ;;
DELIMITER ;
/*!50003 SET sql_mode              = @saved_sql_mode */ ;
/*!50003 SET character_set_client  = @saved_cs_client */ ;
/*!50003 SET character_set_results = @saved_cs_results */ ;
/*!50003 SET collation_connection  = @saved_col_connection */ ;
/*!50003 DROP PROCEDURE IF EXISTS `getAllFacultyByStatus` */;
/*!50003 SET @saved_cs_client      = @@character_set_client */ ;
/*!50003 SET @saved_cs_results     = @@character_set_results */ ;
/*!50003 SET @saved_col_connection = @@collation_connection */ ;
/*!50003 SET character_set_client  = utf8 */ ;
/*!50003 SET character_set_results = utf8 */ ;
/*!50003 SET collation_connection  = utf8_general_ci */ ;
/*!50003 SET @saved_sql_mode       = @@sql_mode */ ;
/*!50003 SET sql_mode              = 'NO_ENGINE_SUBSTITUTION' */ ;
DELIMITER ;;
CREATE DEFINER=`root`@`localhost` PROCEDURE `getAllFacultyByStatus`(aStatus INT(1))
BEGIN

SELECT f.* FROM faculty_mt f  WHERE f.`status` = aStatus
ORDER BY f.lastName;

END ;;
DELIMITER ;
/*!50003 SET sql_mode              = @saved_sql_mode */ ;
/*!50003 SET character_set_client  = @saved_cs_client */ ;
/*!50003 SET character_set_results = @saved_cs_results */ ;
/*!50003 SET collation_connection  = @saved_col_connection */ ;
/*!50003 DROP PROCEDURE IF EXISTS `getAllFacultyHandlingAdvisory` */;
/*!50003 SET @saved_cs_client      = @@character_set_client */ ;
/*!50003 SET @saved_cs_results     = @@character_set_results */ ;
/*!50003 SET @saved_col_connection = @@collation_connection */ ;
/*!50003 SET character_set_client  = utf8 */ ;
/*!50003 SET character_set_results = utf8 */ ;
/*!50003 SET collation_connection  = utf8_general_ci */ ;
/*!50003 SET @saved_sql_mode       = @@sql_mode */ ;
/*!50003 SET sql_mode              = 'NO_ENGINE_SUBSTITUTION' */ ;
DELIMITER ;;
CREATE DEFINER=`root`@`localhost` PROCEDURE `getAllFacultyHandlingAdvisory`(aSchoolYearId INT)
BEGIN

SELECT * FROM faculty_mt f LEFT JOIN 
faculty_classhandled fc ON f.faculty_id = fc.faculty_id
LEFT JOIN classtype_mt ct ON fc.classtype_id = ct.classtype_id
WHERE ct.classtype = 'advisory' OR ct.classType = 'advisory & non-advisory'
AND f.`status` = 1 
ORDER BY f.lastName;

END ;;
DELIMITER ;
/*!50003 SET sql_mode              = @saved_sql_mode */ ;
/*!50003 SET character_set_client  = @saved_cs_client */ ;
/*!50003 SET character_set_results = @saved_cs_results */ ;
/*!50003 SET collation_connection  = @saved_col_connection */ ;
/*!50003 DROP PROCEDURE IF EXISTS `getAllFacultyHandlingSubjectBySubjectCode` */;
/*!50003 SET @saved_cs_client      = @@character_set_client */ ;
/*!50003 SET @saved_cs_results     = @@character_set_results */ ;
/*!50003 SET @saved_col_connection = @@collation_connection */ ;
/*!50003 SET character_set_client  = utf8 */ ;
/*!50003 SET character_set_results = utf8 */ ;
/*!50003 SET collation_connection  = utf8_general_ci */ ;
/*!50003 SET @saved_sql_mode       = @@sql_mode */ ;
/*!50003 SET sql_mode              = 'NO_ENGINE_SUBSTITUTION' */ ;
DELIMITER ;;
CREATE DEFINER=`root`@`localhost` PROCEDURE `getAllFacultyHandlingSubjectBySubjectCode`(
aSubjectCode VARCHAR(255), aSchoolYearId INT
)
BEGIN

SELECT 
faculty_id, lastName, firstName, middleName, contactNo,email,`status` 
FROM faculty_mt f 
WHERE faculty_id 
IN (SELECT faculty_id FROM subjectcategory_subject ss
LEFT JOIN faculty_specialization fs ON ss.subjectcategory_id = fs.specialization_id
LEFT JOIN subject_mt s ON ss.subject_id = s.subject_id
WHERE s.`code` = aSubjectCode) ORDER BY lastName;
END ;;
DELIMITER ;
/*!50003 SET sql_mode              = @saved_sql_mode */ ;
/*!50003 SET character_set_client  = @saved_cs_client */ ;
/*!50003 SET character_set_results = @saved_cs_results */ ;
/*!50003 SET collation_connection  = @saved_col_connection */ ;
/*!50003 DROP PROCEDURE IF EXISTS `getAllFacultySectionByFacultyId` */;
/*!50003 SET @saved_cs_client      = @@character_set_client */ ;
/*!50003 SET @saved_cs_results     = @@character_set_results */ ;
/*!50003 SET @saved_col_connection = @@collation_connection */ ;
/*!50003 SET character_set_client  = utf8 */ ;
/*!50003 SET character_set_results = utf8 */ ;
/*!50003 SET collation_connection  = utf8_general_ci */ ;
/*!50003 SET @saved_sql_mode       = @@sql_mode */ ;
/*!50003 SET sql_mode              = 'NO_ENGINE_SUBSTITUTION' */ ;
DELIMITER ;;
CREATE DEFINER=`root`@`localhost` PROCEDURE `getAllFacultySectionByFacultyId`(IN pIN_facultyId INT)
BEGIN
	SELECT section_mt.sectionName FROM faculty_schedule
		INNER JOIN schedule_mt ON schedule_mt.schedule_id = faculty_schedule.schedule_id
		INNER JOIN section_mt ON section_mt.section_id = schedule_mt.section_id
        
        WHERE faculty_schedule.faculty_id = pIN_facultyId
        
        GROUP BY section_mt.section_id;
    
    
END ;;
DELIMITER ;
/*!50003 SET sql_mode              = @saved_sql_mode */ ;
/*!50003 SET character_set_client  = @saved_cs_client */ ;
/*!50003 SET character_set_results = @saved_cs_results */ ;
/*!50003 SET collation_connection  = @saved_col_connection */ ;
/*!50003 DROP PROCEDURE IF EXISTS `getAllFacultyWithNoAdvisory` */;
/*!50003 SET @saved_cs_client      = @@character_set_client */ ;
/*!50003 SET @saved_cs_results     = @@character_set_results */ ;
/*!50003 SET @saved_col_connection = @@collation_connection */ ;
/*!50003 SET character_set_client  = utf8 */ ;
/*!50003 SET character_set_results = utf8 */ ;
/*!50003 SET collation_connection  = utf8_general_ci */ ;
/*!50003 SET @saved_sql_mode       = @@sql_mode */ ;
/*!50003 SET sql_mode              = 'NO_ENGINE_SUBSTITUTION' */ ;
DELIMITER ;;
CREATE DEFINER=`root`@`localhost` PROCEDURE `getAllFacultyWithNoAdvisory`()
BEGIN

SELECT * FROM faculty_mt f 
WHERE 
(SELECT COUNT(*) FROM section_settings_lt sslt WHERE sslt.adviser_id = faculty_id) = 0
AND f.`status` = 1;

END ;;
DELIMITER ;
/*!50003 SET sql_mode              = @saved_sql_mode */ ;
/*!50003 SET character_set_client  = @saved_cs_client */ ;
/*!50003 SET character_set_results = @saved_cs_results */ ;
/*!50003 SET collation_connection  = @saved_col_connection */ ;
/*!50003 DROP PROCEDURE IF EXISTS `getAllFeeCategory` */;
/*!50003 SET @saved_cs_client      = @@character_set_client */ ;
/*!50003 SET @saved_cs_results     = @@character_set_results */ ;
/*!50003 SET @saved_col_connection = @@collation_connection */ ;
/*!50003 SET character_set_client  = utf8 */ ;
/*!50003 SET character_set_results = utf8 */ ;
/*!50003 SET collation_connection  = utf8_general_ci */ ;
/*!50003 SET @saved_sql_mode       = @@sql_mode */ ;
/*!50003 SET sql_mode              = 'NO_ENGINE_SUBSTITUTION' */ ;
DELIMITER ;;
CREATE DEFINER=`root`@`localhost` PROCEDURE `getAllFeeCategory`()
BEGIN
	SELECT * FROM fee_category_mt;
END ;;
DELIMITER ;
/*!50003 SET sql_mode              = @saved_sql_mode */ ;
/*!50003 SET character_set_client  = @saved_cs_client */ ;
/*!50003 SET character_set_results = @saved_cs_results */ ;
/*!50003 SET collation_connection  = @saved_col_connection */ ;
/*!50003 DROP PROCEDURE IF EXISTS `getAllFeeNames` */;
/*!50003 SET @saved_cs_client      = @@character_set_client */ ;
/*!50003 SET @saved_cs_results     = @@character_set_results */ ;
/*!50003 SET @saved_col_connection = @@collation_connection */ ;
/*!50003 SET character_set_client  = utf8 */ ;
/*!50003 SET character_set_results = utf8 */ ;
/*!50003 SET collation_connection  = utf8_general_ci */ ;
/*!50003 SET @saved_sql_mode       = @@sql_mode */ ;
/*!50003 SET sql_mode              = 'NO_ENGINE_SUBSTITUTION' */ ;
DELIMITER ;;
CREATE DEFINER=`root`@`localhost` PROCEDURE `getAllFeeNames`()
BEGIN
	SELECT fee_name FROM fee_mt;
END ;;
DELIMITER ;
/*!50003 SET sql_mode              = @saved_sql_mode */ ;
/*!50003 SET character_set_client  = @saved_cs_client */ ;
/*!50003 SET character_set_results = @saved_cs_results */ ;
/*!50003 SET collation_connection  = @saved_col_connection */ ;
/*!50003 DROP PROCEDURE IF EXISTS `getAllFeesInfo` */;
/*!50003 SET @saved_cs_client      = @@character_set_client */ ;
/*!50003 SET @saved_cs_results     = @@character_set_results */ ;
/*!50003 SET @saved_col_connection = @@collation_connection */ ;
/*!50003 SET character_set_client  = utf8 */ ;
/*!50003 SET character_set_results = utf8 */ ;
/*!50003 SET collation_connection  = utf8_general_ci */ ;
/*!50003 SET @saved_sql_mode       = @@sql_mode */ ;
/*!50003 SET sql_mode              = 'NO_ENGINE_SUBSTITUTION' */ ;
DELIMITER ;;
CREATE DEFINER=`root`@`localhost` PROCEDURE `getAllFeesInfo`()
BEGIN

SELECT 
f1.*, f2.*,
gl.*,
f3.*,
sy.*

FROM fee_mt f1 
INNER JOIN fee_schoolyear_lt f2 ON f1.fee_id = f2.fee_id
INNER JOIN fee_category_mt f3 ON f1.fee_category_id = f3.fee_category_id
INNER JOIN gradelevel_mt gl ON f2.gradelevel_id = gl.gradelevel_id
INNER JOIN schoolyear_mt sy;


END ;;
DELIMITER ;
/*!50003 SET sql_mode              = @saved_sql_mode */ ;
/*!50003 SET character_set_client  = @saved_cs_client */ ;
/*!50003 SET character_set_results = @saved_cs_results */ ;
/*!50003 SET collation_connection  = @saved_col_connection */ ;
/*!50003 DROP PROCEDURE IF EXISTS `getAllFeesInfoGroupedById` */;
/*!50003 SET @saved_cs_client      = @@character_set_client */ ;
/*!50003 SET @saved_cs_results     = @@character_set_results */ ;
/*!50003 SET @saved_col_connection = @@collation_connection */ ;
/*!50003 SET character_set_client  = utf8 */ ;
/*!50003 SET character_set_results = utf8 */ ;
/*!50003 SET collation_connection  = utf8_general_ci */ ;
/*!50003 SET @saved_sql_mode       = @@sql_mode */ ;
/*!50003 SET sql_mode              = 'NO_ENGINE_SUBSTITUTION' */ ;
DELIMITER ;;
CREATE DEFINER=`root`@`localhost` PROCEDURE `getAllFeesInfoGroupedById`()
BEGIN

SELECT 
f1.*, f2.*,
gl.*,
f3.*,
sy.*

FROM fee_mt f1 
INNER JOIN fee_schoolyear_lt f2 ON f1.fee_id = f2.fee_id
INNER JOIN fee_category_mt f3 ON f1.fee_category_id = f3.fee_category_id
INNER JOIN gradelevel_mt gl ON f2.gradelevel_id = gl.gradelevel_id
INNER JOIN schoolyear_mt sy
GROUP BY f1.fee_id
;

END ;;
DELIMITER ;
/*!50003 SET sql_mode              = @saved_sql_mode */ ;
/*!50003 SET character_set_client  = @saved_cs_client */ ;
/*!50003 SET character_set_results = @saved_cs_results */ ;
/*!50003 SET collation_connection  = @saved_col_connection */ ;
/*!50003 DROP PROCEDURE IF EXISTS `getAllGradeLevelsInfo` */;
/*!50003 SET @saved_cs_client      = @@character_set_client */ ;
/*!50003 SET @saved_cs_results     = @@character_set_results */ ;
/*!50003 SET @saved_col_connection = @@collation_connection */ ;
/*!50003 SET character_set_client  = utf8 */ ;
/*!50003 SET character_set_results = utf8 */ ;
/*!50003 SET collation_connection  = utf8_general_ci */ ;
/*!50003 SET @saved_sql_mode       = @@sql_mode */ ;
/*!50003 SET sql_mode              = 'NO_ENGINE_SUBSTITUTION' */ ;
DELIMITER ;;
CREATE DEFINER=`root`@`localhost` PROCEDURE `getAllGradeLevelsInfo`()
BEGIN
	SELECT * FROM gradelevel_mt ;
END ;;
DELIMITER ;
/*!50003 SET sql_mode              = @saved_sql_mode */ ;
/*!50003 SET character_set_client  = @saved_cs_client */ ;
/*!50003 SET character_set_results = @saved_cs_results */ ;
/*!50003 SET collation_connection  = @saved_col_connection */ ;
/*!50003 DROP PROCEDURE IF EXISTS `getAllGradeLevelsStudentPassed` */;
/*!50003 SET @saved_cs_client      = @@character_set_client */ ;
/*!50003 SET @saved_cs_results     = @@character_set_results */ ;
/*!50003 SET @saved_col_connection = @@collation_connection */ ;
/*!50003 SET character_set_client  = utf8 */ ;
/*!50003 SET character_set_results = utf8 */ ;
/*!50003 SET collation_connection  = utf8_general_ci */ ;
/*!50003 SET @saved_sql_mode       = @@sql_mode */ ;
/*!50003 SET sql_mode              = 'NO_ENGINE_SUBSTITUTION' */ ;
DELIMITER ;;
CREATE DEFINER=`root`@`localhost` PROCEDURE `getAllGradeLevelsStudentPassed`(aStudentId INT)
BEGIN

SELECT grade_level FROM schoolyear_student_lt sslt
INNER JOIN gradelevel_mt gl ON sslt.gradelevel_id = gl.gradelevel_id
WHERE 
student_id = aStudentId AND passed = 1;

END ;;
DELIMITER ;
/*!50003 SET sql_mode              = @saved_sql_mode */ ;
/*!50003 SET character_set_client  = @saved_cs_client */ ;
/*!50003 SET character_set_results = @saved_cs_results */ ;
/*!50003 SET collation_connection  = @saved_col_connection */ ;
/*!50003 DROP PROCEDURE IF EXISTS `getAllInactiveGradeLevels` */;
/*!50003 SET @saved_cs_client      = @@character_set_client */ ;
/*!50003 SET @saved_cs_results     = @@character_set_results */ ;
/*!50003 SET @saved_col_connection = @@collation_connection */ ;
/*!50003 SET character_set_client  = utf8 */ ;
/*!50003 SET character_set_results = utf8 */ ;
/*!50003 SET collation_connection  = utf8_general_ci */ ;
/*!50003 SET @saved_sql_mode       = @@sql_mode */ ;
/*!50003 SET sql_mode              = 'NO_ENGINE_SUBSTITUTION' */ ;
DELIMITER ;;
CREATE DEFINER=`root`@`localhost` PROCEDURE `getAllInactiveGradeLevels`()
BEGIN
SELECT * FROM gradelevel_mt WHERE isActive = 0;
END ;;
DELIMITER ;
/*!50003 SET sql_mode              = @saved_sql_mode */ ;
/*!50003 SET character_set_client  = @saved_cs_client */ ;
/*!50003 SET character_set_results = @saved_cs_results */ ;
/*!50003 SET collation_connection  = @saved_col_connection */ ;
/*!50003 DROP PROCEDURE IF EXISTS `getAllInActivePaymentTerms` */;
/*!50003 SET @saved_cs_client      = @@character_set_client */ ;
/*!50003 SET @saved_cs_results     = @@character_set_results */ ;
/*!50003 SET @saved_col_connection = @@collation_connection */ ;
/*!50003 SET character_set_client  = utf8 */ ;
/*!50003 SET character_set_results = utf8 */ ;
/*!50003 SET collation_connection  = utf8_general_ci */ ;
/*!50003 SET @saved_sql_mode       = @@sql_mode */ ;
/*!50003 SET sql_mode              = 'NO_ENGINE_SUBSTITUTION' */ ;
DELIMITER ;;
CREATE DEFINER=`root`@`localhost` PROCEDURE `getAllInActivePaymentTerms`()
BEGIN
	SELECT * FROM paymentterm_mt WHERE isActive = 0;
END ;;
DELIMITER ;
/*!50003 SET sql_mode              = @saved_sql_mode */ ;
/*!50003 SET character_set_client  = @saved_cs_client */ ;
/*!50003 SET character_set_results = @saved_cs_results */ ;
/*!50003 SET collation_connection  = @saved_col_connection */ ;
/*!50003 DROP PROCEDURE IF EXISTS `getAllInactiveStudents` */;
/*!50003 SET @saved_cs_client      = @@character_set_client */ ;
/*!50003 SET @saved_cs_results     = @@character_set_results */ ;
/*!50003 SET @saved_col_connection = @@collation_connection */ ;
/*!50003 SET character_set_client  = utf8 */ ;
/*!50003 SET character_set_results = utf8 */ ;
/*!50003 SET collation_connection  = utf8_general_ci */ ;
/*!50003 SET @saved_sql_mode       = @@sql_mode */ ;
/*!50003 SET sql_mode              = 'NO_ENGINE_SUBSTITUTION' */ ;
DELIMITER ;;
CREATE DEFINER=`root`@`localhost` PROCEDURE `getAllInactiveStudents`()
BEGIN

SELECT 
r.*,s.*,a.*,
s.student_type AS aStudentType, 
s.isActive AS aStudentStatus
 
FROM registration_mt r
INNER JOIN admission_mt a ON r.registration_id = a.registration_Id
INNER JOIN student_mt s ON r.registration_id = s.registration_id
LEFT JOIN schoolyear_student_lt sslt ON s.student_id = sslt.student_id
WHERE s.isActive = 0
GROUP BY r.registration_id ORDER BY r.lastname;

END ;;
DELIMITER ;
/*!50003 SET sql_mode              = @saved_sql_mode */ ;
/*!50003 SET character_set_client  = @saved_cs_client */ ;
/*!50003 SET character_set_results = @saved_cs_results */ ;
/*!50003 SET collation_connection  = @saved_col_connection */ ;
/*!50003 DROP PROCEDURE IF EXISTS `getAllInactiveStudentsBySchoolYear` */;
/*!50003 SET @saved_cs_client      = @@character_set_client */ ;
/*!50003 SET @saved_cs_results     = @@character_set_results */ ;
/*!50003 SET @saved_col_connection = @@collation_connection */ ;
/*!50003 SET character_set_client  = utf8 */ ;
/*!50003 SET character_set_results = utf8 */ ;
/*!50003 SET collation_connection  = utf8_general_ci */ ;
/*!50003 SET @saved_sql_mode       = @@sql_mode */ ;
/*!50003 SET sql_mode              = 'NO_ENGINE_SUBSTITUTION' */ ;
DELIMITER ;;
CREATE DEFINER=`root`@`localhost` PROCEDURE `getAllInactiveStudentsBySchoolYear`(IN aSchoolYearId INT)
BEGIN

SELECT 
s.*, r.*,a.*,
sy.schoolyear_id,
sy.yearFrom , sy.yearTo,

gl.grade_level,
gla.grade_level AS 		last_gradelevel_enrolled,
sslt.passed AS 			has_passed_last_gradelevel,
sslt.schoolyear_id AS 	last_gradelevel_enrolled_schoolyear_id,
sya.yearFrom AS 		last_gradelevel_enrolled_schoolyear_yearFrom,
sya.yearTo AS 			last_gradelevel_enrolled_schoolyear_yearTo,

CASE 
WHEN r.student_type = 'New' THEN gl.grade_level
WHEN r.student_type = 'Transferee' THEN gl.grade_level
WHEN r.student_type = 'Old' AND sslt.passed = 0 THEN gla.grade_level
WHEN r.student_type = 'Old' AND sslt.passed = 1 THEN gla.grade_level+1
END AS recommended_gradelevel_to_enroll

FROM registration_mt r 
INNER JOIN schoolyear_mt sy ON r.schoolyear_id = sy.schoolyear_id
INNER JOIN gradelevel_mt gl ON r.gradelevel_id = gl.gradelevel_id

INNER JOIN admission_mt a ON r.registration_id = a.registration_id
INNER JOIN student_mt s ON  a.registration_id = s.registration_id

LEFT OUTER JOIN schoolyear_student_lt sslt ON s.student_id = sslt.student_id
LEFT OUTER JOIN schoolyear_mt sya ON sslt.schoolyear_id = sya.schoolyear_id
LEFT OUTER JOIN gradelevel_mt gla ON sslt.gradelevel_id = gla.gradelevel_id

INNER JOIN 
(SELECT gl.grade_level 
	FROM registration_mt r 
	INNER JOIN gradelevel_mt gl 
	ON r.gradelevel_id = gl.gradelevel_id
	ORDER BY r.gradelevel_id ASC LIMIT 1) 
		AS registration_gradelevel_selected

WHERE s.isActive = 0 AND
sy.schoolyear_id = aSchoolYearId
GROUP BY recommended_gradelevel_to_enroll
ORDER BY sya.yearFrom DESC, sya.yearTo DESC, gla.grade_level DESC
;

END ;;
DELIMITER ;
/*!50003 SET sql_mode              = @saved_sql_mode */ ;
/*!50003 SET character_set_client  = @saved_cs_client */ ;
/*!50003 SET character_set_results = @saved_cs_results */ ;
/*!50003 SET collation_connection  = @saved_col_connection */ ;
/*!50003 DROP PROCEDURE IF EXISTS `getAllNewStudentsByGradeLevelId` */;
/*!50003 SET @saved_cs_client      = @@character_set_client */ ;
/*!50003 SET @saved_cs_results     = @@character_set_results */ ;
/*!50003 SET @saved_col_connection = @@collation_connection */ ;
/*!50003 SET character_set_client  = utf8 */ ;
/*!50003 SET character_set_results = utf8 */ ;
/*!50003 SET collation_connection  = utf8_general_ci */ ;
/*!50003 SET @saved_sql_mode       = @@sql_mode */ ;
/*!50003 SET sql_mode              = 'NO_ENGINE_SUBSTITUTION' */ ;
DELIMITER ;;
CREATE DEFINER=`root`@`localhost` PROCEDURE `getAllNewStudentsByGradeLevelId`(IN pIN_gradeLevelId INT)
BEGIN
	
    SELECT 
    student_mt.student_id, 
	registration_mt.firstname, registration_mt.middlename, registration_mt.lastname,
    transferee_grade.gwa
    
    FROM transferee_grade
    
    INNER JOIN student_mt ON student_mt.student_id = transferee_grade.student_id
    INNER JOIN registration_mt ON registration_mt.registration_id = student_mt.registration_id
    
    WHERE registration_mt.gradelevel_id = pIN_gradeLevelId;

END ;;
DELIMITER ;
/*!50003 SET sql_mode              = @saved_sql_mode */ ;
/*!50003 SET character_set_client  = @saved_cs_client */ ;
/*!50003 SET character_set_results = @saved_cs_results */ ;
/*!50003 SET collation_connection  = @saved_col_connection */ ;
/*!50003 DROP PROCEDURE IF EXISTS `getAllOfficialReceiptsByStudentId` */;
/*!50003 SET @saved_cs_client      = @@character_set_client */ ;
/*!50003 SET @saved_cs_results     = @@character_set_results */ ;
/*!50003 SET @saved_col_connection = @@collation_connection */ ;
/*!50003 SET character_set_client  = utf8 */ ;
/*!50003 SET character_set_results = utf8 */ ;
/*!50003 SET collation_connection  = utf8_general_ci */ ;
/*!50003 SET @saved_sql_mode       = @@sql_mode */ ;
/*!50003 SET sql_mode              = 'NO_ENGINE_SUBSTITUTION' */ ;
DELIMITER ;;
CREATE DEFINER=`root`@`localhost` PROCEDURE `getAllOfficialReceiptsByStudentId`(
aStudentId INT
)
BEGIN

SELECT 
t.student_id, 
o.or_no_id, t.or_no_attached,
t.amount_received, t.amount_charged, 
(t.amount_received - t.amount_charged) AS change_amount, t.date_charged,
o.schoolyear_id,sy.yearfrom,yearTo
FROM transaction_mt t 
INNER JOIN or_no_mt o ON t.or_no_attached = o.or_no
LEFT JOIN schoolyear_mt sy ON o.schoolyear_id = sy.schoolyear_id
WHERE t.student_id = aStudentId
GROUP BY t.or_no_attached;

END ;;
DELIMITER ;
/*!50003 SET sql_mode              = @saved_sql_mode */ ;
/*!50003 SET character_set_client  = @saved_cs_client */ ;
/*!50003 SET character_set_results = @saved_cs_results */ ;
/*!50003 SET collation_connection  = @saved_col_connection */ ;
/*!50003 DROP PROCEDURE IF EXISTS `getAllOfficialReceiptsByStudentIdandSchoolYearId` */;
/*!50003 SET @saved_cs_client      = @@character_set_client */ ;
/*!50003 SET @saved_cs_results     = @@character_set_results */ ;
/*!50003 SET @saved_col_connection = @@collation_connection */ ;
/*!50003 SET character_set_client  = utf8 */ ;
/*!50003 SET character_set_results = utf8 */ ;
/*!50003 SET collation_connection  = utf8_general_ci */ ;
/*!50003 SET @saved_sql_mode       = @@sql_mode */ ;
/*!50003 SET sql_mode              = 'NO_ENGINE_SUBSTITUTION' */ ;
DELIMITER ;;
CREATE DEFINER=`root`@`localhost` PROCEDURE `getAllOfficialReceiptsByStudentIdandSchoolYearId`(
aStudentId INT, aSchoolYearId INT
)
BEGIN

SELECT 
t.student_id, 
o.or_no_id, t.or_no_attached,
t.amount_received, t.amount_charged, 
(t.amount_received - t.amount_charged) AS change_amount, t.date_charged,
o.schoolyear_id,sy.yearfrom,yearTo
FROM transaction_mt t 
INNER JOIN or_no_mt o ON t.or_no_attached = o.or_no
LEFT JOIN schoolyear_mt sy ON o.schoolyear_id = sy.schoolyear_id
WHERE t.student_id = aStudentId AND o.schoolyear_id = aSchoolYearId
GROUP BY t.or_no_attached;

END ;;
DELIMITER ;
/*!50003 SET sql_mode              = @saved_sql_mode */ ;
/*!50003 SET character_set_client  = @saved_cs_client */ ;
/*!50003 SET character_set_results = @saved_cs_results */ ;
/*!50003 SET collation_connection  = @saved_col_connection */ ;
/*!50003 DROP PROCEDURE IF EXISTS `getAllOldStudentsByGradeLevelId` */;
/*!50003 SET @saved_cs_client      = @@character_set_client */ ;
/*!50003 SET @saved_cs_results     = @@character_set_results */ ;
/*!50003 SET @saved_col_connection = @@collation_connection */ ;
/*!50003 SET character_set_client  = utf8 */ ;
/*!50003 SET character_set_results = utf8 */ ;
/*!50003 SET collation_connection  = utf8_general_ci */ ;
/*!50003 SET @saved_sql_mode       = @@sql_mode */ ;
/*!50003 SET sql_mode              = 'NO_ENGINE_SUBSTITUTION' */ ;
DELIMITER ;;
CREATE DEFINER=`root`@`localhost` PROCEDURE `getAllOldStudentsByGradeLevelId`(IN pIN_gradeLevelId INT)
BEGIN
	SELECT 
		student_mt.student_id,
		registration_mt.firstname, registration_mt.middlename, registration_mt.lastname,
		grade.gwa

		FROM schoolyear_student_lt

		INNER JOIN student_mt ON student_mt.student_id = schoolyear_student_lt.student_id
		INNER JOIN registration_mt ON registration_mt.registration_id = student_mt.registration_id
		INNER JOIN student_grade ON student_grade.student_id = student_mt.student_id
		INNER JOIN grade ON grade.grade_id = student_grade.grade_id

		WHERE schoolyear_student_lt.isActive = 1 
		AND schoolyear_student_lt.gradelevel_id =  pIN_gradeLevelId
		AND student_grade.isActive = 1
        
        GROUP BY
        student_mt.student_id,
		registration_mt.firstname, registration_mt.middlename, registration_mt.lastname,
		grade.gwa;
END ;;
DELIMITER ;
/*!50003 SET sql_mode              = @saved_sql_mode */ ;
/*!50003 SET character_set_client  = @saved_cs_client */ ;
/*!50003 SET character_set_results = @saved_cs_results */ ;
/*!50003 SET collation_connection  = @saved_col_connection */ ;
/*!50003 DROP PROCEDURE IF EXISTS `getAllPaymentTermPeriods` */;
/*!50003 SET @saved_cs_client      = @@character_set_client */ ;
/*!50003 SET @saved_cs_results     = @@character_set_results */ ;
/*!50003 SET @saved_col_connection = @@collation_connection */ ;
/*!50003 SET character_set_client  = utf8 */ ;
/*!50003 SET character_set_results = utf8 */ ;
/*!50003 SET collation_connection  = utf8_general_ci */ ;
/*!50003 SET @saved_sql_mode       = @@sql_mode */ ;
/*!50003 SET sql_mode              = 'NO_ENGINE_SUBSTITUTION' */ ;
DELIMITER ;;
CREATE DEFINER=`root`@`localhost` PROCEDURE `getAllPaymentTermPeriods`()
BEGIN

SELECT ptmt.paymentterm_id, ptmt.paymentterm_name,
ptp.period_id AS ptp_period_id, ptpay.period_id AS ptpay_period_id,
p.period_id ,p.period_code,p.period_name,ptpay.paymentdeadline
FROM paymentterm_mt ptmt 
LEFT JOIN paymentterm_period ptp ON ptmt.paymentterm_id = ptp.paymentterm_id
LEFT JOIN period p ON ptp.period_id = p.period_id
LEFT JOIN paymentterm_period_paymentdeadline ptpay ON ptp.period_id = ptpay.period_id;

END ;;
DELIMITER ;
/*!50003 SET sql_mode              = @saved_sql_mode */ ;
/*!50003 SET character_set_client  = @saved_cs_client */ ;
/*!50003 SET character_set_results = @saved_cs_results */ ;
/*!50003 SET collation_connection  = @saved_col_connection */ ;
/*!50003 DROP PROCEDURE IF EXISTS `getAllPaymentTermsAndPenaltyOfSy` */;
/*!50003 SET @saved_cs_client      = @@character_set_client */ ;
/*!50003 SET @saved_cs_results     = @@character_set_results */ ;
/*!50003 SET @saved_col_connection = @@collation_connection */ ;
/*!50003 SET character_set_client  = utf8 */ ;
/*!50003 SET character_set_results = utf8 */ ;
/*!50003 SET collation_connection  = utf8_general_ci */ ;
/*!50003 SET @saved_sql_mode       = @@sql_mode */ ;
/*!50003 SET sql_mode              = 'NO_ENGINE_SUBSTITUTION' */ ;
DELIMITER ;;
CREATE DEFINER=`root`@`localhost` PROCEDURE `getAllPaymentTermsAndPenaltyOfSy`(aSchoolYearId INT)
BEGIN

SELECT * FROM paymentterm_mt ptmt LEFT JOIN paymentterm_penalty pp ON ptmt.paymentterm_id = pp.paymentterm_id WHERE schoolyear_id = aSchoolYearId;

END ;;
DELIMITER ;
/*!50003 SET sql_mode              = @saved_sql_mode */ ;
/*!50003 SET character_set_client  = @saved_cs_client */ ;
/*!50003 SET character_set_results = @saved_cs_results */ ;
/*!50003 SET collation_connection  = @saved_col_connection */ ;
/*!50003 DROP PROCEDURE IF EXISTS `getAllPaymentTermsInfo` */;
/*!50003 SET @saved_cs_client      = @@character_set_client */ ;
/*!50003 SET @saved_cs_results     = @@character_set_results */ ;
/*!50003 SET @saved_col_connection = @@collation_connection */ ;
/*!50003 SET character_set_client  = utf8 */ ;
/*!50003 SET character_set_results = utf8 */ ;
/*!50003 SET collation_connection  = utf8_general_ci */ ;
/*!50003 SET @saved_sql_mode       = @@sql_mode */ ;
/*!50003 SET sql_mode              = 'NO_ENGINE_SUBSTITUTION' */ ;
DELIMITER ;;
CREATE DEFINER=`root`@`localhost` PROCEDURE `getAllPaymentTermsInfo`()
BEGIN
	
SELECT pt.*,pp.penalty_id, pp.schoolyear_id,pp.penalty_amount,pp.isActive AS isPenaltyActive, pp.date_added 
FROM paymentterm_mt pt
LEFT JOIN paymentterm_penalty pp ON pt.paymentterm_id = pp.paymentterm_id; 
    
END ;;
DELIMITER ;
/*!50003 SET sql_mode              = @saved_sql_mode */ ;
/*!50003 SET character_set_client  = @saved_cs_client */ ;
/*!50003 SET character_set_results = @saved_cs_results */ ;
/*!50003 SET collation_connection  = @saved_col_connection */ ;
/*!50003 DROP PROCEDURE IF EXISTS `getAllPeriodsByPaymentTermIdAndSy` */;
/*!50003 SET @saved_cs_client      = @@character_set_client */ ;
/*!50003 SET @saved_cs_results     = @@character_set_results */ ;
/*!50003 SET @saved_col_connection = @@collation_connection */ ;
/*!50003 SET character_set_client  = utf8 */ ;
/*!50003 SET character_set_results = utf8 */ ;
/*!50003 SET collation_connection  = utf8_general_ci */ ;
/*!50003 SET @saved_sql_mode       = @@sql_mode */ ;
/*!50003 SET sql_mode              = 'NO_ENGINE_SUBSTITUTION' */ ;
DELIMITER ;;
CREATE DEFINER=`root`@`localhost` PROCEDURE `getAllPeriodsByPaymentTermIdAndSy`(aPaymentTermId INT, aSchoolYearId INT)
BEGIN

SELECT * FROM paymentterm_period_paymentdeadline ptpp
LEFT JOIN period p ON  ptpp.period_id = p.period_id
WHERE ptpp.paymentterm_id = aPaymentTermId AND ptpp.schoolyear_id = aSchoolYearId;

END ;;
DELIMITER ;
/*!50003 SET sql_mode              = @saved_sql_mode */ ;
/*!50003 SET character_set_client  = @saved_cs_client */ ;
/*!50003 SET character_set_results = @saved_cs_results */ ;
/*!50003 SET collation_connection  = @saved_col_connection */ ;
/*!50003 DROP PROCEDURE IF EXISTS `getAllPromotedStudent` */;
/*!50003 SET @saved_cs_client      = @@character_set_client */ ;
/*!50003 SET @saved_cs_results     = @@character_set_results */ ;
/*!50003 SET @saved_col_connection = @@collation_connection */ ;
/*!50003 SET character_set_client  = utf8 */ ;
/*!50003 SET character_set_results = utf8 */ ;
/*!50003 SET collation_connection  = utf8_general_ci */ ;
/*!50003 SET @saved_sql_mode       = @@sql_mode */ ;
/*!50003 SET sql_mode              = 'NO_ENGINE_SUBSTITUTION' */ ;
DELIMITER ;;
CREATE DEFINER=`root`@`localhost` PROCEDURE `getAllPromotedStudent`(IN pIN_schoolyearId INT)
BEGIN
SELECT 
	
	student_mt.student_id, 
    registration_mt.firstname, registration_mt.middlename, registration_mt.lastname,
    gradelevel_mt.grade_level
    
    FROM schoolyear_student_lt
    
    INNER JOIN student_mt ON student_mt.student_id = schoolyear_student_lt.student_id
    INNER JOIN registration_mt ON registration_mt.registration_id = student_mt.registration_id
    INNER JOIN gradelevel_mt ON gradelevel_mt.gradelevel_id = schoolyear_student_lt.gradelevel_id
    
    WHERE schoolyear_student_lt.passed = 1
    AND schoolyear_student_lt.isActive = 0
    AND schoolyear_student_lt.schoolyear_id = pIN_schoolyearId;
    
END ;;
DELIMITER ;
/*!50003 SET sql_mode              = @saved_sql_mode */ ;
/*!50003 SET character_set_client  = @saved_cs_client */ ;
/*!50003 SET character_set_results = @saved_cs_results */ ;
/*!50003 SET collation_connection  = @saved_col_connection */ ;
/*!50003 DROP PROCEDURE IF EXISTS `getAllPromotedStudentsOf` */;
/*!50003 SET @saved_cs_client      = @@character_set_client */ ;
/*!50003 SET @saved_cs_results     = @@character_set_results */ ;
/*!50003 SET @saved_col_connection = @@collation_connection */ ;
/*!50003 SET character_set_client  = utf8 */ ;
/*!50003 SET character_set_results = utf8 */ ;
/*!50003 SET collation_connection  = utf8_general_ci */ ;
/*!50003 SET @saved_sql_mode       = @@sql_mode */ ;
/*!50003 SET sql_mode              = 'NO_ENGINE_SUBSTITUTION' */ ;
DELIMITER ;;
CREATE DEFINER=`root`@`localhost` PROCEDURE `getAllPromotedStudentsOf`(aSchoolYearId INT)
BEGIN

SELECT u.user_id, u.lastname AS userLastName, u.firstname AS userFirstName, u.middleName AS userMiddleName,p.*,
gFrom.gradelevel_id AS gradeLevelFromId,
gFrom.grade_level AS gradeLevelFrom,
gFrom.gradelevel_id AS gradeLevelToId,
gTo.grade_level AS gradeLevelTo,
s.*,r.* FROM promotion p
LEFT JOIN gradelevel_mt gFrom ON p.gradelevel_id_from = gFrom.gradelevel_id
LEFT JOIN gradelevel_mt gTo ON p.gradelevel_id_to = gTo.gradelevel_id
LEFT JOIN student_mt s ON p.student_id = s.student_id
LEFT JOIN admission_mt a ON s.admission_id = a.admission_id
LEFT JOIN registration_mt r ON a.registration_id = r.registration_id
LEFT JOIN user_mt u ON p.promoted_by_user_id = u.user_id  
WHERE yearpromoted_schoolyear_id = aSchoolYearId;

END ;;
DELIMITER ;
/*!50003 SET sql_mode              = @saved_sql_mode */ ;
/*!50003 SET character_set_client  = @saved_cs_client */ ;
/*!50003 SET character_set_results = @saved_cs_results */ ;
/*!50003 SET collation_connection  = @saved_col_connection */ ;
/*!50003 DROP PROCEDURE IF EXISTS `getAllQuarters` */;
/*!50003 SET @saved_cs_client      = @@character_set_client */ ;
/*!50003 SET @saved_cs_results     = @@character_set_results */ ;
/*!50003 SET @saved_col_connection = @@collation_connection */ ;
/*!50003 SET character_set_client  = utf8 */ ;
/*!50003 SET character_set_results = utf8 */ ;
/*!50003 SET collation_connection  = utf8_general_ci */ ;
/*!50003 SET @saved_sql_mode       = @@sql_mode */ ;
/*!50003 SET sql_mode              = 'NO_ENGINE_SUBSTITUTION' */ ;
DELIMITER ;;
CREATE DEFINER=`root`@`localhost` PROCEDURE `getAllQuarters`()
BEGIN
	SELECT 
    s.quarter_id,
    s.quarter_no,
    s.isActive,
    s.description,
    s.date_added,
    sslt.isCurrentQuarter,
    sslt.start_date,
    sslt.end_date,
    sslt.schoolyear_id,
    sy.yearFrom,
    sy.yearTo
FROM
    quarter_mt s
        INNER JOIN
    schoolyear_quarter_lt sslt ON s.quarter_id = sslt.quarter_id
        INNER JOIN
    schoolyear_mt sy ON sslt.schoolyear_id = sy.schoolyear_id;
END ;;
DELIMITER ;
/*!50003 SET sql_mode              = @saved_sql_mode */ ;
/*!50003 SET character_set_client  = @saved_cs_client */ ;
/*!50003 SET character_set_results = @saved_cs_results */ ;
/*!50003 SET collation_connection  = @saved_col_connection */ ;
/*!50003 DROP PROCEDURE IF EXISTS `getAllRegisteredStudentsByGradeId` */;
/*!50003 SET @saved_cs_client      = @@character_set_client */ ;
/*!50003 SET @saved_cs_results     = @@character_set_results */ ;
/*!50003 SET @saved_col_connection = @@collation_connection */ ;
/*!50003 SET character_set_client  = utf8 */ ;
/*!50003 SET character_set_results = utf8 */ ;
/*!50003 SET collation_connection  = utf8_general_ci */ ;
/*!50003 SET @saved_sql_mode       = @@sql_mode */ ;
/*!50003 SET sql_mode              = 'NO_ENGINE_SUBSTITUTION' */ ;
DELIMITER ;;
CREATE DEFINER=`root`@`localhost` PROCEDURE `getAllRegisteredStudentsByGradeId`(IN pIN_gradeLevelId INT)
BEGIN 
	SELECT schoolyear_student_lt.student_id, 
		registration_mt.firstname, registration_mt.middlename, registration_mt.lastname, 
		gradelevel_mt.grade_level
        
        FROM schoolyear_student_lt
        
			INNER JOIN student_mt ON student_mt.student_id = schoolyear_student_lt.student_id
			INNER JOIN registration_mt ON registration_mt.registration_id = student_mt.registration_id
			INNER JOIN gradelevel_mt ON gradelevel_mt.gradelevel_id = registration_mt.gradelevel_id
			WHERE schoolyear_student_lt.gradelevel_id = pIN_gradeLevelId;     
END ;;
DELIMITER ;
/*!50003 SET sql_mode              = @saved_sql_mode */ ;
/*!50003 SET character_set_client  = @saved_cs_client */ ;
/*!50003 SET character_set_results = @saved_cs_results */ ;
/*!50003 SET collation_connection  = @saved_col_connection */ ;
/*!50003 DROP PROCEDURE IF EXISTS `getAllRegisteredSubjectGradeLevel` */;
/*!50003 SET @saved_cs_client      = @@character_set_client */ ;
/*!50003 SET @saved_cs_results     = @@character_set_results */ ;
/*!50003 SET @saved_col_connection = @@collation_connection */ ;
/*!50003 SET character_set_client  = utf8 */ ;
/*!50003 SET character_set_results = utf8 */ ;
/*!50003 SET collation_connection  = utf8_general_ci */ ;
/*!50003 SET @saved_sql_mode       = @@sql_mode */ ;
/*!50003 SET sql_mode              = 'NO_ENGINE_SUBSTITUTION' */ ;
DELIMITER ;;
CREATE DEFINER=`root`@`localhost` PROCEDURE `getAllRegisteredSubjectGradeLevel`()
BEGIN 
	SELECT gradelevel_mt.grade_level FROM gradelevel_mt
    INNER JOIN subject_gradelevel_lt
    ON gradelevel_mt.gradelevel_id = subject_gradelevel_lt.gradelevel_id 
    GROUP BY grade_level ASC;
END ;;
DELIMITER ;
/*!50003 SET sql_mode              = @saved_sql_mode */ ;
/*!50003 SET character_set_client  = @saved_cs_client */ ;
/*!50003 SET character_set_results = @saved_cs_results */ ;
/*!50003 SET collation_connection  = @saved_col_connection */ ;
/*!50003 DROP PROCEDURE IF EXISTS `getAllRegistrationInfo` */;
/*!50003 SET @saved_cs_client      = @@character_set_client */ ;
/*!50003 SET @saved_cs_results     = @@character_set_results */ ;
/*!50003 SET @saved_col_connection = @@collation_connection */ ;
/*!50003 SET character_set_client  = utf8 */ ;
/*!50003 SET character_set_results = utf8 */ ;
/*!50003 SET collation_connection  = utf8_general_ci */ ;
/*!50003 SET @saved_sql_mode       = @@sql_mode */ ;
/*!50003 SET sql_mode              = 'NO_ENGINE_SUBSTITUTION' */ ;
DELIMITER ;;
CREATE DEFINER=`root`@`localhost` PROCEDURE `getAllRegistrationInfo`()
BEGIN
	SELECT r.*,g.*,s.*,a.*
    FROM registration_mt r
    INNER JOIN gradelevel_mt g ON r.gradelevel_id = g.gradelevel_id
    INNER JOIN schoolyear_mt s ON r.schoolyear_id = s.schoolyear_id
    LEFT JOIN admission_mt a ON r.registration_id = a.registration_id
    ORDER BY r.lastname;
END ;;
DELIMITER ;
/*!50003 SET sql_mode              = @saved_sql_mode */ ;
/*!50003 SET character_set_client  = @saved_cs_client */ ;
/*!50003 SET character_set_results = @saved_cs_results */ ;
/*!50003 SET collation_connection  = @saved_col_connection */ ;
/*!50003 DROP PROCEDURE IF EXISTS `getAllRegistrationInfoBy` */;
/*!50003 SET @saved_cs_client      = @@character_set_client */ ;
/*!50003 SET @saved_cs_results     = @@character_set_results */ ;
/*!50003 SET @saved_col_connection = @@collation_connection */ ;
/*!50003 SET character_set_client  = utf8 */ ;
/*!50003 SET character_set_results = utf8 */ ;
/*!50003 SET collation_connection  = utf8_general_ci */ ;
/*!50003 SET @saved_sql_mode       = @@sql_mode */ ;
/*!50003 SET sql_mode              = 'NO_ENGINE_SUBSTITUTION' */ ;
DELIMITER ;;
CREATE DEFINER=`root`@`localhost` PROCEDURE `getAllRegistrationInfoBy`(
aSyYearFrom INT, aGradeLevelNo INT
)
BEGIN

SELECT r.*,s.student_no,
CASE 
WHEN a.isComplete IS NULL THEN 'No' 
WHEN a.isComplete = 0 THEN 'No'
WHEN a.isComplete = 1 THEN 'Yes' END AS isAdmissionComplete
FROM registration_mt r 
LEFT JOIN admission_mt a ON r.registration_id = a.registration_id
LEFT JOIN student_mt s ON a.admission_id = s.admission_id
WHERE r.schoolyear_yearfrom = aSyYearFrom AND 
r.gradelevel_no = aGradeLevelNo;

END ;;
DELIMITER ;
/*!50003 SET sql_mode              = @saved_sql_mode */ ;
/*!50003 SET character_set_client  = @saved_cs_client */ ;
/*!50003 SET character_set_results = @saved_cs_results */ ;
/*!50003 SET collation_connection  = @saved_col_connection */ ;
/*!50003 DROP PROCEDURE IF EXISTS `getAllRegistrationInfoByAdmissionStatus` */;
/*!50003 SET @saved_cs_client      = @@character_set_client */ ;
/*!50003 SET @saved_cs_results     = @@character_set_results */ ;
/*!50003 SET @saved_col_connection = @@collation_connection */ ;
/*!50003 SET character_set_client  = utf8 */ ;
/*!50003 SET character_set_results = utf8 */ ;
/*!50003 SET collation_connection  = utf8_general_ci */ ;
/*!50003 SET @saved_sql_mode       = @@sql_mode */ ;
/*!50003 SET sql_mode              = 'NO_ENGINE_SUBSTITUTION' */ ;
DELIMITER ;;
CREATE DEFINER=`root`@`localhost` PROCEDURE `getAllRegistrationInfoByAdmissionStatus`(admissionStatus INT,aSyYearFrom INT)
BEGIN

	IF admissionStatus = 0
	THEN
		SELECT r.*,a.*,
		CASE 
		WHEN a.isComplete IS NULL THEN 'No' 
		WHEN a.isComplete = 0 THEN 'No'
		WHEN a.isComplete = 1 THEN 'Yes' END AS isAdmissionComplete
		FROM registration_mt r 
		LEFT JOIN admission_mt a ON r.registration_id = a.registration_id
		WHERE r.schoolyear_yearfrom = aSyYearFrom AND
        (a.isComplete = 0 OR a.isComplete IS NULL);
	END IF;

	IF admissionStatus = 1
	THEN 
		SELECT r.*,
		CASE 
		WHEN a.isComplete IS NULL THEN 'No' 
		WHEN a.isComplete = 0 THEN 'No'
		WHEN a.isComplete = 1 THEN 'Yes' END AS isAdmissionComplete
		FROM registration_mt r 
		LEFT JOIN admission_mt a ON r.registration_id = a.registration_id
		WHERE a.isComplete = 1 AND r.schoolyear_yearfrom = aSyYearFrom;
	END IF;

END ;;
DELIMITER ;
/*!50003 SET sql_mode              = @saved_sql_mode */ ;
/*!50003 SET character_set_client  = @saved_cs_client */ ;
/*!50003 SET character_set_results = @saved_cs_results */ ;
/*!50003 SET collation_connection  = @saved_col_connection */ ;
/*!50003 DROP PROCEDURE IF EXISTS `getAllRegistrationInfoBySyYearFrom` */;
/*!50003 SET @saved_cs_client      = @@character_set_client */ ;
/*!50003 SET @saved_cs_results     = @@character_set_results */ ;
/*!50003 SET @saved_col_connection = @@collation_connection */ ;
/*!50003 SET character_set_client  = utf8 */ ;
/*!50003 SET character_set_results = utf8 */ ;
/*!50003 SET collation_connection  = utf8_general_ci */ ;
/*!50003 SET @saved_sql_mode       = @@sql_mode */ ;
/*!50003 SET sql_mode              = 'NO_ENGINE_SUBSTITUTION' */ ;
DELIMITER ;;
CREATE DEFINER=`root`@`localhost` PROCEDURE `getAllRegistrationInfoBySyYearFrom`(aSchoolYearYearFrom INT)
BEGIN

SELECT r.*,s.student_no,
CASE 
WHEN a.isComplete IS NULL THEN 'No' 
WHEN a.isComplete = 0 THEN 'No'
WHEN a.isComplete = 1 THEN 'Yes' END AS isAdmissionComplete
FROM registration_mt r 
LEFT JOIN admission_mt a ON r.registration_id = a.registration_id
LEFT JOIN student_mt s ON a.admission_id = s.admission_id
WHERE schoolyear_yearfrom = aSchoolYearYearFrom
ORDER BY r.lastname;

END ;;
DELIMITER ;
/*!50003 SET sql_mode              = @saved_sql_mode */ ;
/*!50003 SET character_set_client  = @saved_cs_client */ ;
/*!50003 SET character_set_results = @saved_cs_results */ ;
/*!50003 SET collation_connection  = @saved_col_connection */ ;
/*!50003 DROP PROCEDURE IF EXISTS `getAllRegistrationInfoByWildCard` */;
/*!50003 SET @saved_cs_client      = @@character_set_client */ ;
/*!50003 SET @saved_cs_results     = @@character_set_results */ ;
/*!50003 SET @saved_col_connection = @@collation_connection */ ;
/*!50003 SET character_set_client  = utf8 */ ;
/*!50003 SET character_set_results = utf8 */ ;
/*!50003 SET collation_connection  = utf8_general_ci */ ;
/*!50003 SET @saved_sql_mode       = @@sql_mode */ ;
/*!50003 SET sql_mode              = 'NO_ENGINE_SUBSTITUTION' */ ;
DELIMITER ;;
CREATE DEFINER=`root`@`localhost` PROCEDURE `getAllRegistrationInfoByWildCard`(wildCardChar VARCHAR(255),aSyYearFrom INT)
BEGIN
	
SELECT r.*, 
CASE 
WHEN a.isComplete IS NULL THEN 'No' 
WHEN a.isComplete = 0 THEN 'No'
WHEN a.isComplete = 1 THEN 'Yes' END AS isAdmissionComplete
FROM registration_mt r 
LEFT JOIN admission_mt a ON r.registration_id = a.registration_id
WHERE 
r.schoolyear_yearfrom = aSyYearFrom AND
(
r.lastname LIKE CONCAT('%',wildCardChar,'%') OR
r.firstname LIKE CONCAT('%',wildCardChar,'%') OR 
r.middlename LIKE CONCAT('%',wildCardChar,'%') 
)
ORDER BY r.lastname ASC;

    
END ;;
DELIMITER ;
/*!50003 SET sql_mode              = @saved_sql_mode */ ;
/*!50003 SET character_set_client  = @saved_cs_client */ ;
/*!50003 SET character_set_results = @saved_cs_results */ ;
/*!50003 SET collation_connection  = @saved_col_connection */ ;
/*!50003 DROP PROCEDURE IF EXISTS `getAllRoles` */;
/*!50003 SET @saved_cs_client      = @@character_set_client */ ;
/*!50003 SET @saved_cs_results     = @@character_set_results */ ;
/*!50003 SET @saved_col_connection = @@collation_connection */ ;
/*!50003 SET character_set_client  = utf8 */ ;
/*!50003 SET character_set_results = utf8 */ ;
/*!50003 SET collation_connection  = utf8_general_ci */ ;
/*!50003 SET @saved_sql_mode       = @@sql_mode */ ;
/*!50003 SET sql_mode              = 'NO_ENGINE_SUBSTITUTION' */ ;
DELIMITER ;;
CREATE DEFINER=`root`@`localhost` PROCEDURE `getAllRoles`()
BEGIN

SELECT * FROM role;

END ;;
DELIMITER ;
/*!50003 SET sql_mode              = @saved_sql_mode */ ;
/*!50003 SET character_set_client  = @saved_cs_client */ ;
/*!50003 SET character_set_results = @saved_cs_results */ ;
/*!50003 SET collation_connection  = @saved_col_connection */ ;
/*!50003 DROP PROCEDURE IF EXISTS `getAllRoomInformation` */;
/*!50003 SET @saved_cs_client      = @@character_set_client */ ;
/*!50003 SET @saved_cs_results     = @@character_set_results */ ;
/*!50003 SET @saved_col_connection = @@collation_connection */ ;
/*!50003 SET character_set_client  = utf8 */ ;
/*!50003 SET character_set_results = utf8 */ ;
/*!50003 SET collation_connection  = utf8_general_ci */ ;
/*!50003 SET @saved_sql_mode       = @@sql_mode */ ;
/*!50003 SET sql_mode              = 'NO_ENGINE_SUBSTITUTION' */ ;
DELIMITER ;;
CREATE DEFINER=`root`@`localhost` PROCEDURE `getAllRoomInformation`()
BEGIN
	SELECT 
    r.room_name_or_num,
    r.bldg_name_or_num,
    r.capacity,
    CONCAT(u.lastname,', ',u.firstname,' ',u.middlename) AS addedBy,
    rhd.dateAdded,
    CONCAT(usr.lastname,', ',usr.firstname,' ',usr.middlename) AS lastEditedBy,
    rhd.dateLastEdited
    FROM room r
    INNER JOIN room_schoolyear 	rs 	ON r.room_id = rs.room_id
    INNER JOIN room_hd 			rhd ON r.room_id = rhd.room_id
    INNER JOIN schoolyear 		sy 	ON rs.schoolyear_id = sy.schoolyear_id
    INNER JOIN user 			u 	ON rhd.addedBy_UserId = u.user_id
    INNER JOIN user 			usr ON rhd.editedBy_UserId = u.user_id
    
    ORDER BY rhd.dateAdded ASC;
END ;;
DELIMITER ;
/*!50003 SET sql_mode              = @saved_sql_mode */ ;
/*!50003 SET character_set_client  = @saved_cs_client */ ;
/*!50003 SET character_set_results = @saved_cs_results */ ;
/*!50003 SET collation_connection  = @saved_col_connection */ ;
/*!50003 DROP PROCEDURE IF EXISTS `getAllRoomsInfoByWildCard` */;
/*!50003 SET @saved_cs_client      = @@character_set_client */ ;
/*!50003 SET @saved_cs_results     = @@character_set_results */ ;
/*!50003 SET @saved_col_connection = @@collation_connection */ ;
/*!50003 SET character_set_client  = utf8 */ ;
/*!50003 SET character_set_results = utf8 */ ;
/*!50003 SET collation_connection  = utf8_general_ci */ ;
/*!50003 SET @saved_sql_mode       = @@sql_mode */ ;
/*!50003 SET sql_mode              = 'NO_ENGINE_SUBSTITUTION' */ ;
DELIMITER ;;
CREATE DEFINER=`root`@`localhost` PROCEDURE `getAllRoomsInfoByWildCard`(wildCardChar VARCHAR (255))
BEGIN

SELECT r.*
FROM room_mt r 
WHERE r.room_id LIKE CONCAT('%',wildCardChar,'%') OR
r.room_name_or_num  LIKE CONCAT('%',wildCardChar,'%') OR
r.bldg_name_or_num LIKE CONCAT('%',wildCardChar,'%')
GROUP BY r.room_id;

END ;;
DELIMITER ;
/*!50003 SET sql_mode              = @saved_sql_mode */ ;
/*!50003 SET character_set_client  = @saved_cs_client */ ;
/*!50003 SET character_set_results = @saved_cs_results */ ;
/*!50003 SET collation_connection  = @saved_col_connection */ ;
/*!50003 DROP PROCEDURE IF EXISTS `getAllScheduleBySchoolYearSectionAndStatus` */;
/*!50003 SET @saved_cs_client      = @@character_set_client */ ;
/*!50003 SET @saved_cs_results     = @@character_set_results */ ;
/*!50003 SET @saved_col_connection = @@collation_connection */ ;
/*!50003 SET character_set_client  = utf8 */ ;
/*!50003 SET character_set_results = utf8 */ ;
/*!50003 SET collation_connection  = utf8_general_ci */ ;
/*!50003 SET @saved_sql_mode       = @@sql_mode */ ;
/*!50003 SET sql_mode              = 'NO_ENGINE_SUBSTITUTION' */ ;
DELIMITER ;;
CREATE DEFINER=`root`@`localhost` PROCEDURE `getAllScheduleBySchoolYearSectionAndStatus`(
aSchoolYearId INT, aSectionId INT, aStatus INT
)
BEGIN

SELECT 
sched.schedule_id,
sched.schedule_day, sched.startTime, sched.endTime, 
sched.schoolyear_id, sy.yearFrom, sy.yearTo, sy.isCurrentSchoolYear, sy.isActive,
sched.subject_id, subj.title, subj.`code`, subj.isActive, 
sched.section_id, sec.sectionName, sec.isActive, 
sched.room_id, r.room_name_or_num, r.bldg_name_or_num, r.capacity, r.notes, r.`status`,
sched.gradelevel_id, gl.grade_level, gl.isActive, 
sched.faculty_id, f.lastName, f.firstName, f.middleName, f.contactNo, f.email, f.`status`,
sched.schedule_session,sched.isActive AS schedule_status
FROM schedule_mt sched
LEFT JOIN schoolyear_mt sy ON sched.schoolyear_id = sy.schoolyear_id
LEFT JOIN subject_mt subj ON sched.subject_id = subj.subject_id
LEFT JOIN section_mt sec ON sched.section_id = sec.section_id
LEFT JOIN room_mt r ON sched.room_id = r.room_id
LEFT JOIN gradelevel_mt gl ON sched.gradelevel_id = gl.gradelevel_id
LEFT JOIN faculty_mt f ON sched.faculty_id = f.faculty_id
WHERE sched.schoolyear_id = aSchoolYearId AND 
sched.section_id = aSectionId AND
sched.isActive = aStatus;

END ;;
DELIMITER ;
/*!50003 SET sql_mode              = @saved_sql_mode */ ;
/*!50003 SET character_set_client  = @saved_cs_client */ ;
/*!50003 SET character_set_results = @saved_cs_results */ ;
/*!50003 SET collation_connection  = @saved_col_connection */ ;
/*!50003 DROP PROCEDURE IF EXISTS `getAllSchedules` */;
/*!50003 SET @saved_cs_client      = @@character_set_client */ ;
/*!50003 SET @saved_cs_results     = @@character_set_results */ ;
/*!50003 SET @saved_col_connection = @@collation_connection */ ;
/*!50003 SET character_set_client  = utf8 */ ;
/*!50003 SET character_set_results = utf8 */ ;
/*!50003 SET collation_connection  = utf8_general_ci */ ;
/*!50003 SET @saved_sql_mode       = @@sql_mode */ ;
/*!50003 SET sql_mode              = 'NO_ENGINE_SUBSTITUTION' */ ;
DELIMITER ;;
CREATE DEFINER=`root`@`localhost` PROCEDURE `getAllSchedules`()
BEGIN

SELECT 
sched.schedule_id,
sched.schedule_day, sched.startTime, sched.endTime, 
sched.schoolyear_id, sy.yearFrom, sy.yearTo, sy.isCurrentSchoolYear, sy.isActive,
sched.subject_id, subj.title, subj.`code`, subj.isActive, 
sched.section_id, sec.sectionName, sec.isActive, 
sched.room_id, r.room_name_or_num, r.bldg_name_or_num, r.capacity, r.notes, r.`status`,
sched.gradelevel_id, gl.grade_level, gl.isActive, 
sched.faculty_id, f.lastName, f.firstName, f.middleName, f.contactNo, f.email, f.`status`,
sched.schedule_session,sched.isActive AS schedule_status
FROM schedule_mt sched
LEFT JOIN schoolyear_mt sy ON sched.schoolyear_id = sy.schoolyear_id
LEFT JOIN subject_mt subj ON sched.subject_id = subj.subject_id
LEFT JOIN section_mt sec ON sched.section_id = sec.section_id
LEFT JOIN room_mt r ON sched.room_id = r.room_id
LEFT JOIN gradelevel_mt gl ON sched.gradelevel_id = gl.gradelevel_id
LEFT JOIN faculty_mt f ON sched.faculty_id = f.faculty_id;

END ;;
DELIMITER ;
/*!50003 SET sql_mode              = @saved_sql_mode */ ;
/*!50003 SET character_set_client  = @saved_cs_client */ ;
/*!50003 SET character_set_results = @saved_cs_results */ ;
/*!50003 SET collation_connection  = @saved_col_connection */ ;
/*!50003 DROP PROCEDURE IF EXISTS `getAllSchedulesBySchoolYearAndStatus` */;
/*!50003 SET @saved_cs_client      = @@character_set_client */ ;
/*!50003 SET @saved_cs_results     = @@character_set_results */ ;
/*!50003 SET @saved_col_connection = @@collation_connection */ ;
/*!50003 SET character_set_client  = utf8 */ ;
/*!50003 SET character_set_results = utf8 */ ;
/*!50003 SET collation_connection  = utf8_general_ci */ ;
/*!50003 SET @saved_sql_mode       = @@sql_mode */ ;
/*!50003 SET sql_mode              = 'NO_ENGINE_SUBSTITUTION' */ ;
DELIMITER ;;
CREATE DEFINER=`root`@`localhost` PROCEDURE `getAllSchedulesBySchoolYearAndStatus`(
aSchoolYearId INT, aStatus INT
)
BEGIN

SELECT 
sched.schedule_id,
sched.schedule_day, sched.startTime, sched.endTime, 
sched.schoolyear_id, sy.yearFrom, sy.yearTo, sy.isCurrentSchoolYear, sy.isActive,
sched.subject_id, subj.title, subj.`code`, subj.isActive, 
sched.section_id, sec.sectionName, sec.isActive, 
sched.room_id, r.room_name_or_num, r.bldg_name_or_num, r.capacity, r.notes, r.`status`,
sched.gradelevel_id, gl.grade_level, gl.isActive, 
sched.faculty_id, f.lastName, f.firstName, f.middleName, f.contactNo, f.email, f.`status`,
sched.schedule_session,sched.isActive AS schedule_status
FROM schedule_mt sched
LEFT JOIN schoolyear_mt sy ON sched.schoolyear_id = sy.schoolyear_id
LEFT JOIN subject_mt subj ON sched.subject_id = subj.subject_id
LEFT JOIN section_mt sec ON sched.section_id = sec.section_id
LEFT JOIN room_mt r ON sched.room_id = r.room_id
LEFT JOIN gradelevel_mt gl ON sched.gradelevel_id = gl.gradelevel_id
LEFT JOIN faculty_mt f ON sched.faculty_id = f.faculty_id
WHERE sched.schoolyear_id = aSchoolYearId AND sched.isActive = aStatus;

END ;;
DELIMITER ;
/*!50003 SET sql_mode              = @saved_sql_mode */ ;
/*!50003 SET character_set_client  = @saved_cs_client */ ;
/*!50003 SET character_set_results = @saved_cs_results */ ;
/*!50003 SET collation_connection  = @saved_col_connection */ ;
/*!50003 DROP PROCEDURE IF EXISTS `getAllSchedulesBySchoolYearFacultyAndStatus` */;
/*!50003 SET @saved_cs_client      = @@character_set_client */ ;
/*!50003 SET @saved_cs_results     = @@character_set_results */ ;
/*!50003 SET @saved_col_connection = @@collation_connection */ ;
/*!50003 SET character_set_client  = utf8 */ ;
/*!50003 SET character_set_results = utf8 */ ;
/*!50003 SET collation_connection  = utf8_general_ci */ ;
/*!50003 SET @saved_sql_mode       = @@sql_mode */ ;
/*!50003 SET sql_mode              = 'NO_ENGINE_SUBSTITUTION' */ ;
DELIMITER ;;
CREATE DEFINER=`root`@`localhost` PROCEDURE `getAllSchedulesBySchoolYearFacultyAndStatus`(
aSchoolYearId INT, aFacultyId INT, aStatus INT
)
BEGIN

SELECT 
sched.schedule_id,
sched.schedule_day, sched.startTime, sched.endTime, 
sched.schoolyear_id, sy.yearFrom, sy.yearTo, sy.isCurrentSchoolYear, sy.isActive,
sched.subject_id, subj.title, subj.`code`, subj.isActive, 
sched.section_id, sec.sectionName, sec.isActive, 
sched.room_id, r.room_name_or_num, r.bldg_name_or_num, r.capacity, r.notes, r.`status`,
sched.gradelevel_id, gl.grade_level, gl.isActive, 
sched.faculty_id, f.lastName, f.firstName, f.middleName, f.contactNo, f.email, f.`status`,
sched.schedule_session,sched.isActive AS schedule_status
FROM schedule_mt sched
LEFT JOIN schoolyear_mt sy ON sched.schoolyear_id = sy.schoolyear_id
LEFT JOIN subject_mt subj ON sched.subject_id = subj.subject_id
LEFT JOIN section_mt sec ON sched.section_id = sec.section_id
LEFT JOIN room_mt r ON sched.room_id = r.room_id
LEFT JOIN gradelevel_mt gl ON sched.gradelevel_id = gl.gradelevel_id
LEFT JOIN faculty_mt f ON sched.faculty_id = f.faculty_id
WHERE sched.schoolyear_id = aSchoolYearId AND 
sched.faculty_id = aFacultyId AND
sched.isActive = aStatus;

END ;;
DELIMITER ;
/*!50003 SET sql_mode              = @saved_sql_mode */ ;
/*!50003 SET character_set_client  = @saved_cs_client */ ;
/*!50003 SET character_set_results = @saved_cs_results */ ;
/*!50003 SET collation_connection  = @saved_col_connection */ ;
/*!50003 DROP PROCEDURE IF EXISTS `getAllSchedulesBySchoolYearGradeLevelAndStatus` */;
/*!50003 SET @saved_cs_client      = @@character_set_client */ ;
/*!50003 SET @saved_cs_results     = @@character_set_results */ ;
/*!50003 SET @saved_col_connection = @@collation_connection */ ;
/*!50003 SET character_set_client  = utf8 */ ;
/*!50003 SET character_set_results = utf8 */ ;
/*!50003 SET collation_connection  = utf8_general_ci */ ;
/*!50003 SET @saved_sql_mode       = @@sql_mode */ ;
/*!50003 SET sql_mode              = 'NO_ENGINE_SUBSTITUTION' */ ;
DELIMITER ;;
CREATE DEFINER=`root`@`localhost` PROCEDURE `getAllSchedulesBySchoolYearGradeLevelAndStatus`(
aSchoolYearId INT, aGradeLevelId INT, aStatus INT(1)
)
BEGIN

SELECT
sched.schedule_id, 
sched.schedule_day, sched.startTime, sched.endTime, 
sched.schoolyear_id, sy.yearFrom, sy.yearTo, sy.isCurrentSchoolYear, sy.isActive,
sched.subject_id, subj.title, subj.`code`, subj.isActive, 
sched.section_id, sec.sectionName, sec.isActive, 
sched.room_id, r.room_name_or_num, r.bldg_name_or_num, r.capacity, r.notes, r.`status`,
sched.gradelevel_id, gl.grade_level, gl.isActive, 
sched.faculty_id, f.lastName, f.firstName, f.middleName, f.contactNo, f.email, f.`status`,
sched.schedule_session,sched.isActive AS schedule_status
FROM schedule_mt sched
LEFT JOIN schoolyear_mt sy ON sched.schoolyear_id = sy.schoolyear_id
LEFT JOIN subject_mt subj ON sched.subject_id = subj.subject_id
LEFT JOIN section_mt sec ON sched.section_id = sec.section_id
LEFT JOIN room_mt r ON sched.room_id = r.room_id
LEFT JOIN gradelevel_mt gl ON sched.gradelevel_id = gl.gradelevel_id
LEFT JOIN faculty_mt f ON sched.faculty_id = f.faculty_id
WHERE sched.schoolyear_id = aSchoolYearId AND 
sched.gradelevel_id = aGradeLevelId AND
sched.isActive = aStatus;

END ;;
DELIMITER ;
/*!50003 SET sql_mode              = @saved_sql_mode */ ;
/*!50003 SET character_set_client  = @saved_cs_client */ ;
/*!50003 SET character_set_results = @saved_cs_results */ ;
/*!50003 SET collation_connection  = @saved_col_connection */ ;
/*!50003 DROP PROCEDURE IF EXISTS `getAllSchoolYear` */;
/*!50003 SET @saved_cs_client      = @@character_set_client */ ;
/*!50003 SET @saved_cs_results     = @@character_set_results */ ;
/*!50003 SET @saved_col_connection = @@collation_connection */ ;
/*!50003 SET character_set_client  = utf8 */ ;
/*!50003 SET character_set_results = utf8 */ ;
/*!50003 SET collation_connection  = utf8_general_ci */ ;
/*!50003 SET @saved_sql_mode       = @@sql_mode */ ;
/*!50003 SET sql_mode              = 'NO_ENGINE_SUBSTITUTION' */ ;
DELIMITER ;;
CREATE DEFINER=`root`@`localhost` PROCEDURE `getAllSchoolYear`()
BEGIN

SELECT sy.* ,
    (SELECT start_date FROM schoolyear_quarter_lt WHERE schoolyear_id = sy.schoolyear_id AND quarter_no = 1) AS Q1Start,
	(SELECT end_date FROM schoolyear_quarter_lt WHERE schoolyear_id = sy.schoolyear_id AND quarter_no = 1) AS Q1End ,
	(SELECT grading_due_date FROM schoolyear_quarter_lt WHERE schoolyear_id = sy.schoolyear_id AND quarter_no = 1) AS Q1GradingDueDate ,
	(SELECT start_date FROM schoolyear_quarter_lt WHERE schoolyear_id = sy.schoolyear_id AND quarter_no = 2) AS Q2Start ,
	(SELECT end_date FROM schoolyear_quarter_lt WHERE schoolyear_id = sy.schoolyear_id AND quarter_no = 2) AS Q2End ,
	(SELECT grading_due_date FROM schoolyear_quarter_lt WHERE schoolyear_id = sy.schoolyear_id AND quarter_no = 2) AS Q2GradingDueDate ,
	(SELECT start_date FROM schoolyear_quarter_lt WHERE schoolyear_id = sy.schoolyear_id AND quarter_no = 3) AS Q3Start ,
	(SELECT end_date FROM schoolyear_quarter_lt WHERE schoolyear_id = sy.schoolyear_id AND quarter_no = 3) AS Q3End,
	(SELECT grading_due_date FROM schoolyear_quarter_lt WHERE schoolyear_id = sy.schoolyear_id AND quarter_no = 3) AS Q3GradingDueDate ,
	(SELECT start_date FROM schoolyear_quarter_lt WHERE schoolyear_id = sy.schoolyear_id AND quarter_no = 4) AS Q4Start ,
	(SELECT end_date FROM schoolyear_quarter_lt WHERE schoolyear_id = sy.schoolyear_id AND quarter_no = 4) AS Q4End,
	(SELECT grading_due_date FROM schoolyear_quarter_lt WHERE schoolyear_id = sy.schoolyear_id AND quarter_no = 4) AS Q4GradingDueDate
    FROM schoolyear_mt sy
    
    INNER JOIN schoolyear_quarter_lt syq ON sy.schoolyear_id = syq.schoolyear_id

	GROUP BY sy.schoolyear_id ORDER BY sy.yearFrom ASC;

END ;;
DELIMITER ;
/*!50003 SET sql_mode              = @saved_sql_mode */ ;
/*!50003 SET character_set_client  = @saved_cs_client */ ;
/*!50003 SET character_set_results = @saved_cs_results */ ;
/*!50003 SET collation_connection  = @saved_col_connection */ ;
/*!50003 DROP PROCEDURE IF EXISTS `getAllSchoolYearInfo` */;
/*!50003 SET @saved_cs_client      = @@character_set_client */ ;
/*!50003 SET @saved_cs_results     = @@character_set_results */ ;
/*!50003 SET @saved_col_connection = @@collation_connection */ ;
/*!50003 SET character_set_client  = utf8 */ ;
/*!50003 SET character_set_results = utf8 */ ;
/*!50003 SET collation_connection  = utf8_general_ci */ ;
/*!50003 SET @saved_sql_mode       = @@sql_mode */ ;
/*!50003 SET sql_mode              = 'NO_ENGINE_SUBSTITUTION' */ ;
DELIMITER ;;
CREATE DEFINER=`root`@`localhost` PROCEDURE `getAllSchoolYearInfo`()
BEGIN
 
SELECT sy.*,
(SELECT start_date FROM schoolyear_quarter_lt WHERE schoolyear_id = sy.schoolyear_id AND quarter_no = 1) AS Q1Start,
(SELECT end_date FROM schoolyear_quarter_lt WHERE schoolyear_id = sy.schoolyear_id AND quarter_no = 1) AS Q1End ,
(SELECT grading_open_date FROM schoolyear_quarter_lt WHERE schoolyear_id = sy.schoolyear_id AND quarter_no = 1) AS Q1GradingOpenDate ,
(SELECT grading_due_date FROM schoolyear_quarter_lt WHERE schoolyear_id = sy.schoolyear_id AND quarter_no = 1) AS Q1GradingDueDate ,

(SELECT start_date FROM schoolyear_quarter_lt WHERE schoolyear_id = sy.schoolyear_id AND quarter_no = 2) AS Q2Start ,
(SELECT end_date FROM schoolyear_quarter_lt WHERE schoolyear_id = sy.schoolyear_id AND quarter_no = 2) AS Q2End ,
(SELECT grading_open_date FROM schoolyear_quarter_lt WHERE schoolyear_id = sy.schoolyear_id AND quarter_no = 2) AS Q2GradingOpenDate ,
(SELECT grading_due_date FROM schoolyear_quarter_lt WHERE schoolyear_id = sy.schoolyear_id AND quarter_no = 2) AS Q2GradingDueDate ,

(SELECT start_date FROM schoolyear_quarter_lt WHERE schoolyear_id = sy.schoolyear_id AND quarter_no = 3) AS Q3Start ,
(SELECT end_date FROM schoolyear_quarter_lt WHERE schoolyear_id = sy.schoolyear_id AND quarter_no = 3) AS Q3End,
(SELECT grading_open_date FROM schoolyear_quarter_lt WHERE schoolyear_id = sy.schoolyear_id AND quarter_no = 3) AS Q3GradingOpenDate,
(SELECT grading_due_date FROM schoolyear_quarter_lt WHERE schoolyear_id = sy.schoolyear_id AND quarter_no = 3) AS Q3GradingDueDate ,

(SELECT start_date FROM schoolyear_quarter_lt WHERE schoolyear_id = sy.schoolyear_id AND quarter_no = 4) AS Q4Start ,
(SELECT end_date FROM schoolyear_quarter_lt WHERE schoolyear_id = sy.schoolyear_id AND quarter_no = 4) AS Q4End,
(SELECT grading_open_date FROM schoolyear_quarter_lt WHERE schoolyear_id = sy.schoolyear_id AND quarter_no = 4) AS Q4GradingOpenDate,
(SELECT grading_due_date FROM schoolyear_quarter_lt WHERE schoolyear_id = sy.schoolyear_id AND quarter_no = 4) AS Q4GradingDueDate,
DATEDIFF(sy.end_date,sy.start_date) AS totalSchoolDays          
FROM
schoolyear_mt sy
INNER JOIN schoolyear_quarter_lt syq ON sy.schoolyear_id = syq.schoolyear_id
GROUP BY sy.schoolyear_id ORDER BY sy.yearFrom ASC;
 
END ;;
DELIMITER ;
/*!50003 SET sql_mode              = @saved_sql_mode */ ;
/*!50003 SET character_set_client  = @saved_cs_client */ ;
/*!50003 SET character_set_results = @saved_cs_results */ ;
/*!50003 SET collation_connection  = @saved_col_connection */ ;
/*!50003 DROP PROCEDURE IF EXISTS `getAllSectionNameByGradeLevelId` */;
/*!50003 SET @saved_cs_client      = @@character_set_client */ ;
/*!50003 SET @saved_cs_results     = @@character_set_results */ ;
/*!50003 SET @saved_col_connection = @@collation_connection */ ;
/*!50003 SET character_set_client  = utf8 */ ;
/*!50003 SET character_set_results = utf8 */ ;
/*!50003 SET collation_connection  = utf8_general_ci */ ;
/*!50003 SET @saved_sql_mode       = @@sql_mode */ ;
/*!50003 SET sql_mode              = 'NO_ENGINE_SUBSTITUTION' */ ;
DELIMITER ;;
CREATE DEFINER=`root`@`localhost` PROCEDURE `getAllSectionNameByGradeLevelId`(IN pIN_gradeLevelId INT)
BEGIN
	
    SELECT section_mt.sectionName FROM section_settings_lt
	INNER JOIN section_mt ON section_mt.section_id = section_settings_lt.section_id
	WHERE section_settings_lt.gradelevel_id = pIN_gradeLevelId

	GROUP BY section_mt.sectionName;
    
END ;;
DELIMITER ;
/*!50003 SET sql_mode              = @saved_sql_mode */ ;
/*!50003 SET character_set_client  = @saved_cs_client */ ;
/*!50003 SET character_set_results = @saved_cs_results */ ;
/*!50003 SET collation_connection  = @saved_col_connection */ ;
/*!50003 DROP PROCEDURE IF EXISTS `getAllSections` */;
/*!50003 SET @saved_cs_client      = @@character_set_client */ ;
/*!50003 SET @saved_cs_results     = @@character_set_results */ ;
/*!50003 SET @saved_col_connection = @@collation_connection */ ;
/*!50003 SET character_set_client  = utf8 */ ;
/*!50003 SET character_set_results = utf8 */ ;
/*!50003 SET collation_connection  = utf8_general_ci */ ;
/*!50003 SET @saved_sql_mode       = @@sql_mode */ ;
/*!50003 SET sql_mode              = 'NO_ENGINE_SUBSTITUTION' */ ;
DELIMITER ;;
CREATE DEFINER=`root`@`localhost` PROCEDURE `getAllSections`()
BEGIN

SELECT s.*,sy.yearFrom,g.gradelevel_id,g.grade_level,sslt.`session`,sslt.capacity,sslt.section_type,
f.faculty_id,f.lastName,f.firstName,f.middleName
FROM section_mt s
INNER JOIN section_settings_lt sslt ON s.section_id = sslt.section_id
INNER JOIN faculty_mt f ON sslt.adviser_id = f.faculty_id
INNER JOIN schoolyear_mt sy ON sslt.schoolyear_id = sy.schoolyear_id
INNER JOIN gradelevel_mt g ON sslt.gradelevel_id = g.gradelevel_id

ORDER BY s.sectionName;

END ;;
DELIMITER ;
/*!50003 SET sql_mode              = @saved_sql_mode */ ;
/*!50003 SET character_set_client  = @saved_cs_client */ ;
/*!50003 SET character_set_results = @saved_cs_results */ ;
/*!50003 SET collation_connection  = @saved_col_connection */ ;
/*!50003 DROP PROCEDURE IF EXISTS `getAllSectionsByGradeLevelId` */;
/*!50003 SET @saved_cs_client      = @@character_set_client */ ;
/*!50003 SET @saved_cs_results     = @@character_set_results */ ;
/*!50003 SET @saved_col_connection = @@collation_connection */ ;
/*!50003 SET character_set_client  = utf8 */ ;
/*!50003 SET character_set_results = utf8 */ ;
/*!50003 SET collation_connection  = utf8_general_ci */ ;
/*!50003 SET @saved_sql_mode       = @@sql_mode */ ;
/*!50003 SET sql_mode              = 'NO_ENGINE_SUBSTITUTION' */ ;
DELIMITER ;;
CREATE DEFINER=`root`@`localhost` PROCEDURE `getAllSectionsByGradeLevelId`(IN pIN_gradeLevelId INT)
BEGIN
	SELECT 
		section_mt.section_id, section_mt.sectionName,
        gradelevel_mt.grade_level,
        faculty_mt.firstName, faculty_mt.middleName, faculty_mt.lastName,
		section_settings_lt.requiredAverage,
        session_mt.title,
        schoolyear_mt.yearFrom, schoolyear_mt.yearTo,
        section_mt.isActive
		FROM section_settings_lt
        
    INNER JOIN section_mt ON section_mt.section_id = section_settings_lt.section_id
    INNER JOIN session_mt ON session_mt.session_id = section_settings_lt.session_id
    INNER JOIN schoolyear_mt ON schoolyear_mt.schoolyear_id = section_settings_lt.schoolyear_id
    INNER JOIN gradelevel_mt ON gradelevel_mt.gradelevel_id = section_settings_lt.gradelevel_id
    LEFT JOIN faculty_mt ON faculty_mt.faculty_id = section_settings_lt.adviser_id
    
    WHERE section_settings_lt.gradelevel_id = pIN_gradeLevelId;



END ;;
DELIMITER ;
/*!50003 SET sql_mode              = @saved_sql_mode */ ;
/*!50003 SET character_set_client  = @saved_cs_client */ ;
/*!50003 SET character_set_results = @saved_cs_results */ ;
/*!50003 SET collation_connection  = @saved_col_connection */ ;
/*!50003 DROP PROCEDURE IF EXISTS `getAllSectionsByStatusAndSchoolYear` */;
/*!50003 SET @saved_cs_client      = @@character_set_client */ ;
/*!50003 SET @saved_cs_results     = @@character_set_results */ ;
/*!50003 SET @saved_col_connection = @@collation_connection */ ;
/*!50003 SET character_set_client  = utf8 */ ;
/*!50003 SET character_set_results = utf8 */ ;
/*!50003 SET collation_connection  = utf8_general_ci */ ;
/*!50003 SET @saved_sql_mode       = @@sql_mode */ ;
/*!50003 SET sql_mode              = 'NO_ENGINE_SUBSTITUTION' */ ;
DELIMITER ;;
CREATE DEFINER=`root`@`localhost` PROCEDURE `getAllSectionsByStatusAndSchoolYear`(
aIsActive boolean,
aSchoolYearId INT
)
BEGIN

SELECT s.*,sy.yearFrom,g.grade_level,sslt.`session`,sslt.capacity,
f.faculty_id,f.lastName,f.firstName,f.middleName
FROM section_mt s
INNER JOIN section_settings_lt sslt ON s.section_id = sslt.section_id
INNER JOIN faculty_mt f ON sslt.adviser_id = f.faculty_id
INNER JOIN schoolyear_mt sy ON sslt.schoolyear_id = sy.schoolyear_id
INNER JOIN gradelevel_mt g ON sslt.gradelevel_id = g.gradelevel_id
WHERE s.isActive = aIsActive AND sslt.schoolyear_id = aSchoolYearId;

END ;;
DELIMITER ;
/*!50003 SET sql_mode              = @saved_sql_mode */ ;
/*!50003 SET character_set_client  = @saved_cs_client */ ;
/*!50003 SET character_set_results = @saved_cs_results */ ;
/*!50003 SET collation_connection  = @saved_col_connection */ ;
/*!50003 DROP PROCEDURE IF EXISTS `getAllSectionsInfo` */;
/*!50003 SET @saved_cs_client      = @@character_set_client */ ;
/*!50003 SET @saved_cs_results     = @@character_set_results */ ;
/*!50003 SET @saved_col_connection = @@collation_connection */ ;
/*!50003 SET character_set_client  = utf8 */ ;
/*!50003 SET character_set_results = utf8 */ ;
/*!50003 SET collation_connection  = utf8_general_ci */ ;
/*!50003 SET @saved_sql_mode       = @@sql_mode */ ;
/*!50003 SET sql_mode              = 'NO_ENGINE_SUBSTITUTION' */ ;
DELIMITER ;;
CREATE DEFINER=`root`@`localhost` PROCEDURE `getAllSectionsInfo`()
BEGIN
	SELECT 
    s.sectionName,s.isActive,
    g.`level`,
    CONCAT(sy.yearFrom,'-',sy.yearTo) AS schoolYear,
    se.title AS `session`,
    CONCAT(u.lastname,', ',u.firstname,' ',u.middlename) AS addedBy,
    shd.dateAdded,
    CONCAT(f.lastName,', ',f.firstName,' ',(SELECT LEFT(f.middleName,1)) ) AS adviser
    
    FROM section s
    INNER JOIN section_gradelevel 	sg 	ON s.section_id 		= sg.section_id
    INNER JOIN section_hd 			shd ON s.section_id 		= shd.section_id
    INNER JOIN gradelevel 			g 	ON sg.gradelevel_id 	= g.gradelevel_id
    INNER JOIN schoolyear 			sy 	ON sg.schoolyear_id 	= sy.schoolyear_id
    INNER JOIN `session` 			se 	ON sg.session_id 		= se.session_id
    INNER JOIN user 				u 	ON shd.addedBy_UserId 	= u.user_id
    INNER JOIN user 				usr ON shd.editedBy_UserId 	= u.user_id
    INNER JOIN section_adviser 		sa 	ON s.section_id 		= sa.section_id
    INNER JOIN faculty 				f 	ON sa.faculty_id 		= f.faculty_id;
    
END ;;
DELIMITER ;
/*!50003 SET sql_mode              = @saved_sql_mode */ ;
/*!50003 SET character_set_client  = @saved_cs_client */ ;
/*!50003 SET character_set_results = @saved_cs_results */ ;
/*!50003 SET collation_connection  = @saved_col_connection */ ;
/*!50003 DROP PROCEDURE IF EXISTS `getAllSpecializations` */;
/*!50003 SET @saved_cs_client      = @@character_set_client */ ;
/*!50003 SET @saved_cs_results     = @@character_set_results */ ;
/*!50003 SET @saved_col_connection = @@collation_connection */ ;
/*!50003 SET character_set_client  = utf8 */ ;
/*!50003 SET character_set_results = utf8 */ ;
/*!50003 SET collation_connection  = utf8_general_ci */ ;
/*!50003 SET @saved_sql_mode       = @@sql_mode */ ;
/*!50003 SET sql_mode              = 'NO_ENGINE_SUBSTITUTION' */ ;
DELIMITER ;;
CREATE DEFINER=`root`@`localhost` PROCEDURE `getAllSpecializations`()
BEGIN
	SELECT * FROM specialization;
END ;;
DELIMITER ;
/*!50003 SET sql_mode              = @saved_sql_mode */ ;
/*!50003 SET character_set_client  = @saved_cs_client */ ;
/*!50003 SET character_set_results = @saved_cs_results */ ;
/*!50003 SET collation_connection  = @saved_col_connection */ ;
/*!50003 DROP PROCEDURE IF EXISTS `getAllStudent` */;
/*!50003 SET @saved_cs_client      = @@character_set_client */ ;
/*!50003 SET @saved_cs_results     = @@character_set_results */ ;
/*!50003 SET @saved_col_connection = @@collation_connection */ ;
/*!50003 SET character_set_client  = utf8 */ ;
/*!50003 SET character_set_results = utf8 */ ;
/*!50003 SET collation_connection  = utf8_general_ci */ ;
/*!50003 SET @saved_sql_mode       = @@sql_mode */ ;
/*!50003 SET sql_mode              = 'NO_ENGINE_SUBSTITUTION' */ ;
DELIMITER ;;
CREATE DEFINER=`root`@`localhost` PROCEDURE `getAllStudent`()
BEGIN
	
    SELECT 
	student_mt.student_id, 
    registration_mt.firstname, registration_mt.middlename, registration_mt.lastname
    
    FROM student_mt
    
    INNER JOIN registration_mt ON registration_mt.registration_id = student_mt.registration_id;
    
END ;;
DELIMITER ;
/*!50003 SET sql_mode              = @saved_sql_mode */ ;
/*!50003 SET character_set_client  = @saved_cs_client */ ;
/*!50003 SET character_set_results = @saved_cs_results */ ;
/*!50003 SET collation_connection  = @saved_col_connection */ ;
/*!50003 DROP PROCEDURE IF EXISTS `getAllStudentByAdviserId` */;
/*!50003 SET @saved_cs_client      = @@character_set_client */ ;
/*!50003 SET @saved_cs_results     = @@character_set_results */ ;
/*!50003 SET @saved_col_connection = @@collation_connection */ ;
/*!50003 SET character_set_client  = utf8 */ ;
/*!50003 SET character_set_results = utf8 */ ;
/*!50003 SET collation_connection  = utf8_general_ci */ ;
/*!50003 SET @saved_sql_mode       = @@sql_mode */ ;
/*!50003 SET sql_mode              = 'NO_ENGINE_SUBSTITUTION' */ ;
DELIMITER ;;
CREATE DEFINER=`root`@`localhost` PROCEDURE `getAllStudentByAdviserId`(IN pIN_adviserId INT, IN pIN_currentSchoolYearId INT)
BEGIN
	
    DECLARE temp_sectionId INT;
    
    SELECT section_id INTO temp_sectionId FROM section_settings_lt
	WHERE adviser_id = pIN_adviserId;
	
    SELECT student_mt.student_id,
	registration_mt.firstname, registration_mt.middlename, registration_mt.lastname
	FROM section_student
        
	INNER JOIN section_mt ON section_mt.section_id = section_student.section_id
	INNER JOIN student_mt ON student_mt.student_id = section_student.student_id
	INNER JOIN registration_mt ON registration_mt.registration_id = student_mt.registration_id
	INNER JOIN section_settings_lt ON section_settings_lt.section_id = section_mt.section_id
    
	WHERE section_student.section_id = temp_sectionId
	AND section_student.schoolyear_id = pIN_currentSchoolYearId
	AND section_student.isActive = 1;
    
END ;;
DELIMITER ;
/*!50003 SET sql_mode              = @saved_sql_mode */ ;
/*!50003 SET character_set_client  = @saved_cs_client */ ;
/*!50003 SET character_set_results = @saved_cs_results */ ;
/*!50003 SET collation_connection  = @saved_col_connection */ ;
/*!50003 DROP PROCEDURE IF EXISTS `getAllStudentByAdviserSectionId` */;
/*!50003 SET @saved_cs_client      = @@character_set_client */ ;
/*!50003 SET @saved_cs_results     = @@character_set_results */ ;
/*!50003 SET @saved_col_connection = @@collation_connection */ ;
/*!50003 SET character_set_client  = utf8 */ ;
/*!50003 SET character_set_results = utf8 */ ;
/*!50003 SET collation_connection  = utf8_general_ci */ ;
/*!50003 SET @saved_sql_mode       = @@sql_mode */ ;
/*!50003 SET sql_mode              = 'NO_ENGINE_SUBSTITUTION' */ ;
DELIMITER ;;
CREATE DEFINER=`root`@`localhost` PROCEDURE `getAllStudentByAdviserSectionId`(IN pIN_adviserId INT, IN pIN_currentSchoolYearId INT)
BEGIN
	
    DECLARE temp_sectionId INT;
    
    SELECT section_id INTO temp_sectionId FROM section_settings_lt
	WHERE adviser_id = pIN_adviserId;
	
    SELECT student_mt.student_id,
	registration_mt.firstname, registration_mt.middlename, registration_mt.lastname
	FROM section_student
        
	INNER JOIN section_mt ON section_mt.section_id = section_student.section_id
	INNER JOIN student_mt ON student_mt.student_id = section_student.student_id
	INNER JOIN registration_mt ON registration_mt.registration_id = student_mt.registration_id
	INNER JOIN section_settings_lt ON section_settings_lt.section_id = section_mt.section_id
    
	WHERE section_student.section_id = temp_sectionId
	AND section_student.schoolyear_id = pIN_currentSchoolYearId
	AND section_student.isActive = 1;
    
END ;;
DELIMITER ;
/*!50003 SET sql_mode              = @saved_sql_mode */ ;
/*!50003 SET character_set_client  = @saved_cs_client */ ;
/*!50003 SET character_set_results = @saved_cs_results */ ;
/*!50003 SET collation_connection  = @saved_col_connection */ ;
/*!50003 DROP PROCEDURE IF EXISTS `getAllStudentBySectionId` */;
/*!50003 SET @saved_cs_client      = @@character_set_client */ ;
/*!50003 SET @saved_cs_results     = @@character_set_results */ ;
/*!50003 SET @saved_col_connection = @@collation_connection */ ;
/*!50003 SET character_set_client  = utf8 */ ;
/*!50003 SET character_set_results = utf8 */ ;
/*!50003 SET collation_connection  = utf8_general_ci */ ;
/*!50003 SET @saved_sql_mode       = @@sql_mode */ ;
/*!50003 SET sql_mode              = 'NO_ENGINE_SUBSTITUTION' */ ;
DELIMITER ;;
CREATE DEFINER=`root`@`localhost` PROCEDURE `getAllStudentBySectionId`(IN pIN_sectionId INT, pIN_currentSchoolYearId INT)
BEGIN


		SELECT student_mt.student_id,
		registration_mt.firstname, registration_mt.middlename, registration_mt.lastname
		FROM section_student
        
        INNER JOIN section_mt ON section_mt.section_id = section_student.section_id
		INNER JOIN student_mt ON student_mt.student_id = section_student.student_id
		INNER JOIN registration_mt ON registration_mt.registration_id = student_mt.registration_id
        
        WHERE section_student.section_id = pIN_sectionId
        AND section_student.schoolyear_id = pIN_currentSchoolYearId
        AND section_student.isActive = 1;


END ;;
DELIMITER ;
/*!50003 SET sql_mode              = @saved_sql_mode */ ;
/*!50003 SET character_set_client  = @saved_cs_client */ ;
/*!50003 SET character_set_results = @saved_cs_results */ ;
/*!50003 SET collation_connection  = @saved_col_connection */ ;
/*!50003 DROP PROCEDURE IF EXISTS `getAllStudentGradeByGradeLevelId` */;
/*!50003 SET @saved_cs_client      = @@character_set_client */ ;
/*!50003 SET @saved_cs_results     = @@character_set_results */ ;
/*!50003 SET @saved_col_connection = @@collation_connection */ ;
/*!50003 SET character_set_client  = utf8 */ ;
/*!50003 SET character_set_results = utf8 */ ;
/*!50003 SET collation_connection  = utf8_general_ci */ ;
/*!50003 SET @saved_sql_mode       = @@sql_mode */ ;
/*!50003 SET sql_mode              = 'NO_ENGINE_SUBSTITUTION' */ ;
DELIMITER ;;
CREATE DEFINER=`root`@`localhost` PROCEDURE `getAllStudentGradeByGradeLevelId`(IN pIN_gradeLevelId INT, IN pIN_schoolYearId INT)
BEGIN
	 SELECT 
	student_mt.student_id, 
    registration_mt.firstname, registration_mt.middlename, registration_mt.lastname,
    MAX(gradelevel_mt.grade_level) AS grade_level,
    grade.gwa
    
    FROM schoolyear_student_lt
    
    INNER JOIN student_mt ON student_mt.student_id = schoolyear_student_lt.student_id
    INNER JOIN registration_mt ON registration_mt.registration_id = student_mt.registration_id
    INNER JOIN student_grade ON student_grade.student_id = schoolyear_student_lt.student_id
    INNER JOIN grade ON grade.grade_id = student_grade.grade_id
    INNER JOIN gradelevel_mt ON gradelevel_mt.gradelevel_id = schoolyear_student_lt.gradelevel_id
    
    
    WHERE gradelevel_mt.gradelevel_id = pIN_gradeLevelId
    AND grade.schoolyear_id = pIN_schoolYearId
    AND student_grade.isActive = 1
    AND schoolyear_student_lt.isActive = 1
    
    GROUP BY student_mt.student_id, 
    registration_mt.firstname, registration_mt.middlename, registration_mt.lastname,
    gradelevel_mt.grade_level,
    grade.gwa;
	
END ;;
DELIMITER ;
/*!50003 SET sql_mode              = @saved_sql_mode */ ;
/*!50003 SET character_set_client  = @saved_cs_client */ ;
/*!50003 SET character_set_results = @saved_cs_results */ ;
/*!50003 SET collation_connection  = @saved_col_connection */ ;
/*!50003 DROP PROCEDURE IF EXISTS `getAllStudentGradeBySectionId` */;
/*!50003 SET @saved_cs_client      = @@character_set_client */ ;
/*!50003 SET @saved_cs_results     = @@character_set_results */ ;
/*!50003 SET @saved_col_connection = @@collation_connection */ ;
/*!50003 SET character_set_client  = utf8 */ ;
/*!50003 SET character_set_results = utf8 */ ;
/*!50003 SET collation_connection  = utf8_general_ci */ ;
/*!50003 SET @saved_sql_mode       = @@sql_mode */ ;
/*!50003 SET sql_mode              = 'NO_ENGINE_SUBSTITUTION' */ ;
DELIMITER ;;
CREATE DEFINER=`root`@`localhost` PROCEDURE `getAllStudentGradeBySectionId`(IN pIN_facultyId INT, IN pIN_sectionId INT)
BEGIN
	
	SELECT subject_mt.subject_id, student_mt.student_id,
	   MAX(g.gradingperiod_id) AS gradingperiod_id,
	   registration_mt.firstname, registration_mt.middlename, registration_mt.lastname,
       subject_mt.title,
       MAX(IF(g.gradingperiod_id = 7000, g.grade, "")) AS first,
       MAX(IF(g.gradingperiod_id = 7001, g.grade, "")) AS second,
       MAX(IF(g.gradingperiod_id = 7002, g.grade, "")) AS third,
       MAX(IF(g.gradingperiod_id = 7003, g.grade, "")) AS fourth,
       g.final

	FROM faculty_schedule
	INNER JOIN schedule_mt ON schedule_mt.schedule_id = faculty_schedule.schedule_id
	INNER JOIN section_mt ON section_mt.section_id = schedule_mt.section_id
	INNER JOIN section_student ON section_student.section_id = section_mt.section_id
	INNER JOIN student_mt ON student_mt.student_id = section_student.student_id
	INNER JOIN registration_mt ON registration_mt.registration_id = student_mt.registration_id
	INNER JOIN subject_mt ON subject_mt.subject_id = schedule_mt.subject_id
	LEFT JOIN student_grade AS sg ON sg.student_id = student_mt.student_id
    LEFT JOIN grade AS g ON g.grade_id = sg.grade_id
    
	WHERE faculty_schedule.faculty_id = pIN_facultyId
	AND schedule_mt.section_id = pIN_sectionId
    AND section_student.isActive = TRUE
    
    GROUP BY 
    subject_mt.subject_id, student_mt.student_id,
	registration_mt.firstname, registration_mt.middlename, registration_mt.lastname,
	subject_mt.title,
	g.final;

END ;;
DELIMITER ;
/*!50003 SET sql_mode              = @saved_sql_mode */ ;
/*!50003 SET character_set_client  = @saved_cs_client */ ;
/*!50003 SET character_set_results = @saved_cs_results */ ;
/*!50003 SET collation_connection  = @saved_col_connection */ ;
/*!50003 DROP PROCEDURE IF EXISTS `getAllStudentGradeByStudentId` */;
/*!50003 SET @saved_cs_client      = @@character_set_client */ ;
/*!50003 SET @saved_cs_results     = @@character_set_results */ ;
/*!50003 SET @saved_col_connection = @@collation_connection */ ;
/*!50003 SET character_set_client  = utf8 */ ;
/*!50003 SET character_set_results = utf8 */ ;
/*!50003 SET collation_connection  = utf8_general_ci */ ;
/*!50003 SET @saved_sql_mode       = @@sql_mode */ ;
/*!50003 SET sql_mode              = 'NO_ENGINE_SUBSTITUTION' */ ;
DELIMITER ;;
CREATE DEFINER=`root`@`localhost` PROCEDURE `getAllStudentGradeByStudentId`(IN pIN_studentId INT)
BEGIN

	SELECT
	   subject_mt.subject_id, subject_mt.title,
	   MAX(IF(g.gradingperiod_id = 7000, g.grade, ""))AS first,
       MAX(IF(g.gradingperiod_id = 7001, g.grade, "")) AS second,
       MAX(IF(g.gradingperiod_id = 7002, g.grade, "")) AS third,
       MAX(IF(g.gradingperiod_id = 7003, g.grade, "")) AS fourth,
       g.final

	FROM grade AS g
    INNER JOIN subject_mt ON subject_mt.subject_id = g.subject_id
	INNER JOIN student_grade AS sg ON sg.grade_id = g.grade_id
    WHERE sg.student_id = pIN_studentId
    AND sg.isActive = 1
    
    GROUP BY 
    subject_mt.subject_id, subject_mt.title,
    g.final;
    
END ;;
DELIMITER ;
/*!50003 SET sql_mode              = @saved_sql_mode */ ;
/*!50003 SET character_set_client  = @saved_cs_client */ ;
/*!50003 SET character_set_results = @saved_cs_results */ ;
/*!50003 SET collation_connection  = @saved_col_connection */ ;
/*!50003 DROP PROCEDURE IF EXISTS `getAllStudentGradeGWAByStudentId` */;
/*!50003 SET @saved_cs_client      = @@character_set_client */ ;
/*!50003 SET @saved_cs_results     = @@character_set_results */ ;
/*!50003 SET @saved_col_connection = @@collation_connection */ ;
/*!50003 SET character_set_client  = utf8 */ ;
/*!50003 SET character_set_results = utf8 */ ;
/*!50003 SET collation_connection  = utf8_general_ci */ ;
/*!50003 SET @saved_sql_mode       = @@sql_mode */ ;
/*!50003 SET sql_mode              = 'NO_ENGINE_SUBSTITUTION' */ ;
DELIMITER ;;
CREATE DEFINER=`root`@`localhost` PROCEDURE `getAllStudentGradeGWAByStudentId`(IN pIN_studentId INT)
BEGIN
	
    SELECT grade.gwa FROM student_grade
    INNER JOIN grade ON student_grade.grade_id = grade.grade_id
    
    WHERE student_grade.student_id = pIN_studentId
    
    GROUP BY grade.gwa;

END ;;
DELIMITER ;
/*!50003 SET sql_mode              = @saved_sql_mode */ ;
/*!50003 SET character_set_client  = @saved_cs_client */ ;
/*!50003 SET character_set_results = @saved_cs_results */ ;
/*!50003 SET collation_connection  = @saved_col_connection */ ;
/*!50003 DROP PROCEDURE IF EXISTS `getAllStudentRemarksByGradeLevelId` */;
/*!50003 SET @saved_cs_client      = @@character_set_client */ ;
/*!50003 SET @saved_cs_results     = @@character_set_results */ ;
/*!50003 SET @saved_col_connection = @@collation_connection */ ;
/*!50003 SET character_set_client  = utf8 */ ;
/*!50003 SET character_set_results = utf8 */ ;
/*!50003 SET collation_connection  = utf8_general_ci */ ;
/*!50003 SET @saved_sql_mode       = @@sql_mode */ ;
/*!50003 SET sql_mode              = 'NO_ENGINE_SUBSTITUTION' */ ;
DELIMITER ;;
CREATE DEFINER=`root`@`localhost` PROCEDURE `getAllStudentRemarksByGradeLevelId`(IN pIN_gradeLevelId INT, IN pIN_schoolYearId INT)
BEGIN
	

    SELECT 
	student_mt.student_id, 
    registration_mt.firstname, registration_mt.middlename, registration_mt.lastname,
    gradelevel_mt.grade_level,
    grade.gwa
    
    FROM schoolyear_student_lt
    
    INNER JOIN student_mt ON student_mt.student_id = schoolyear_student_lt.student_id
    INNER JOIN registration_mt ON registration_mt.registration_id = student_mt.registration_id
    INNER JOIN student_grade ON student_grade.student_id = student_mt.student_id
    INNER JOIN grade ON grade.grade_id = student_grade.grade_id
    INNER JOIN gradelevel_mt ON gradelevel_mt.gradelevel_id = schoolyear_student_lt.gradelevel_id
    
    WHERE gradelevel_mt.gradelevel_id = pIN_gradeLevelId
    AND grade.schoolyear_id = pIN_schoolYearId
    AND student_grade.isActive = 1
    
    GROUP BY student_mt.student_id, 
    registration_mt.firstname, registration_mt.middlename, registration_mt.lastname,
    gradelevel_mt.grade_level,
    grade.gwa;
	
END ;;
DELIMITER ;
/*!50003 SET sql_mode              = @saved_sql_mode */ ;
/*!50003 SET character_set_client  = @saved_cs_client */ ;
/*!50003 SET character_set_results = @saved_cs_results */ ;
/*!50003 SET collation_connection  = @saved_col_connection */ ;
/*!50003 DROP PROCEDURE IF EXISTS `getAllStudents` */;
/*!50003 SET @saved_cs_client      = @@character_set_client */ ;
/*!50003 SET @saved_cs_results     = @@character_set_results */ ;
/*!50003 SET @saved_col_connection = @@collation_connection */ ;
/*!50003 SET character_set_client  = utf8 */ ;
/*!50003 SET character_set_results = utf8 */ ;
/*!50003 SET collation_connection  = utf8_general_ci */ ;
/*!50003 SET @saved_sql_mode       = @@sql_mode */ ;
/*!50003 SET sql_mode              = 'NO_AUTO_CREATE_USER,NO_ENGINE_SUBSTITUTION' */ ;
DELIMITER ;;
CREATE DEFINER=`root`@`localhost` PROCEDURE `getAllStudents`()
BEGIN

SELECT r.*,s.*,a.*,s.student_type AS aStudentType FROM registration_mt r
INNER JOIN admission_mt a ON r.registration_id = a.registration_Id
INNER JOIN student_mt s ON r.registration_id = s.registration_id
LEFT JOIN schoolyear_student_lt sslt ON s.student_id = sslt.student_id
GROUP BY r.registration_id ORDER BY r.lastname;

END ;;
DELIMITER ;
/*!50003 SET sql_mode              = @saved_sql_mode */ ;
/*!50003 SET character_set_client  = @saved_cs_client */ ;
/*!50003 SET character_set_results = @saved_cs_results */ ;
/*!50003 SET collation_connection  = @saved_col_connection */ ;
/*!50003 DROP PROCEDURE IF EXISTS `getAllStudentsByGradeLevelId` */;
/*!50003 SET @saved_cs_client      = @@character_set_client */ ;
/*!50003 SET @saved_cs_results     = @@character_set_results */ ;
/*!50003 SET @saved_col_connection = @@collation_connection */ ;
/*!50003 SET character_set_client  = utf8 */ ;
/*!50003 SET character_set_results = utf8 */ ;
/*!50003 SET collation_connection  = utf8_general_ci */ ;
/*!50003 SET @saved_sql_mode       = @@sql_mode */ ;
/*!50003 SET sql_mode              = 'NO_ENGINE_SUBSTITUTION' */ ;
DELIMITER ;;
CREATE DEFINER=`root`@`localhost` PROCEDURE `getAllStudentsByGradeLevelId`(IN pIN_gradeLevelId INT)
BEGIN
	
   
    SELECT 
		student_mt.student_id, 
		registration_mt.firstname, registration_mt.middlename, registration_mt.lastname,
		grade.gwa

	FROM schoolyear_student_lt
		
	INNER JOIN student_mt ON student_mt.student_id = schoolyear_student_lt.student_id
	INNER JOIN registration_mt ON registration_mt.registration_id = student_mt.registration_id
	LEFT JOIN student_grade ON student_grade.student_id = student_mt.student_id
	LEFT JOIN grade ON grade.grade_id = student_grade.grade_id
	

	WHERE schoolyear_student_lt.isActive = 1
    AND schoolyear_student_lt.gradelevel_id = pIN_gradeLevelId
    AND schoolyear_student_lt.section_id IS NULL
    
    GROUP BY
    student_mt.student_id, 
	registration_mt.firstname, registration_mt.middlename, registration_mt.lastname,
	grade.gwa;
   
   
END ;;
DELIMITER ;
/*!50003 SET sql_mode              = @saved_sql_mode */ ;
/*!50003 SET character_set_client  = @saved_cs_client */ ;
/*!50003 SET character_set_results = @saved_cs_results */ ;
/*!50003 SET collation_connection  = @saved_col_connection */ ;
/*!50003 DROP PROCEDURE IF EXISTS `getAllStudentsByWildCard` */;
/*!50003 SET @saved_cs_client      = @@character_set_client */ ;
/*!50003 SET @saved_cs_results     = @@character_set_results */ ;
/*!50003 SET @saved_col_connection = @@collation_connection */ ;
/*!50003 SET character_set_client  = utf8 */ ;
/*!50003 SET character_set_results = utf8 */ ;
/*!50003 SET collation_connection  = utf8_general_ci */ ;
/*!50003 SET @saved_sql_mode       = @@sql_mode */ ;
/*!50003 SET sql_mode              = 'NO_ENGINE_SUBSTITUTION' */ ;
DELIMITER ;;
CREATE DEFINER=`root`@`localhost` PROCEDURE `getAllStudentsByWildCard`(aKeyword VARCHAR(255))
BEGIN

SELECT r.*,s.*,a.*,s.student_type AS aStudentType,gl.grade_level FROM registration_mt r
INNER JOIN admission_mt a ON r.registration_id = a.registration_Id
INNER JOIN student_mt s ON r.registration_id = s.registration_id
INNER JOIN gradelevel_mt gl ON r.gradelevel_id = gl.gradelevel_id
LEFT JOIN schoolyear_student_lt sslt ON s.student_id = sslt.student_id
WHERE 
s.student_id LIKE CONCAT('%',aKeyword,'%') OR
r.lastname LIKE CONCAT('%',aKeyword,'%') OR
r.firstname LIKE CONCAT('%',aKeyword,'%');

END ;;
DELIMITER ;
/*!50003 SET sql_mode              = @saved_sql_mode */ ;
/*!50003 SET character_set_client  = @saved_cs_client */ ;
/*!50003 SET character_set_results = @saved_cs_results */ ;
/*!50003 SET collation_connection  = @saved_col_connection */ ;
/*!50003 DROP PROCEDURE IF EXISTS `getAllStudentSubjectByFacultyId` */;
/*!50003 SET @saved_cs_client      = @@character_set_client */ ;
/*!50003 SET @saved_cs_results     = @@character_set_results */ ;
/*!50003 SET @saved_col_connection = @@collation_connection */ ;
/*!50003 SET character_set_client  = utf8 */ ;
/*!50003 SET character_set_results = utf8 */ ;
/*!50003 SET collation_connection  = utf8_general_ci */ ;
/*!50003 SET @saved_sql_mode       = @@sql_mode */ ;
/*!50003 SET sql_mode              = 'NO_ENGINE_SUBSTITUTION' */ ;
DELIMITER ;;
CREATE DEFINER=`root`@`localhost` PROCEDURE `getAllStudentSubjectByFacultyId`(IN pIN_facultyId INT)
BEGIN
	
    SELECT subject_mt.subject_id, subject_mt.title
		FROM faculty_schedule
        
		INNER JOIN schedule_mt ON schedule_mt.schedule_id = faculty_schedule.schedule_id
		INNER JOIN user_mt ON user_mt.user_id = faculty_schedule.user_id
		INNER JOIN subject_mt ON subject_mt.subject_id = schedule_mt.subject_id

		WHERE faculty_schedule.user_id = pIN_facultyId;
    
END ;;
DELIMITER ;
/*!50003 SET sql_mode              = @saved_sql_mode */ ;
/*!50003 SET character_set_client  = @saved_cs_client */ ;
/*!50003 SET character_set_results = @saved_cs_results */ ;
/*!50003 SET collation_connection  = @saved_col_connection */ ;
/*!50003 DROP PROCEDURE IF EXISTS `getAllStudentSubjectBySectionId` */;
/*!50003 SET @saved_cs_client      = @@character_set_client */ ;
/*!50003 SET @saved_cs_results     = @@character_set_results */ ;
/*!50003 SET @saved_col_connection = @@collation_connection */ ;
/*!50003 SET character_set_client  = utf8 */ ;
/*!50003 SET character_set_results = utf8 */ ;
/*!50003 SET collation_connection  = utf8_general_ci */ ;
/*!50003 SET @saved_sql_mode       = @@sql_mode */ ;
/*!50003 SET sql_mode              = 'NO_ENGINE_SUBSTITUTION' */ ;
DELIMITER ;;
CREATE DEFINER=`root`@`localhost` PROCEDURE `getAllStudentSubjectBySectionId`(IN pIN_sectionId INT)
BEGIN


	SELECT
	subject_mt.subject_id,
	subject_mt.title

    
    FROM faculty_schedule
    
    INNER JOIN schedule_mt ON schedule_mt.schedule_id = faculty_schedule.schedule_id
    INNER JOIN section_student ON section_student.section_id = schedule_mt.section_id
    INNER JOIN subject_mt ON subject_mt.subject_id = schedule_mt.subject_id
    INNER JOIN curriculum_subject_lt ON curriculum_subject_lt.subject_id = subject_mt.subject_id
    INNER JOIN curriculum_mt ON curriculum_mt.curriculum_id = curriculum_subject_lt.curriculum_id
    
    
    WHERE schedule_mt.section_id = pIN_sectionId
    AND curriculum_mt.isActive = 1
    
    GROUP BY 
	subject_mt.subject_id,
	subject_mt.title;

    
END ;;
DELIMITER ;
/*!50003 SET sql_mode              = @saved_sql_mode */ ;
/*!50003 SET character_set_client  = @saved_cs_client */ ;
/*!50003 SET character_set_results = @saved_cs_results */ ;
/*!50003 SET collation_connection  = @saved_col_connection */ ;
/*!50003 DROP PROCEDURE IF EXISTS `getAllSubjectBySectionIdAndSchoolYearId` */;
/*!50003 SET @saved_cs_client      = @@character_set_client */ ;
/*!50003 SET @saved_cs_results     = @@character_set_results */ ;
/*!50003 SET @saved_col_connection = @@collation_connection */ ;
/*!50003 SET character_set_client  = utf8 */ ;
/*!50003 SET character_set_results = utf8 */ ;
/*!50003 SET collation_connection  = utf8_general_ci */ ;
/*!50003 SET @saved_sql_mode       = @@sql_mode */ ;
/*!50003 SET sql_mode              = 'NO_ENGINE_SUBSTITUTION' */ ;
DELIMITER ;;
CREATE DEFINER=`root`@`localhost` PROCEDURE `getAllSubjectBySectionIdAndSchoolYearId`(aSectionId INT, aSchoolYearId INT)
BEGIN
SELECT 
sched.schedule_id,sched.schedule_day,sched.startTime,sched.endTime,sched.isActive,
fs.date_assigned,
f.faculty_id, f.firstName, f.lastName, f.middleName,
sec.section_id,sec.sectionName,
sbj.subject_id, sbj.title,
r.room_id, r.room_name_or_num,
sy.schoolyear_id, sy.yearFrom,sy.yearTo
FROM schedule_mt sched
LEFT JOIN faculty_schedule fs ON sched.schedule_id = fs.schedule_id
LEFT JOIN faculty_mt f ON fs.faculty_id = f.faculty_id
INNER JOIN section_mt sec ON sched.section_id = sec.section_id
INNER JOIN subject_mt sbj ON sched.subject_id = sbj.subject_id
INNER JOIN room_mt r ON sched.room_id = r.room_id
INNER JOIN schoolyear_mt sy ON sched.schoolyear_id = sy.schoolyear_id
WHERE sched.schoolyear_id = aSchoolYearId AND sched.section_id = aSectionId;

END ;;
DELIMITER ;
/*!50003 SET sql_mode              = @saved_sql_mode */ ;
/*!50003 SET character_set_client  = @saved_cs_client */ ;
/*!50003 SET character_set_results = @saved_cs_results */ ;
/*!50003 SET collation_connection  = @saved_col_connection */ ;
/*!50003 DROP PROCEDURE IF EXISTS `getAllSubjectCategoryInfo` */;
/*!50003 SET @saved_cs_client      = @@character_set_client */ ;
/*!50003 SET @saved_cs_results     = @@character_set_results */ ;
/*!50003 SET @saved_col_connection = @@collation_connection */ ;
/*!50003 SET character_set_client  = utf8 */ ;
/*!50003 SET character_set_results = utf8 */ ;
/*!50003 SET collation_connection  = utf8_general_ci */ ;
/*!50003 SET @saved_sql_mode       = @@sql_mode */ ;
/*!50003 SET sql_mode              = 'NO_ENGINE_SUBSTITUTION' */ ;
DELIMITER ;;
CREATE DEFINER=`root`@`localhost` PROCEDURE `getAllSubjectCategoryInfo`()
BEGIN

SELECT sc.*, scs.* 
FROM subjectcategory_mt sc
LEFT JOIN subjectcategory_subject scs ON sc.subjectcategory_id = scs.subjectcategory_id
GROUP BY sc.subjectcategory_id;

END ;;
DELIMITER ;
/*!50003 SET sql_mode              = @saved_sql_mode */ ;
/*!50003 SET character_set_client  = @saved_cs_client */ ;
/*!50003 SET character_set_results = @saved_cs_results */ ;
/*!50003 SET collation_connection  = @saved_col_connection */ ;
/*!50003 DROP PROCEDURE IF EXISTS `getAllSubjectCategoryInfoById` */;
/*!50003 SET @saved_cs_client      = @@character_set_client */ ;
/*!50003 SET @saved_cs_results     = @@character_set_results */ ;
/*!50003 SET @saved_col_connection = @@collation_connection */ ;
/*!50003 SET character_set_client  = utf8 */ ;
/*!50003 SET character_set_results = utf8 */ ;
/*!50003 SET collation_connection  = utf8_general_ci */ ;
/*!50003 SET @saved_sql_mode       = @@sql_mode */ ;
/*!50003 SET sql_mode              = 'NO_ENGINE_SUBSTITUTION' */ ;
DELIMITER ;;
CREATE DEFINER=`root`@`localhost` PROCEDURE `getAllSubjectCategoryInfoById`(subjectCtgyId INT)
BEGIN

SELECT sc.*, scs.* 
FROM subjectcategory_mt sc
LEFT JOIN subjectcategory_subject scs ON sc.subjectcategory_id = scs.subjectcategory_id
WHERE sc.subjectcategory_id = subjectCtgyId
GROUP BY sc.subjectcategory_id;

END ;;
DELIMITER ;
/*!50003 SET sql_mode              = @saved_sql_mode */ ;
/*!50003 SET character_set_client  = @saved_cs_client */ ;
/*!50003 SET character_set_results = @saved_cs_results */ ;
/*!50003 SET collation_connection  = @saved_col_connection */ ;
/*!50003 DROP PROCEDURE IF EXISTS `getAllSubjectCategoryInfoByWildCard` */;
/*!50003 SET @saved_cs_client      = @@character_set_client */ ;
/*!50003 SET @saved_cs_results     = @@character_set_results */ ;
/*!50003 SET @saved_col_connection = @@collation_connection */ ;
/*!50003 SET character_set_client  = utf8 */ ;
/*!50003 SET character_set_results = utf8 */ ;
/*!50003 SET collation_connection  = utf8_general_ci */ ;
/*!50003 SET @saved_sql_mode       = @@sql_mode */ ;
/*!50003 SET sql_mode              = 'NO_ENGINE_SUBSTITUTION' */ ;
DELIMITER ;;
CREATE DEFINER=`root`@`localhost` PROCEDURE `getAllSubjectCategoryInfoByWildCard`(wildCardChar VARCHAR(255))
BEGIN

SELECT sc.*, scs.* 
FROM subjectcategory_mt sc
INNER JOIN subjectcategory_subject scs ON sc.subjectcategory_id = scs.subjectcategory_id
WHERE sc.subjectcategory_id LIKE CONCAT('%',wildCardChar,'%') OR
sc.subjectcategory_name LIKE CONCAT('%',wildCardChar,'%') 
GROUP BY sc.subjectcategory_id;


END ;;
DELIMITER ;
/*!50003 SET sql_mode              = @saved_sql_mode */ ;
/*!50003 SET character_set_client  = @saved_cs_client */ ;
/*!50003 SET character_set_results = @saved_cs_results */ ;
/*!50003 SET collation_connection  = @saved_col_connection */ ;
/*!50003 DROP PROCEDURE IF EXISTS `getAllSubjectForCurriculum` */;
/*!50003 SET @saved_cs_client      = @@character_set_client */ ;
/*!50003 SET @saved_cs_results     = @@character_set_results */ ;
/*!50003 SET @saved_col_connection = @@collation_connection */ ;
/*!50003 SET character_set_client  = utf8 */ ;
/*!50003 SET character_set_results = utf8 */ ;
/*!50003 SET collation_connection  = utf8_general_ci */ ;
/*!50003 SET @saved_sql_mode       = @@sql_mode */ ;
/*!50003 SET sql_mode              = 'NO_ENGINE_SUBSTITUTION' */ ;
DELIMITER ;;
CREATE DEFINER=`root`@`localhost` PROCEDURE `getAllSubjectForCurriculum`()
BEGIN
	SELECT subject_mt.code, subject_mt.title, subject_mt.description, gradelevel_mt.grade_level
	FROM subject_gradelevel_lt
	INNER JOIN subject_mt
	ON subject_mt.subject_id = subject_gradelevel_lt.subject_id
	INNER JOIN gradelevel_mt
	ON gradelevel_mt.gradelevel_id = subject_gradelevel_lt.gradelevel_id
    ORDER BY gradelevel_mt.grade_level ASC;
END ;;
DELIMITER ;
/*!50003 SET sql_mode              = @saved_sql_mode */ ;
/*!50003 SET character_set_client  = @saved_cs_client */ ;
/*!50003 SET character_set_results = @saved_cs_results */ ;
/*!50003 SET collation_connection  = @saved_col_connection */ ;
/*!50003 DROP PROCEDURE IF EXISTS `getAllSubjects` */;
/*!50003 SET @saved_cs_client      = @@character_set_client */ ;
/*!50003 SET @saved_cs_results     = @@character_set_results */ ;
/*!50003 SET @saved_col_connection = @@collation_connection */ ;
/*!50003 SET character_set_client  = utf8 */ ;
/*!50003 SET character_set_results = utf8 */ ;
/*!50003 SET collation_connection  = utf8_general_ci */ ;
/*!50003 SET @saved_sql_mode       = @@sql_mode */ ;
/*!50003 SET sql_mode              = 'NO_ENGINE_SUBSTITUTION' */ ;
DELIMITER ;;
CREATE DEFINER=`root`@`localhost` PROCEDURE `getAllSubjects`()
BEGIN

/*
	SELECT subject_gradelevel_lt.subject_id, title, `code`, description, isActive FROM subject_gradelevel_lt
	INNER JOIN subject_mt ON subject_mt.subject_id = subject_gradelevel_lt.subject_id;
    */
    SELECT * FROM subject_mt;
END ;;
DELIMITER ;
/*!50003 SET sql_mode              = @saved_sql_mode */ ;
/*!50003 SET character_set_client  = @saved_cs_client */ ;
/*!50003 SET character_set_results = @saved_cs_results */ ;
/*!50003 SET collation_connection  = @saved_col_connection */ ;
/*!50003 DROP PROCEDURE IF EXISTS `getAllSubjectsByGradeLevel` */;
/*!50003 SET @saved_cs_client      = @@character_set_client */ ;
/*!50003 SET @saved_cs_results     = @@character_set_results */ ;
/*!50003 SET @saved_col_connection = @@collation_connection */ ;
/*!50003 SET character_set_client  = utf8 */ ;
/*!50003 SET character_set_results = utf8 */ ;
/*!50003 SET collation_connection  = utf8_general_ci */ ;
/*!50003 SET @saved_sql_mode       = @@sql_mode */ ;
/*!50003 SET sql_mode              = 'NO_ENGINE_SUBSTITUTION' */ ;
DELIMITER ;;
CREATE DEFINER=`root`@`localhost` PROCEDURE `getAllSubjectsByGradeLevel`(IN p_gradeLevel INT)
BEGIN
	SELECT title FROM subject_gradelevel_lt
	INNER JOIN subject_mt
	ON subject_mt.subject_id = subject_gradelevel_lt.subject_id
	INNER JOIN gradelevel_mt
	ON gradelevel_mt.gradelevel_id = subject_gradelevel_lt.gradelevel_id
	WHERE gradelevel_mt.grade_level = p_gradeLevel;
END ;;
DELIMITER ;
/*!50003 SET sql_mode              = @saved_sql_mode */ ;
/*!50003 SET character_set_client  = @saved_cs_client */ ;
/*!50003 SET character_set_results = @saved_cs_results */ ;
/*!50003 SET collation_connection  = @saved_col_connection */ ;
/*!50003 DROP PROCEDURE IF EXISTS `getAllSubjectsByGradeLevelId` */;
/*!50003 SET @saved_cs_client      = @@character_set_client */ ;
/*!50003 SET @saved_cs_results     = @@character_set_results */ ;
/*!50003 SET @saved_col_connection = @@collation_connection */ ;
/*!50003 SET character_set_client  = utf8 */ ;
/*!50003 SET character_set_results = utf8 */ ;
/*!50003 SET collation_connection  = utf8_general_ci */ ;
/*!50003 SET @saved_sql_mode       = @@sql_mode */ ;
/*!50003 SET sql_mode              = 'NO_ENGINE_SUBSTITUTION' */ ;
DELIMITER ;;
CREATE DEFINER=`root`@`localhost` PROCEDURE `getAllSubjectsByGradeLevelId`(IN pIN_gradeLevelId INT)
BEGIN

	SELECT 
    sglt.subject_id, s.`code`, s.title, s.description, s.isActive,
    g.grade_level
	FROM subject_gradelevel_lt sglt
	INNER JOIN subject_mt s ON s.subject_id = sglt.subject_id
    INNER JOIN gradelevel_mt g ON sglt.gradelevel_id = g.gradelevel_id
	WHERE sglt.gradelevel_id = pIN_gradeLevelId;
		
END ;;
DELIMITER ;
/*!50003 SET sql_mode              = @saved_sql_mode */ ;
/*!50003 SET character_set_client  = @saved_cs_client */ ;
/*!50003 SET character_set_results = @saved_cs_results */ ;
/*!50003 SET collation_connection  = @saved_col_connection */ ;
/*!50003 DROP PROCEDURE IF EXISTS `getAllSubjectsByStatusAndGradeLevelId` */;
/*!50003 SET @saved_cs_client      = @@character_set_client */ ;
/*!50003 SET @saved_cs_results     = @@character_set_results */ ;
/*!50003 SET @saved_col_connection = @@collation_connection */ ;
/*!50003 SET character_set_client  = utf8 */ ;
/*!50003 SET character_set_results = utf8 */ ;
/*!50003 SET collation_connection  = utf8_general_ci */ ;
/*!50003 SET @saved_sql_mode       = @@sql_mode */ ;
/*!50003 SET sql_mode              = 'NO_ENGINE_SUBSTITUTION' */ ;
DELIMITER ;;
CREATE DEFINER=`root`@`localhost` PROCEDURE `getAllSubjectsByStatusAndGradeLevelId`(
aIsActive INT, aGradeLevelId INT
)
BEGIN

SELECT 
sglt.subject_id, s.`code`, s.title, s.description, s.isActive, 
g.grade_level,sglt.year_created_schoolyear_id,
s.date_created
FROM subject_gradelevel_lt sglt
INNER JOIN subject_mt s ON s.subject_id = sglt.subject_id
INNER JOIN gradelevel_mt g ON sglt.gradelevel_id = g.gradelevel_id
WHERE sglt.gradelevel_id = aGradeLevelId
AND s.isActive = aIsActive;


END ;;
DELIMITER ;
/*!50003 SET sql_mode              = @saved_sql_mode */ ;
/*!50003 SET character_set_client  = @saved_cs_client */ ;
/*!50003 SET character_set_results = @saved_cs_results */ ;
/*!50003 SET collation_connection  = @saved_col_connection */ ;
/*!50003 DROP PROCEDURE IF EXISTS `getAllSubjectsInfo` */;
/*!50003 SET @saved_cs_client      = @@character_set_client */ ;
/*!50003 SET @saved_cs_results     = @@character_set_results */ ;
/*!50003 SET @saved_col_connection = @@collation_connection */ ;
/*!50003 SET character_set_client  = utf8 */ ;
/*!50003 SET character_set_results = utf8 */ ;
/*!50003 SET collation_connection  = utf8_general_ci */ ;
/*!50003 SET @saved_sql_mode       = @@sql_mode */ ;
/*!50003 SET sql_mode              = 'NO_ENGINE_SUBSTITUTION' */ ;
DELIMITER ;;
CREATE DEFINER=`root`@`localhost` PROCEDURE `getAllSubjectsInfo`()
BEGIN

	SELECT 
    s.subject_id, s.title, s.`code`, s.description, s.isActive, g.grade_level 
    FROM subject_gradelevel_lt sglt
	INNER JOIN subject_mt s ON sglt.subject_id = s.subject_id
    INNER JOIN gradelevel_mt g ON sglt.gradelevel_id = g.gradelevel_id
    ORDER BY g.grade_level ASC;
    

END ;;
DELIMITER ;
/*!50003 SET sql_mode              = @saved_sql_mode */ ;
/*!50003 SET character_set_client  = @saved_cs_client */ ;
/*!50003 SET character_set_results = @saved_cs_results */ ;
/*!50003 SET collation_connection  = @saved_col_connection */ ;
/*!50003 DROP PROCEDURE IF EXISTS `getAllSubjectsOfCurriculumByName` */;
/*!50003 SET @saved_cs_client      = @@character_set_client */ ;
/*!50003 SET @saved_cs_results     = @@character_set_results */ ;
/*!50003 SET @saved_col_connection = @@collation_connection */ ;
/*!50003 SET character_set_client  = utf8 */ ;
/*!50003 SET character_set_results = utf8 */ ;
/*!50003 SET collation_connection  = utf8_general_ci */ ;
/*!50003 SET @saved_sql_mode       = @@sql_mode */ ;
/*!50003 SET sql_mode              = 'NO_ENGINE_SUBSTITUTION' */ ;
DELIMITER ;;
CREATE DEFINER=`root`@`localhost` PROCEDURE `getAllSubjectsOfCurriculumByName`(
	IN pIN_curriculumTitle VARCHAR(150)
)
BEGIN
	
    SELECT subject_mt.code, subject_mt.title, subject_mt.description, gradelevel_mt.grade_level FROM curriculum_subject_lt
		INNER JOIN subject_mt ON subject_mt.subject_id = curriculum_subject_lt.subject_id
		INNER JOIN curriculum_mt ON curriculum_mt.curriculum_id = curriculum_subject_lt.curriculum_id
		INNER JOIN gradelevel_mt ON gradelevel_mt.gradelevel_id = curriculum_mt.gradelevel_id
			WHERE curriculum_mt.curriculum_title = pIN_curriculumTitle;

END ;;
DELIMITER ;
/*!50003 SET sql_mode              = @saved_sql_mode */ ;
/*!50003 SET character_set_client  = @saved_cs_client */ ;
/*!50003 SET character_set_results = @saved_cs_results */ ;
/*!50003 SET collation_connection  = @saved_col_connection */ ;
/*!50003 DROP PROCEDURE IF EXISTS `getAllSummerStudent` */;
/*!50003 SET @saved_cs_client      = @@character_set_client */ ;
/*!50003 SET @saved_cs_results     = @@character_set_results */ ;
/*!50003 SET @saved_col_connection = @@collation_connection */ ;
/*!50003 SET character_set_client  = utf8 */ ;
/*!50003 SET character_set_results = utf8 */ ;
/*!50003 SET collation_connection  = utf8_general_ci */ ;
/*!50003 SET @saved_sql_mode       = @@sql_mode */ ;
/*!50003 SET sql_mode              = 'NO_ENGINE_SUBSTITUTION' */ ;
DELIMITER ;;
CREATE DEFINER=`root`@`localhost` PROCEDURE `getAllSummerStudent`()
BEGIN
	SELECT
    student_mt.student_id, 
    registration_mt.firstname, registration_mt.middlename, registration_mt.lastname,
    gradelevel_mt.grade_level
    
    FROM schoolyear_student_lt
    
    INNER JOIN student_mt ON student_mt.student_id = schoolyear_student_lt.student_id
    INNER JOIN registration_mt ON registration_mt.registration_id = student_mt.registration_id
    INNER JOIN gradelevel_mt ON gradelevel_mt.gradelevel_id = schoolyear_student_lt.gradelevel_id
    
    WHERE schoolyear_student_lt.passed = 0
    AND schoolyear_student_lt.isActive = 1;
	
END ;;
DELIMITER ;
/*!50003 SET sql_mode              = @saved_sql_mode */ ;
/*!50003 SET character_set_client  = @saved_cs_client */ ;
/*!50003 SET character_set_results = @saved_cs_results */ ;
/*!50003 SET collation_connection  = @saved_col_connection */ ;
/*!50003 DROP PROCEDURE IF EXISTS `getAllSummerStudentsOf` */;
/*!50003 SET @saved_cs_client      = @@character_set_client */ ;
/*!50003 SET @saved_cs_results     = @@character_set_results */ ;
/*!50003 SET @saved_col_connection = @@collation_connection */ ;
/*!50003 SET character_set_client  = utf8 */ ;
/*!50003 SET character_set_results = utf8 */ ;
/*!50003 SET collation_connection  = utf8_general_ci */ ;
/*!50003 SET @saved_sql_mode       = @@sql_mode */ ;
/*!50003 SET sql_mode              = 'NO_ENGINE_SUBSTITUTION' */ ;
DELIMITER ;;
CREATE DEFINER=`root`@`localhost` PROCEDURE `getAllSummerStudentsOf`(
aSchoolYearId INT
)
BEGIN

SELECT 
s.summer_id,s.student_id,s.schoolyear_id AS summerSchoolYearId,s.is_enrolled_in_summer,
s.gradelevel_id_summer AS summerGradeLevelId ,g.grade_level AS summerGradeLevelNo,s.date_added AS dateRecommendedToSummer,
sy.schoolyear_id AS summerSchoolYearId, sy.yearFrom AS summerSyFrom, sy.yearTo AS summerSyTo,u.user_id,u.firstname AS userFirstName, u.middlename AS userMiddleName, u.lastname AS userLastName,
std.*,a.*,r.*,
(
SELECT smt.sectionName FROM 
section_mt smt 
LEFT JOIN section_student ss2 ON smt.section_id = ss2.section_id
LEFT JOIN section_settings_lt sslt2 ON ss2.section_id = sslt2.section_id
 WHERE ss2.student_id = s.student_id AND sslt2.section_type = 'S' AND ss2.schoolyear_id = aSchoolYearId) as sectionName,
 CASE WHEN (SELECT COUNT(*) FROM promotion WHERE student_id = s.student_id AND gradelevel_id_from = s.gradelevel_id_summer) > 0 THEN
 1 ELSE 0 END AS isPromoted
FROM summer s
LEFT JOIN gradelevel_mt g ON s.gradelevel_id_summer = g.gradelevel_id
LEFT JOIN schoolyear_mt sy ON s.schoolyear_id = sy.schoolyear_id
LEFT JOIN student_mt std ON s.student_id = std.student_id
LEFT JOIN admission_mt a ON std.admission_id = a.admission_id
LEFT JOIN registration_mt r ON a.registration_id = r.registration_id
LEFT JOIN user_mt u ON s.recommended_by_user_id = u.user_id
WHERE s.schoolyear_id = aSchoolYearId;


END ;;
DELIMITER ;
/*!50003 SET sql_mode              = @saved_sql_mode */ ;
/*!50003 SET character_set_client  = @saved_cs_client */ ;
/*!50003 SET character_set_results = @saved_cs_results */ ;
/*!50003 SET collation_connection  = @saved_col_connection */ ;
/*!50003 DROP PROCEDURE IF EXISTS `getAllUnsectionedSummerEnrolleesBy` */;
/*!50003 SET @saved_cs_client      = @@character_set_client */ ;
/*!50003 SET @saved_cs_results     = @@character_set_results */ ;
/*!50003 SET @saved_col_connection = @@collation_connection */ ;
/*!50003 SET character_set_client  = utf8 */ ;
/*!50003 SET character_set_results = utf8 */ ;
/*!50003 SET collation_connection  = utf8_general_ci */ ;
/*!50003 SET @saved_sql_mode       = @@sql_mode */ ;
/*!50003 SET sql_mode              = 'NO_ENGINE_SUBSTITUTION' */ ;
DELIMITER ;;
CREATE DEFINER=`root`@`localhost` PROCEDURE `getAllUnsectionedSummerEnrolleesBy`(
aGradeLevelId INT, aEnrollmentSchoolYearId INT, aEnrollmentType VARCHAR(1)
)
BEGIN

SELECT
r.*,a.admission_id,
a.isComplete AS isAdmissionComplete,
s.student_id,s.student_no,s.isActive AS isStudentActive,s.student_type AS finalStudentType,
g.grade_level AS currentGradeLevel, 
e.enrollment_id, e.schoolyear_id AS enrolledSchoolYearId, DATE(e.enrollment_date) AS dateEnrolled,
e.isEnrollmentWithdrawn,e.enrollment_type
FROM registration_mt r
LEFT JOIN admission_mt a ON r.registration_id = a.registration_id
LEFT JOIN student_mt s ON a.admission_id = s.admission_id
LEFT JOIN schoolyear_student_lt ss ON s.student_id = ss.student_id
LEFT JOIN gradelevel_mt g ON ss.gradelevel_id = g.gradelevel_id
LEFT JOIN enrollment e ON s.student_id = e.student_id
WHERE s.isActive = 1 
AND e.schoolyear_id = aEnrollmentSchoolYearId
AND e.enrollment_type = aEnrollmentType
AND g.gradelevel_id = aGradeLevelId
AND ss.isActiveGradeLevel = 1
AND 
(SELECT COUNT(*) FROM section_student ss LEFT JOIN section_settings_lt sslt ON ss.section_id = sslt.section_id
 WHERE ss.student_id = s.student_id AND sslt.section_type = aEnrollmentType) = 0;

END ;;
DELIMITER ;
/*!50003 SET sql_mode              = @saved_sql_mode */ ;
/*!50003 SET character_set_client  = @saved_cs_client */ ;
/*!50003 SET character_set_results = @saved_cs_results */ ;
/*!50003 SET collation_connection  = @saved_col_connection */ ;
/*!50003 DROP PROCEDURE IF EXISTS `getAllUserInfo` */;
/*!50003 SET @saved_cs_client      = @@character_set_client */ ;
/*!50003 SET @saved_cs_results     = @@character_set_results */ ;
/*!50003 SET @saved_col_connection = @@collation_connection */ ;
/*!50003 SET character_set_client  = utf8 */ ;
/*!50003 SET character_set_results = utf8 */ ;
/*!50003 SET collation_connection  = utf8_general_ci */ ;
/*!50003 SET @saved_sql_mode       = @@sql_mode */ ;
/*!50003 SET sql_mode              = 'NO_ENGINE_SUBSTITUTION' */ ;
DELIMITER ;;
CREATE DEFINER=`root`@`localhost` PROCEDURE `getAllUserInfo`()
BEGIN


SELECT u.*,r.* FROM user_mt u
LEFT JOIN user_role ur ON u.user_id = ur.user_id
LEFT JOIN role r ON ur.role_id = r.role_id;

END ;;
DELIMITER ;
/*!50003 SET sql_mode              = @saved_sql_mode */ ;
/*!50003 SET character_set_client  = @saved_cs_client */ ;
/*!50003 SET character_set_results = @saved_cs_results */ ;
/*!50003 SET collation_connection  = @saved_col_connection */ ;
/*!50003 DROP PROCEDURE IF EXISTS `getAllUsersInfo` */;
/*!50003 SET @saved_cs_client      = @@character_set_client */ ;
/*!50003 SET @saved_cs_results     = @@character_set_results */ ;
/*!50003 SET @saved_col_connection = @@collation_connection */ ;
/*!50003 SET character_set_client  = utf8 */ ;
/*!50003 SET character_set_results = utf8 */ ;
/*!50003 SET collation_connection  = utf8_general_ci */ ;
/*!50003 SET @saved_sql_mode       = @@sql_mode */ ;
/*!50003 SET sql_mode              = 'NO_ENGINE_SUBSTITUTION' */ ;
DELIMITER ;;
CREATE DEFINER=`root`@`localhost` PROCEDURE `getAllUsersInfo`()
BEGIN
	SELECT * FROM users;
END ;;
DELIMITER ;
/*!50003 SET sql_mode              = @saved_sql_mode */ ;
/*!50003 SET character_set_client  = @saved_cs_client */ ;
/*!50003 SET character_set_results = @saved_cs_results */ ;
/*!50003 SET collation_connection  = @saved_col_connection */ ;
/*!50003 DROP PROCEDURE IF EXISTS `getBalanceBreakDownId` */;
/*!50003 SET @saved_cs_client      = @@character_set_client */ ;
/*!50003 SET @saved_cs_results     = @@character_set_results */ ;
/*!50003 SET @saved_col_connection = @@collation_connection */ ;
/*!50003 SET character_set_client  = utf8 */ ;
/*!50003 SET character_set_results = utf8 */ ;
/*!50003 SET collation_connection  = utf8_general_ci */ ;
/*!50003 SET @saved_sql_mode       = @@sql_mode */ ;
/*!50003 SET sql_mode              = 'NO_ENGINE_SUBSTITUTION' */ ;
DELIMITER ;;
CREATE DEFINER=`root`@`localhost` PROCEDURE `getBalanceBreakDownId`(
balancebreakdownName VARCHAR(255),
aStudentId INT,
aSchoolYearId INT
)
BEGIN

SELECT balancebreakdown_id FROM balancebreakdown 
WHERE 
balancebreakdown_name = balancebreakdownName AND 
student_id = aStudentId AND schoolyear_id = aSchoolYearId;

END ;;
DELIMITER ;
/*!50003 SET sql_mode              = @saved_sql_mode */ ;
/*!50003 SET character_set_client  = @saved_cs_client */ ;
/*!50003 SET character_set_results = @saved_cs_results */ ;
/*!50003 SET collation_connection  = @saved_col_connection */ ;
/*!50003 DROP PROCEDURE IF EXISTS `getBasicByGradeLevelId` */;
/*!50003 SET @saved_cs_client      = @@character_set_client */ ;
/*!50003 SET @saved_cs_results     = @@character_set_results */ ;
/*!50003 SET @saved_col_connection = @@collation_connection */ ;
/*!50003 SET character_set_client  = utf8 */ ;
/*!50003 SET character_set_results = utf8 */ ;
/*!50003 SET collation_connection  = utf8_general_ci */ ;
/*!50003 SET @saved_sql_mode       = @@sql_mode */ ;
/*!50003 SET sql_mode              = 'NO_ENGINE_SUBSTITUTION' */ ;
DELIMITER ;;
CREATE DEFINER=`root`@`localhost` PROCEDURE `getBasicByGradeLevelId`(
aGradeLevelId INT
)
BEGIN

SELECT fslt.fee_amount FROM fee_mt f INNER JOIN fee_schoolyear_lt fslt
ON f.fee_id = fslt.fee_id INNER JOIN gradelevel_mt g ON fslt.gradelevel_id = g.gradelevel_id
INNER JOIN fee_category_mt fcmt ON f.fee_category_id = fcmt.fee_category_id
WHERE fslt.gradelevel_id = aGradeLevelId AND fee_category = 'Basic';

END ;;
DELIMITER ;
/*!50003 SET sql_mode              = @saved_sql_mode */ ;
/*!50003 SET character_set_client  = @saved_cs_client */ ;
/*!50003 SET character_set_results = @saved_cs_results */ ;
/*!50003 SET collation_connection  = @saved_col_connection */ ;
/*!50003 DROP PROCEDURE IF EXISTS `getBasicFeeByGradeLevelId` */;
/*!50003 SET @saved_cs_client      = @@character_set_client */ ;
/*!50003 SET @saved_cs_results     = @@character_set_results */ ;
/*!50003 SET @saved_col_connection = @@collation_connection */ ;
/*!50003 SET character_set_client  = utf8 */ ;
/*!50003 SET character_set_results = utf8 */ ;
/*!50003 SET collation_connection  = utf8_general_ci */ ;
/*!50003 SET @saved_sql_mode       = @@sql_mode */ ;
/*!50003 SET sql_mode              = 'NO_ENGINE_SUBSTITUTION' */ ;
DELIMITER ;;
CREATE DEFINER=`root`@`localhost` PROCEDURE `getBasicFeeByGradeLevelId`(aGradeLevelId INT)
BEGIN

SELECT f.fee_id, f.fee_name, f.fee_description, fs.fee_amount, 
fc.fee_category, fc.fee_category_id,
gl.*,
sy.*,
fs.*
FROM fee_mt f
INNER JOIN fee_schoolyear_lt fs ON f.fee_id = fs.fee_id
INNER JOIN gradelevel_mt gl ON fs.gradelevel_id = gl.gradelevel_id
INNER JOIN schoolyear_mt sy ON fs.schoolyear_id = sy.schoolyear_id
INNER JOIN fee_category_mt fc ON f.fee_category_id = fc.fee_category_id

WHERE fc.fee_category = 'Basic'
AND fs.gradelevel_id = aGradeLevelId;

END ;;
DELIMITER ;
/*!50003 SET sql_mode              = @saved_sql_mode */ ;
/*!50003 SET character_set_client  = @saved_cs_client */ ;
/*!50003 SET character_set_results = @saved_cs_results */ ;
/*!50003 SET collation_connection  = @saved_col_connection */ ;
/*!50003 DROP PROCEDURE IF EXISTS `getClassListBySchoolYearId` */;
/*!50003 SET @saved_cs_client      = @@character_set_client */ ;
/*!50003 SET @saved_cs_results     = @@character_set_results */ ;
/*!50003 SET @saved_col_connection = @@collation_connection */ ;
/*!50003 SET character_set_client  = utf8 */ ;
/*!50003 SET character_set_results = utf8 */ ;
/*!50003 SET collation_connection  = utf8_general_ci */ ;
/*!50003 SET @saved_sql_mode       = @@sql_mode */ ;
/*!50003 SET sql_mode              = 'NO_ENGINE_SUBSTITUTION' */ ;
DELIMITER ;;
CREATE DEFINER=`root`@`localhost` PROCEDURE `getClassListBySchoolYearId`(aSchoolYearId INT)
BEGIN

SELECT 
f.lastName AS adviser_lastname,f.firstName AS adviser_firstname,
s.sectionName, ss.student_id, r.lastname,r.firstname,r.middlename,
gl.grade_level
FROM section_mt s 
INNER JOIN section_student ss ON s.section_id = ss.section_id
INNER JOIN student_mt smt ON ss.student_id = smt.student_id
INNER JOIN registration_mt r ON smt.registration_id = r.registration_id
LEFT JOIN section_settings_lt sslt ON s.section_id = sslt.section_id
LEFT JOIN faculty_mt f ON sslt.adviser_id = f.faculty_id
INNER JOIN gradelevel_mt gl ON sslt.gradelevel_id = gl.gradelevel_id
WHERE ss.schoolyear_id = aSchoolYearId;	

END ;;
DELIMITER ;
/*!50003 SET sql_mode              = @saved_sql_mode */ ;
/*!50003 SET character_set_client  = @saved_cs_client */ ;
/*!50003 SET character_set_results = @saved_cs_results */ ;
/*!50003 SET collation_connection  = @saved_col_connection */ ;
/*!50003 DROP PROCEDURE IF EXISTS `getClassListBySchoolYearIdAndGradeLevelId` */;
/*!50003 SET @saved_cs_client      = @@character_set_client */ ;
/*!50003 SET @saved_cs_results     = @@character_set_results */ ;
/*!50003 SET @saved_col_connection = @@collation_connection */ ;
/*!50003 SET character_set_client  = utf8 */ ;
/*!50003 SET character_set_results = utf8 */ ;
/*!50003 SET collation_connection  = utf8_general_ci */ ;
/*!50003 SET @saved_sql_mode       = @@sql_mode */ ;
/*!50003 SET sql_mode              = 'NO_ENGINE_SUBSTITUTION' */ ;
DELIMITER ;;
CREATE DEFINER=`root`@`localhost` PROCEDURE `getClassListBySchoolYearIdAndGradeLevelId`(aSchoolYearId INT, aGradeLevelId INT)
BEGIN

SELECT 
f.lastName AS adviser_lastname,f.firstName AS adviser_firstname,
s.sectionName, ss.student_id, r.lastname,r.firstname,r.middlename,
gl.grade_level
FROM section_mt s 
INNER JOIN section_student ss ON s.section_id = ss.section_id
INNER JOIN student_mt smt ON ss.student_id = smt.student_id
INNER JOIN registration_mt r ON smt.registration_id = r.registration_id
LEFT JOIN section_settings_lt sslt ON s.section_id = sslt.section_id
LEFT JOIN faculty_mt f ON sslt.adviser_id = f.faculty_id
INNER JOIN gradelevel_mt gl ON sslt.gradelevel_id = gl.gradelevel_id
WHERE ss.schoolyear_id = aSchoolYearId
AND sslt.gradelevel_id = aGradeLevelId;	

END ;;
DELIMITER ;
/*!50003 SET sql_mode              = @saved_sql_mode */ ;
/*!50003 SET character_set_client  = @saved_cs_client */ ;
/*!50003 SET character_set_results = @saved_cs_results */ ;
/*!50003 SET collation_connection  = @saved_col_connection */ ;
/*!50003 DROP PROCEDURE IF EXISTS `getClassListOf` */;
/*!50003 SET @saved_cs_client      = @@character_set_client */ ;
/*!50003 SET @saved_cs_results     = @@character_set_results */ ;
/*!50003 SET @saved_col_connection = @@collation_connection */ ;
/*!50003 SET character_set_client  = utf8 */ ;
/*!50003 SET character_set_results = utf8 */ ;
/*!50003 SET collation_connection  = utf8_general_ci */ ;
/*!50003 SET @saved_sql_mode       = @@sql_mode */ ;
/*!50003 SET sql_mode              = 'NO_ENGINE_SUBSTITUTION' */ ;
DELIMITER ;;
CREATE DEFINER=`root`@`localhost` PROCEDURE `getClassListOf`(
aFacultyId INT, aSchoolYearId INT
)
BEGIN

SELECT * FROM schedule_mt smt LEFT JOIN 
section_mt sct ON smt.section_id = sct.section_id LEFT JOIN
subject_mt sbj ON smt.subject_id = sbj.subject_id LEFT JOIN
section_student ss ON smt.section_id = ss.section_id LEFT JOIN
student_mt std ON ss.student_id = std.student_id LEFT JOIN 
admission_mt a ON std.admission_id = a.admission_id LEFT JOIN 
registration_mt r ON a.registration_id = r.registration_id
WHERE smt.faculty_id = aFacultyId AND smt.schoolyear_id = aSchoolYearId
GROUP BY std.student_id;

END ;;
DELIMITER ;
/*!50003 SET sql_mode              = @saved_sql_mode */ ;
/*!50003 SET character_set_client  = @saved_cs_client */ ;
/*!50003 SET character_set_results = @saved_cs_results */ ;
/*!50003 SET collation_connection  = @saved_col_connection */ ;
/*!50003 DROP PROCEDURE IF EXISTS `getClassTypeById` */;
/*!50003 SET @saved_cs_client      = @@character_set_client */ ;
/*!50003 SET @saved_cs_results     = @@character_set_results */ ;
/*!50003 SET @saved_col_connection = @@collation_connection */ ;
/*!50003 SET character_set_client  = utf8 */ ;
/*!50003 SET character_set_results = utf8 */ ;
/*!50003 SET collation_connection  = utf8_general_ci */ ;
/*!50003 SET @saved_sql_mode       = @@sql_mode */ ;
/*!50003 SET sql_mode              = 'NO_ENGINE_SUBSTITUTION' */ ;
DELIMITER ;;
CREATE DEFINER=`root`@`localhost` PROCEDURE `getClassTypeById`(aClassTypeId INT)
BEGIN

SELECT * FROM classtype_mt WHERE classtype_id = aClassTypeId;

END ;;
DELIMITER ;
/*!50003 SET sql_mode              = @saved_sql_mode */ ;
/*!50003 SET character_set_client  = @saved_cs_client */ ;
/*!50003 SET character_set_results = @saved_cs_results */ ;
/*!50003 SET collation_connection  = @saved_col_connection */ ;
/*!50003 DROP PROCEDURE IF EXISTS `getCOROf` */;
/*!50003 SET @saved_cs_client      = @@character_set_client */ ;
/*!50003 SET @saved_cs_results     = @@character_set_results */ ;
/*!50003 SET @saved_col_connection = @@collation_connection */ ;
/*!50003 SET character_set_client  = utf8 */ ;
/*!50003 SET character_set_results = utf8 */ ;
/*!50003 SET collation_connection  = utf8_general_ci */ ;
/*!50003 SET @saved_sql_mode       = @@sql_mode */ ;
/*!50003 SET sql_mode              = 'NO_ENGINE_SUBSTITUTION' */ ;
DELIMITER ;;
CREATE DEFINER=`root`@`localhost` PROCEDURE `getCOROf`(aStudentNo INT, aSchoolYearId INT)
BEGIN

SELECT
secstu.section_id, 
CASE WHEN sec.sectionName IS NULL THEN 'Unassigned' ELSE sec.sectionName END AS sectionname,
secset.adviser_id, 
CASE WHEN f.lastName IS NULL THEN '' ELSE f.lastName END AS facultyLastName, 
CASE WHEN f.firstName IS NULL THEN '' ELSE f.firstName END AS facultyFirstName, 
CASE WHEN f.middleName IS NULL THEN '' ELSE f.middleName END AS facultyMiddleName, 
r.*,a.admission_id,
a.isComplete AS isAdmissionComplete,
s.student_id,
s.student_no,
s.isActive AS isStudentActive,
s.student_type AS finalStudentType,
g.grade_level AS currentGradeLevel, 
e.enrollment_id, 
e.schoolyear_id AS enrolledSchoolYearId, 
DATE(e.enrollment_date) AS dateEnrolled,
e.isEnrollmentWithdrawn,e.enrollment_type
FROM registration_mt r
LEFT JOIN admission_mt a ON r.registration_id = a.registration_id
LEFT JOIN student_mt s ON a.admission_id = s.admission_id
LEFT JOIN schoolyear_student_lt ss ON s.student_id = ss.student_id
LEFT JOIN enrollment e ON s.student_id = e.student_id
LEFT JOIN gradelevel_mt g ON e.gradelevel_id = g.gradelevel_id
LEFT JOIN section_student secstu ON s.student_id = secstu.student_id
LEFT JOIN section_mt sec ON secstu.section_id = sec.section_id
LEFT JOIN section_settings_lt secset ON sec.section_id = secset.section_id
LEFT JOIN faculty_mt f ON secset.adviser_id = f.faculty_id
WHERE e.schoolyear_id = aSchoolYearId AND s.student_no = aStudentNo
GROUP BY e.enrollment_id;

END ;;
DELIMITER ;
/*!50003 SET sql_mode              = @saved_sql_mode */ ;
/*!50003 SET character_set_client  = @saved_cs_client */ ;
/*!50003 SET character_set_results = @saved_cs_results */ ;
/*!50003 SET collation_connection  = @saved_col_connection */ ;
/*!50003 DROP PROCEDURE IF EXISTS `getCreatedCurriculumById` */;
/*!50003 SET @saved_cs_client      = @@character_set_client */ ;
/*!50003 SET @saved_cs_results     = @@character_set_results */ ;
/*!50003 SET @saved_col_connection = @@collation_connection */ ;
/*!50003 SET character_set_client  = utf8 */ ;
/*!50003 SET character_set_results = utf8 */ ;
/*!50003 SET collation_connection  = utf8_general_ci */ ;
/*!50003 SET @saved_sql_mode       = @@sql_mode */ ;
/*!50003 SET sql_mode              = 'NO_ENGINE_SUBSTITUTION' */ ;
DELIMITER ;;
CREATE DEFINER=`root`@`localhost` PROCEDURE `getCreatedCurriculumById`(IN pIN_curriculumId INT)
BEGIN
	
    SELECT
		subject_mt.subject_id, subject_mt.code, subject_mt.title, curriculum_subject_lt.subject_hours,
        gradelevel_mt.grade_level
			FROM curriculum_subject_lt
            INNER JOIN curriculum_mt ON curriculum_mt.curriculum_id = curriculum_subject_lt.curriculum_id
            INNER JOIN gradelevel_mt ON gradelevel_mt.gradelevel_id = curriculum_subject_lt.gradelevel_id
            INNER JOIN subject_mt ON subject_mt.subject_id = curriculum_subject_lt.subject_id
            WHERE curriculum_mt.curriculum_id = pIN_curriculumId;
    
END ;;
DELIMITER ;
/*!50003 SET sql_mode              = @saved_sql_mode */ ;
/*!50003 SET character_set_client  = @saved_cs_client */ ;
/*!50003 SET character_set_results = @saved_cs_results */ ;
/*!50003 SET collation_connection  = @saved_col_connection */ ;
/*!50003 DROP PROCEDURE IF EXISTS `getCreatedCurriculumInfoById` */;
/*!50003 SET @saved_cs_client      = @@character_set_client */ ;
/*!50003 SET @saved_cs_results     = @@character_set_results */ ;
/*!50003 SET @saved_col_connection = @@collation_connection */ ;
/*!50003 SET character_set_client  = utf8 */ ;
/*!50003 SET character_set_results = utf8 */ ;
/*!50003 SET collation_connection  = utf8_general_ci */ ;
/*!50003 SET @saved_sql_mode       = @@sql_mode */ ;
/*!50003 SET sql_mode              = 'NO_ENGINE_SUBSTITUTION' */ ;
DELIMITER ;;
CREATE DEFINER=`root`@`localhost` PROCEDURE `getCreatedCurriculumInfoById`(IN pIN_curriculumId INT)
BEGIN
	
    SELECT 
		curriculum_mt.curriculum_id,
        curriculum_mt.curriculum_title, curriculum_mt.description,
		subject_mt.code, subject_mt.title,
        gradelevel_mt.grade_level,
        schoolyear_mt.yearFrom, schoolyear_mt.yearTo
			FROM curriculum_subject_lt
            INNER JOIN curriculum_mt ON curriculum_mt.curriculum_id = curriculum_subject_lt.curriculum_id
            INNER JOIN gradelevel_mt ON gradelevel_mt.gradelevel_id = curriculum_mt.gradelevel_id
            INNER JOIN subject_mt ON subject_mt.subject_id = curriculum_subject_lt.subject_id
            INNER JOIN schoolyear_mt ON schoolyear_mt.schoolyear_id = curriculum_mt.schoolyear_id
            WHERE curriculum_mt.curriculum_id = pIN_curriculumId;
    
END ;;
DELIMITER ;
/*!50003 SET sql_mode              = @saved_sql_mode */ ;
/*!50003 SET character_set_client  = @saved_cs_client */ ;
/*!50003 SET character_set_results = @saved_cs_results */ ;
/*!50003 SET collation_connection  = @saved_col_connection */ ;
/*!50003 DROP PROCEDURE IF EXISTS `getCreatedSectionById` */;
/*!50003 SET @saved_cs_client      = @@character_set_client */ ;
/*!50003 SET @saved_cs_results     = @@character_set_results */ ;
/*!50003 SET @saved_col_connection = @@collation_connection */ ;
/*!50003 SET character_set_client  = utf8 */ ;
/*!50003 SET character_set_results = utf8 */ ;
/*!50003 SET collation_connection  = utf8_general_ci */ ;
/*!50003 SET @saved_sql_mode       = @@sql_mode */ ;
/*!50003 SET sql_mode              = 'NO_ENGINE_SUBSTITUTION' */ ;
DELIMITER ;;
CREATE DEFINER=`root`@`localhost` PROCEDURE `getCreatedSectionById`(IN pIN_sectionId INT)
BEGIN
	SELECT section_mt.sectionName,
			gradelevel_mt.grade_level,
				schoolyear_mt.yearFrom, schoolyear_mt.yearTo,
					sectioncategory_mt.grade_range_from, sectioncategory_mt.grade_range_to, sectioncategory_mt.category,
						section_settings_lt.capacity,
							session_mt.title
								FROM section_settings_lt
		INNER JOIN section_mt ON section_mt.section_id = section_settings_lt.section_id
		INNER JOIN gradelevel_mt ON gradelevel_mt.gradelevel_id = section_settings_lt.gradelevel_id
		INNER JOIN schoolyear_mt ON schoolyear_mt.schoolyear_id = section_settings_lt.schoolyear_id
        INNER JOIN sectioncategory_mt ON sectioncategory_mt.sectioncategory_id = section_settings_lt.sectioncategory_id
        INNER JOIN session_mt ON session_mt.session_id = section_settings_lt.session_id

		WHERE section_settings_lt.section_id = pIN_sectionId;
END ;;
DELIMITER ;
/*!50003 SET sql_mode              = @saved_sql_mode */ ;
/*!50003 SET character_set_client  = @saved_cs_client */ ;
/*!50003 SET character_set_results = @saved_cs_results */ ;
/*!50003 SET collation_connection  = @saved_col_connection */ ;
/*!50003 DROP PROCEDURE IF EXISTS `getCreatedSubjectInfoById` */;
/*!50003 SET @saved_cs_client      = @@character_set_client */ ;
/*!50003 SET @saved_cs_results     = @@character_set_results */ ;
/*!50003 SET @saved_col_connection = @@collation_connection */ ;
/*!50003 SET character_set_client  = utf8 */ ;
/*!50003 SET character_set_results = utf8 */ ;
/*!50003 SET collation_connection  = utf8_general_ci */ ;
/*!50003 SET @saved_sql_mode       = @@sql_mode */ ;
/*!50003 SET sql_mode              = 'NO_ENGINE_SUBSTITUTION' */ ;
DELIMITER ;;
CREATE DEFINER=`root`@`localhost` PROCEDURE `getCreatedSubjectInfoById`(IN pIN_subjectId INT)
BEGIN
	
    SELECT 
		subject_mt.title, subject_mt.code, subject_mt.description,
        gradelevel_mt.grade_level
			FROM subject_gradelevel_lt
		INNER JOIN subject_mt ON subject_mt.subject_id = subject_gradelevel_lt.subject_id
        INNER JOIN gradelevel_mt ON gradelevel_mt.gradelevel_id = subject_gradelevel_lt.gradelevel_id
        WHERE subject_mt.subject_id = pIN_subjectId;
		
    
END ;;
DELIMITER ;
/*!50003 SET sql_mode              = @saved_sql_mode */ ;
/*!50003 SET character_set_client  = @saved_cs_client */ ;
/*!50003 SET character_set_results = @saved_cs_results */ ;
/*!50003 SET collation_connection  = @saved_col_connection */ ;
/*!50003 DROP PROCEDURE IF EXISTS `getCredentialByGradeLevelId` */;
/*!50003 SET @saved_cs_client      = @@character_set_client */ ;
/*!50003 SET @saved_cs_results     = @@character_set_results */ ;
/*!50003 SET @saved_col_connection = @@collation_connection */ ;
/*!50003 SET character_set_client  = utf8 */ ;
/*!50003 SET character_set_results = utf8 */ ;
/*!50003 SET collation_connection  = utf8_general_ci */ ;
/*!50003 SET @saved_sql_mode       = @@sql_mode */ ;
/*!50003 SET sql_mode              = 'NO_AUTO_CREATE_USER,NO_ENGINE_SUBSTITUTION' */ ;
DELIMITER ;;
CREATE DEFINER=`root`@`localhost` PROCEDURE `getCredentialByGradeLevelId`(aGradeLevelId INT)
BEGIN

SELECT c.*,cr.*,gl.grade_level,sy.yearFrom, sy.yearTo FROM credentials_mt c
INNER JOIN credential_requirements_lt cr ON c.credential_id
INNER JOIN gradelevel_mt gl ON cr.gradelevel_id = gl.gradelevel_id
INNER JOIN schoolyear_mt sy ON cr.schoolyear_id = sy.schoolyear_id

WHERE cr.gradelevel_id = aGradeLevelId 
GROUP BY c.credential_name;

END ;;
DELIMITER ;
/*!50003 SET sql_mode              = @saved_sql_mode */ ;
/*!50003 SET character_set_client  = @saved_cs_client */ ;
/*!50003 SET character_set_results = @saved_cs_results */ ;
/*!50003 SET collation_connection  = @saved_col_connection */ ;
/*!50003 DROP PROCEDURE IF EXISTS `getCredentialGradeLevels` */;
/*!50003 SET @saved_cs_client      = @@character_set_client */ ;
/*!50003 SET @saved_cs_results     = @@character_set_results */ ;
/*!50003 SET @saved_col_connection = @@collation_connection */ ;
/*!50003 SET character_set_client  = utf8 */ ;
/*!50003 SET character_set_results = utf8 */ ;
/*!50003 SET collation_connection  = utf8_general_ci */ ;
/*!50003 SET @saved_sql_mode       = @@sql_mode */ ;
/*!50003 SET sql_mode              = 'NO_ENGINE_SUBSTITUTION' */ ;
DELIMITER ;;
CREATE DEFINER=`root`@`localhost` PROCEDURE `getCredentialGradeLevels`(
aCredentialId INT
)
BEGIN

SELECT * FROM credential_gradelevel cg LEFT JOIN 
gradelevel_mt g ON cg.gradelevel_id = g.gradelevel_id LEFT JOIN
schoolyear_mt sy ON cg.year_created_schoolyear_id = sy.schoolyear_id
WHERE credential_id = aCredentialId;

END ;;
DELIMITER ;
/*!50003 SET sql_mode              = @saved_sql_mode */ ;
/*!50003 SET character_set_client  = @saved_cs_client */ ;
/*!50003 SET character_set_results = @saved_cs_results */ ;
/*!50003 SET collation_connection  = @saved_col_connection */ ;
/*!50003 DROP PROCEDURE IF EXISTS `getCredentialIdByName` */;
/*!50003 SET @saved_cs_client      = @@character_set_client */ ;
/*!50003 SET @saved_cs_results     = @@character_set_results */ ;
/*!50003 SET @saved_col_connection = @@collation_connection */ ;
/*!50003 SET character_set_client  = utf8 */ ;
/*!50003 SET character_set_results = utf8 */ ;
/*!50003 SET collation_connection  = utf8_general_ci */ ;
/*!50003 SET @saved_sql_mode       = @@sql_mode */ ;
/*!50003 SET sql_mode              = 'NO_ENGINE_SUBSTITUTION' */ ;
DELIMITER ;;
CREATE DEFINER=`root`@`localhost` PROCEDURE `getCredentialIdByName`(aCredentialName VARCHAR(255))
BEGIN
SELECT credential_id 
FROM credential_mt
WHERE credential_name = aCredentialName;

END ;;
DELIMITER ;
/*!50003 SET sql_mode              = @saved_sql_mode */ ;
/*!50003 SET character_set_client  = @saved_cs_client */ ;
/*!50003 SET character_set_results = @saved_cs_results */ ;
/*!50003 SET collation_connection  = @saved_col_connection */ ;
/*!50003 DROP PROCEDURE IF EXISTS `getCredentialsByGradeLevel` */;
/*!50003 SET @saved_cs_client      = @@character_set_client */ ;
/*!50003 SET @saved_cs_results     = @@character_set_results */ ;
/*!50003 SET @saved_col_connection = @@collation_connection */ ;
/*!50003 SET character_set_client  = utf8 */ ;
/*!50003 SET character_set_results = utf8 */ ;
/*!50003 SET collation_connection  = utf8_general_ci */ ;
/*!50003 SET @saved_sql_mode       = @@sql_mode */ ;
/*!50003 SET sql_mode              = 'NO_ENGINE_SUBSTITUTION' */ ;
DELIMITER ;;
CREATE DEFINER=`root`@`localhost` PROCEDURE `getCredentialsByGradeLevel`(
aGradeLevelId INT
)
BEGIN

SELECT * FROM credential_mt c LEFT JOIN 
credential_gradelevel cg ON c.credential_id = cg.credential_id LEFT JOIN
user_mt u ON c.created_by_user_id = u.user_id
WHERE cg.gradelevel_id = aGradeLevelId;

END ;;
DELIMITER ;
/*!50003 SET sql_mode              = @saved_sql_mode */ ;
/*!50003 SET character_set_client  = @saved_cs_client */ ;
/*!50003 SET character_set_results = @saved_cs_results */ ;
/*!50003 SET collation_connection  = @saved_col_connection */ ;
/*!50003 DROP PROCEDURE IF EXISTS `getCurrentGradeLevelOf` */;
/*!50003 SET @saved_cs_client      = @@character_set_client */ ;
/*!50003 SET @saved_cs_results     = @@character_set_results */ ;
/*!50003 SET @saved_col_connection = @@collation_connection */ ;
/*!50003 SET character_set_client  = utf8 */ ;
/*!50003 SET character_set_results = utf8 */ ;
/*!50003 SET collation_connection  = utf8_general_ci */ ;
/*!50003 SET @saved_sql_mode       = @@sql_mode */ ;
/*!50003 SET sql_mode              = 'NO_ENGINE_SUBSTITUTION' */ ;
DELIMITER ;;
CREATE DEFINER=`root`@`localhost` PROCEDURE `getCurrentGradeLevelOf`(aStudentId INT)
BEGIN

SELECT * FROM schoolyear_student_lt sslt INNER JOIN gradelevel_mt g ON sslt.gradelevel_id = g.gradelevel_id
WHERE student_Id = aStudentId AND isActiveGradeLevel = 1;

END ;;
DELIMITER ;
/*!50003 SET sql_mode              = @saved_sql_mode */ ;
/*!50003 SET character_set_client  = @saved_cs_client */ ;
/*!50003 SET character_set_results = @saved_cs_results */ ;
/*!50003 SET collation_connection  = @saved_col_connection */ ;
/*!50003 DROP PROCEDURE IF EXISTS `getCurrentQuarterOf` */;
/*!50003 SET @saved_cs_client      = @@character_set_client */ ;
/*!50003 SET @saved_cs_results     = @@character_set_results */ ;
/*!50003 SET @saved_col_connection = @@collation_connection */ ;
/*!50003 SET character_set_client  = utf8 */ ;
/*!50003 SET character_set_results = utf8 */ ;
/*!50003 SET collation_connection  = utf8_general_ci */ ;
/*!50003 SET @saved_sql_mode       = @@sql_mode */ ;
/*!50003 SET sql_mode              = 'NO_ENGINE_SUBSTITUTION' */ ;
DELIMITER ;;
CREATE DEFINER=`root`@`localhost` PROCEDURE `getCurrentQuarterOf`(
aSchoolYearId INT
)
BEGIN

SELECT syq.* FROM schoolyear_quarter_lt syq 
INNER JOIN schoolyear_mt sy ON syq.schoolyear_id = sy.schoolyear_id
WHERE syq.schoolyear_id = aSchoolYearId AND 
(CURDATE() >= syq.start_date AND CURDATE() <= syq.end_date);

END ;;
DELIMITER ;
/*!50003 SET sql_mode              = @saved_sql_mode */ ;
/*!50003 SET character_set_client  = @saved_cs_client */ ;
/*!50003 SET character_set_results = @saved_cs_results */ ;
/*!50003 SET collation_connection  = @saved_col_connection */ ;
/*!50003 DROP PROCEDURE IF EXISTS `getCurrentSchoolYear` */;
/*!50003 SET @saved_cs_client      = @@character_set_client */ ;
/*!50003 SET @saved_cs_results     = @@character_set_results */ ;
/*!50003 SET @saved_col_connection = @@collation_connection */ ;
/*!50003 SET character_set_client  = utf8 */ ;
/*!50003 SET character_set_results = utf8 */ ;
/*!50003 SET collation_connection  = utf8_general_ci */ ;
/*!50003 SET @saved_sql_mode       = @@sql_mode */ ;
/*!50003 SET sql_mode              = 'NO_ENGINE_SUBSTITUTION' */ ;
DELIMITER ;;
CREATE DEFINER=`root`@`localhost` PROCEDURE `getCurrentSchoolYear`()
BEGIN
	SELECT sy.* ,
    (SELECT start_date FROM schoolyear_quarter_lt WHERE schoolyear_id = sy.schoolyear_id AND quarter_no = 1) AS Q1Start,
	(SELECT end_date FROM schoolyear_quarter_lt WHERE schoolyear_id = sy.schoolyear_id AND quarter_no = 1) AS Q1End ,
	(SELECT grading_due_date FROM schoolyear_quarter_lt WHERE schoolyear_id = sy.schoolyear_id AND quarter_no = 1) AS Q1GradingDueDate ,
	(SELECT start_date FROM schoolyear_quarter_lt WHERE schoolyear_id = sy.schoolyear_id AND quarter_no = 2) AS Q2Start ,
	(SELECT end_date FROM schoolyear_quarter_lt WHERE schoolyear_id = sy.schoolyear_id AND quarter_no = 2) AS Q2End ,
	(SELECT grading_due_date FROM schoolyear_quarter_lt WHERE schoolyear_id = sy.schoolyear_id AND quarter_no = 2) AS Q2GradingDueDate ,
	(SELECT start_date FROM schoolyear_quarter_lt WHERE schoolyear_id = sy.schoolyear_id AND quarter_no = 3) AS Q3Start ,
	(SELECT end_date FROM schoolyear_quarter_lt WHERE schoolyear_id = sy.schoolyear_id AND quarter_no = 3) AS Q3End,
	(SELECT grading_due_date FROM schoolyear_quarter_lt WHERE schoolyear_id = sy.schoolyear_id AND quarter_no = 3) AS Q3GradingDueDate ,
	(SELECT start_date FROM schoolyear_quarter_lt WHERE schoolyear_id = sy.schoolyear_id AND quarter_no = 4) AS Q4Start ,
	(SELECT end_date FROM schoolyear_quarter_lt WHERE schoolyear_id = sy.schoolyear_id AND quarter_no = 4) AS Q4End,
	(SELECT grading_due_date FROM schoolyear_quarter_lt WHERE schoolyear_id = sy.schoolyear_id AND quarter_no = 4) AS Q4GradingDueDate
    FROM schoolyear_mt sy
    
    INNER JOIN schoolyear_quarter_lt syq ON sy.schoolyear_id = syq.schoolyear_id
    WHERE isCurrentSchoolYear = 1
	GROUP BY sy.schoolyear_id ORDER BY sy.yearFrom ASC;
    
END ;;
DELIMITER ;
/*!50003 SET sql_mode              = @saved_sql_mode */ ;
/*!50003 SET character_set_client  = @saved_cs_client */ ;
/*!50003 SET character_set_results = @saved_cs_results */ ;
/*!50003 SET collation_connection  = @saved_col_connection */ ;
/*!50003 DROP PROCEDURE IF EXISTS `getCurrentSchoolYearFrom` */;
/*!50003 SET @saved_cs_client      = @@character_set_client */ ;
/*!50003 SET @saved_cs_results     = @@character_set_results */ ;
/*!50003 SET @saved_col_connection = @@collation_connection */ ;
/*!50003 SET character_set_client  = utf8 */ ;
/*!50003 SET character_set_results = utf8 */ ;
/*!50003 SET collation_connection  = utf8_general_ci */ ;
/*!50003 SET @saved_sql_mode       = @@sql_mode */ ;
/*!50003 SET sql_mode              = 'NO_ENGINE_SUBSTITUTION' */ ;
DELIMITER ;;
CREATE DEFINER=`root`@`localhost` PROCEDURE `getCurrentSchoolYearFrom`()
BEGIN
SELECT yearFrom FROM schoolyear_mt WHERE isCurrentSchoolYear = 1;
END ;;
DELIMITER ;
/*!50003 SET sql_mode              = @saved_sql_mode */ ;
/*!50003 SET character_set_client  = @saved_cs_client */ ;
/*!50003 SET character_set_results = @saved_cs_results */ ;
/*!50003 SET collation_connection  = @saved_col_connection */ ;
/*!50003 DROP PROCEDURE IF EXISTS `getCurrentSchoolYearId` */;
/*!50003 SET @saved_cs_client      = @@character_set_client */ ;
/*!50003 SET @saved_cs_results     = @@character_set_results */ ;
/*!50003 SET @saved_col_connection = @@collation_connection */ ;
/*!50003 SET character_set_client  = utf8 */ ;
/*!50003 SET character_set_results = utf8 */ ;
/*!50003 SET collation_connection  = utf8_general_ci */ ;
/*!50003 SET @saved_sql_mode       = @@sql_mode */ ;
/*!50003 SET sql_mode              = 'NO_ENGINE_SUBSTITUTION' */ ;
DELIMITER ;;
CREATE DEFINER=`root`@`localhost` PROCEDURE `getCurrentSchoolYearId`()
BEGIN
SELECT schoolyear_id FROM schoolyear_mt WHERE isCurrentSchoolYear = 1;
END ;;
DELIMITER ;
/*!50003 SET sql_mode              = @saved_sql_mode */ ;
/*!50003 SET character_set_client  = @saved_cs_client */ ;
/*!50003 SET character_set_results = @saved_cs_results */ ;
/*!50003 SET collation_connection  = @saved_col_connection */ ;
/*!50003 DROP PROCEDURE IF EXISTS `getCurriculumById` */;
/*!50003 SET @saved_cs_client      = @@character_set_client */ ;
/*!50003 SET @saved_cs_results     = @@character_set_results */ ;
/*!50003 SET @saved_col_connection = @@collation_connection */ ;
/*!50003 SET character_set_client  = utf8 */ ;
/*!50003 SET character_set_results = utf8 */ ;
/*!50003 SET collation_connection  = utf8_general_ci */ ;
/*!50003 SET @saved_sql_mode       = @@sql_mode */ ;
/*!50003 SET sql_mode              = 'NO_ENGINE_SUBSTITUTION' */ ;
DELIMITER ;;
CREATE DEFINER=`root`@`localhost` PROCEDURE `getCurriculumById`(curriculumId INT)
BEGIN

SELECT * FROM curriculum_mt WHERE curriculum_id = curriculumId;

END ;;
DELIMITER ;
/*!50003 SET sql_mode              = @saved_sql_mode */ ;
/*!50003 SET character_set_client  = @saved_cs_client */ ;
/*!50003 SET character_set_results = @saved_cs_results */ ;
/*!50003 SET collation_connection  = @saved_col_connection */ ;
/*!50003 DROP PROCEDURE IF EXISTS `getCurriculumByWildCard` */;
/*!50003 SET @saved_cs_client      = @@character_set_client */ ;
/*!50003 SET @saved_cs_results     = @@character_set_results */ ;
/*!50003 SET @saved_col_connection = @@collation_connection */ ;
/*!50003 SET character_set_client  = utf8 */ ;
/*!50003 SET character_set_results = utf8 */ ;
/*!50003 SET collation_connection  = utf8_general_ci */ ;
/*!50003 SET @saved_sql_mode       = @@sql_mode */ ;
/*!50003 SET sql_mode              = 'NO_ENGINE_SUBSTITUTION' */ ;
DELIMITER ;;
CREATE DEFINER=`root`@`localhost` PROCEDURE `getCurriculumByWildCard`(aWildCardChar VARCHAR(255))
BEGIN

SELECT 
c.*,sy.yearFrom,
(SELECT COUNT(*) FROM curriculum_subject_lt cslt WHERE cslt.curriculum_id = c.curriculum_id)
AS subjectCount
FROM curriculum_mt c 
INNER JOIN schoolyear_mt sy ON c.schoolyear_id = sy.schoolyear_id
WHERE c.curriculum_id LIKE CONCAT('%',aWildCardChar,'%') OR
c.curriculum_title LIKE CONCAT('%',aWildCardChar,'%') OR 
sy.yearFrom LIKE CONCAT('%',aWildCardChar,'%');

END ;;
DELIMITER ;
/*!50003 SET sql_mode              = @saved_sql_mode */ ;
/*!50003 SET character_set_client  = @saved_cs_client */ ;
/*!50003 SET character_set_results = @saved_cs_results */ ;
/*!50003 SET collation_connection  = @saved_col_connection */ ;
/*!50003 DROP PROCEDURE IF EXISTS `getCurriculumIdByName` */;
/*!50003 SET @saved_cs_client      = @@character_set_client */ ;
/*!50003 SET @saved_cs_results     = @@character_set_results */ ;
/*!50003 SET @saved_col_connection = @@collation_connection */ ;
/*!50003 SET character_set_client  = utf8 */ ;
/*!50003 SET character_set_results = utf8 */ ;
/*!50003 SET collation_connection  = utf8_general_ci */ ;
/*!50003 SET @saved_sql_mode       = @@sql_mode */ ;
/*!50003 SET sql_mode              = 'NO_ENGINE_SUBSTITUTION' */ ;
DELIMITER ;;
CREATE DEFINER=`root`@`localhost` PROCEDURE `getCurriculumIdByName`(curriculumName VARCHAR(255))
BEGIN

SELECT curriculum_id FROM curriculum_mt WHERE curriculum_title = curriculumName;

END ;;
DELIMITER ;
/*!50003 SET sql_mode              = @saved_sql_mode */ ;
/*!50003 SET character_set_client  = @saved_cs_client */ ;
/*!50003 SET character_set_results = @saved_cs_results */ ;
/*!50003 SET collation_connection  = @saved_col_connection */ ;
/*!50003 DROP PROCEDURE IF EXISTS `getCurriculumInfoOf` */;
/*!50003 SET @saved_cs_client      = @@character_set_client */ ;
/*!50003 SET @saved_cs_results     = @@character_set_results */ ;
/*!50003 SET @saved_col_connection = @@collation_connection */ ;
/*!50003 SET character_set_client  = utf8 */ ;
/*!50003 SET character_set_results = utf8 */ ;
/*!50003 SET collation_connection  = utf8_general_ci */ ;
/*!50003 SET @saved_sql_mode       = @@sql_mode */ ;
/*!50003 SET sql_mode              = 'NO_ENGINE_SUBSTITUTION' */ ;
DELIMITER ;;
CREATE DEFINER=`root`@`localhost` PROCEDURE `getCurriculumInfoOf`(IN p_curriculumId INT)
BEGIN

SELECT 
    c.*,
    es.educationstage,
    chd.dateAdded,
    gl.`level`,
    sy.yearFrom,
    sy.yearTo
    
    FROM curriculum 					c
    INNER JOIN gradelevel 				gl 	ON c.gradeLevelId = gl.id
    INNER JOIN curriculum_schoolyears 	csy ON c.id = csy.curriculumId
    INNER JOIN schoolyear 				sy 	ON csy.schoolYearId = sy.id
    INNER JOIN curriculum_hd 			chd ON c.id = chd.curriculumId
    INNER JOIN educationalstage			es	ON c.educationalstage_id = es.id
    
    WHERE c.id = p_curriculumId;
    
END ;;
DELIMITER ;
/*!50003 SET sql_mode              = @saved_sql_mode */ ;
/*!50003 SET character_set_client  = @saved_cs_client */ ;
/*!50003 SET character_set_results = @saved_cs_results */ ;
/*!50003 SET collation_connection  = @saved_col_connection */ ;
/*!50003 DROP PROCEDURE IF EXISTS `getCurriculumNameGradeLevel` */;
/*!50003 SET @saved_cs_client      = @@character_set_client */ ;
/*!50003 SET @saved_cs_results     = @@character_set_results */ ;
/*!50003 SET @saved_col_connection = @@collation_connection */ ;
/*!50003 SET character_set_client  = utf8 */ ;
/*!50003 SET character_set_results = utf8 */ ;
/*!50003 SET collation_connection  = utf8_general_ci */ ;
/*!50003 SET @saved_sql_mode       = @@sql_mode */ ;
/*!50003 SET sql_mode              = 'NO_ENGINE_SUBSTITUTION' */ ;
DELIMITER ;;
CREATE DEFINER=`root`@`localhost` PROCEDURE `getCurriculumNameGradeLevel`(aEducationalStageId int)
BEGIN
	SELECT g.`level` as gradelevel
    FROM educationalstage_gradelevel esg 
    INNER JOIN gradelevel g ON esg.gradelevel_id = g.id
    WHERE esg.curriculumname_id = aEducationStageId;
END ;;
DELIMITER ;
/*!50003 SET sql_mode              = @saved_sql_mode */ ;
/*!50003 SET character_set_client  = @saved_cs_client */ ;
/*!50003 SET character_set_results = @saved_cs_results */ ;
/*!50003 SET collation_connection  = @saved_col_connection */ ;
/*!50003 DROP PROCEDURE IF EXISTS `getCurriculumNameId` */;
/*!50003 SET @saved_cs_client      = @@character_set_client */ ;
/*!50003 SET @saved_cs_results     = @@character_set_results */ ;
/*!50003 SET @saved_col_connection = @@collation_connection */ ;
/*!50003 SET character_set_client  = utf8 */ ;
/*!50003 SET character_set_results = utf8 */ ;
/*!50003 SET collation_connection  = utf8_general_ci */ ;
/*!50003 SET @saved_sql_mode       = @@sql_mode */ ;
/*!50003 SET sql_mode              = 'NO_ENGINE_SUBSTITUTION' */ ;
DELIMITER ;;
CREATE DEFINER=`root`@`localhost` PROCEDURE `getCurriculumNameId`(aCurriculumName VARCHAR(50))
BEGIN
	SELECT cn.id FROM curriculumname cn WHERE cn.curriculum_name = aCurriculumName;
END ;;
DELIMITER ;
/*!50003 SET sql_mode              = @saved_sql_mode */ ;
/*!50003 SET character_set_client  = @saved_cs_client */ ;
/*!50003 SET character_set_results = @saved_cs_results */ ;
/*!50003 SET collation_connection  = @saved_col_connection */ ;
/*!50003 DROP PROCEDURE IF EXISTS `getCurriculumNames` */;
/*!50003 SET @saved_cs_client      = @@character_set_client */ ;
/*!50003 SET @saved_cs_results     = @@character_set_results */ ;
/*!50003 SET @saved_col_connection = @@collation_connection */ ;
/*!50003 SET character_set_client  = utf8 */ ;
/*!50003 SET character_set_results = utf8 */ ;
/*!50003 SET collation_connection  = utf8_general_ci */ ;
/*!50003 SET @saved_sql_mode       = @@sql_mode */ ;
/*!50003 SET sql_mode              = 'NO_ENGINE_SUBSTITUTION' */ ;
DELIMITER ;;
CREATE DEFINER=`root`@`localhost` PROCEDURE `getCurriculumNames`()
BEGIN
	SELECT educationstage FROM educationalstage;
END ;;
DELIMITER ;
/*!50003 SET sql_mode              = @saved_sql_mode */ ;
/*!50003 SET character_set_client  = @saved_cs_client */ ;
/*!50003 SET character_set_results = @saved_cs_results */ ;
/*!50003 SET collation_connection  = @saved_col_connection */ ;
/*!50003 DROP PROCEDURE IF EXISTS `getCurriculumSubjects` */;
/*!50003 SET @saved_cs_client      = @@character_set_client */ ;
/*!50003 SET @saved_cs_results     = @@character_set_results */ ;
/*!50003 SET @saved_col_connection = @@collation_connection */ ;
/*!50003 SET character_set_client  = utf8 */ ;
/*!50003 SET character_set_results = utf8 */ ;
/*!50003 SET collation_connection  = utf8_general_ci */ ;
/*!50003 SET @saved_sql_mode       = @@sql_mode */ ;
/*!50003 SET sql_mode              = 'NO_ENGINE_SUBSTITUTION' */ ;
DELIMITER ;;
CREATE DEFINER=`root`@`localhost` PROCEDURE `getCurriculumSubjects`(IN p_curriculumId INT)
BEGIN
	SELECT 
    s.`code`,
    s.`name`,
    s.units,
    s.description,
    gl.`level`
    
    FROM 		subjects	 			s
    INNER JOIN 	curriculum_subjects 	cs 		ON s.id = cs.subjectId
    INNER JOIN 	subjects_gradelevel		sgl 	ON cs.subjectId = sgl.subjectId
    INNER JOIN	gradelevel				gl		ON sgl.gradeLevelId = gl.id
    
    
    WHERE cs.curriculumId = p_curriculumId;
END ;;
DELIMITER ;
/*!50003 SET sql_mode              = @saved_sql_mode */ ;
/*!50003 SET character_set_client  = @saved_cs_client */ ;
/*!50003 SET character_set_results = @saved_cs_results */ ;
/*!50003 SET collation_connection  = @saved_col_connection */ ;
/*!50003 DROP PROCEDURE IF EXISTS `getCurriculumSubjectsById` */;
/*!50003 SET @saved_cs_client      = @@character_set_client */ ;
/*!50003 SET @saved_cs_results     = @@character_set_results */ ;
/*!50003 SET @saved_col_connection = @@collation_connection */ ;
/*!50003 SET character_set_client  = utf8 */ ;
/*!50003 SET character_set_results = utf8 */ ;
/*!50003 SET collation_connection  = utf8_general_ci */ ;
/*!50003 SET @saved_sql_mode       = @@sql_mode */ ;
/*!50003 SET sql_mode              = 'NO_ENGINE_SUBSTITUTION' */ ;
DELIMITER ;;
CREATE DEFINER=`root`@`localhost` PROCEDURE `getCurriculumSubjectsById`(curriculumId INT)
BEGIN

SELECT s.*,cslt.subject_minutes_per_week,sglt.*,g.grade_level
FROM subject_mt s
INNER JOIN curriculum_subject_lt cslt ON s.subject_id = cslt.subject_id
INNER JOIN subject_gradelevel_lt sglt ON s.subject_id = sglt.subject_id
INNER JOIN gradelevel_mt g ON sglt.gradelevel_id = g.gradelevel_id
WHERE cslt.curriculum_id = curriculumId;

END ;;
DELIMITER ;
/*!50003 SET sql_mode              = @saved_sql_mode */ ;
/*!50003 SET character_set_client  = @saved_cs_client */ ;
/*!50003 SET character_set_results = @saved_cs_results */ ;
/*!50003 SET collation_connection  = @saved_col_connection */ ;
/*!50003 DROP PROCEDURE IF EXISTS `getCurriculumYearStartEndByGradeLevel` */;
/*!50003 SET @saved_cs_client      = @@character_set_client */ ;
/*!50003 SET @saved_cs_results     = @@character_set_results */ ;
/*!50003 SET @saved_col_connection = @@collation_connection */ ;
/*!50003 SET character_set_client  = utf8 */ ;
/*!50003 SET character_set_results = utf8 */ ;
/*!50003 SET collation_connection  = utf8_general_ci */ ;
/*!50003 SET @saved_sql_mode       = @@sql_mode */ ;
/*!50003 SET sql_mode              = 'NO_ENGINE_SUBSTITUTION' */ ;
DELIMITER ;;
CREATE DEFINER=`root`@`localhost` PROCEDURE `getCurriculumYearStartEndByGradeLevel`(IN pIN_gradeLevel INT)
BEGIN
	
    SELECT schoolyear_mt.yearFrom, schoolyear_mt.yearTo FROM curriculum_subject_lt
		INNER JOIN curriculum_mt ON curriculum_mt.curriculum_id = curriculum_subject_lt.curriculum_id
		INNER JOIN schoolyear_mt ON curriculum_mt.schoolyear_id = schoolyear_mt.schoolyear_id
		INNER JOIN gradelevel_mt ON gradelevel_mt.gradelevel_id = curriculum_mt.gradelevel_id
			WHERE gradelevel_mt.grade_level = pIN_gradeLevel;

END ;;
DELIMITER ;
/*!50003 SET sql_mode              = @saved_sql_mode */ ;
/*!50003 SET character_set_client  = @saved_cs_client */ ;
/*!50003 SET character_set_results = @saved_cs_results */ ;
/*!50003 SET collation_connection  = @saved_col_connection */ ;
/*!50003 DROP PROCEDURE IF EXISTS `getDashboardPermissionByRoleId` */;
/*!50003 SET @saved_cs_client      = @@character_set_client */ ;
/*!50003 SET @saved_cs_results     = @@character_set_results */ ;
/*!50003 SET @saved_col_connection = @@collation_connection */ ;
/*!50003 SET character_set_client  = utf8 */ ;
/*!50003 SET character_set_results = utf8 */ ;
/*!50003 SET collation_connection  = utf8_general_ci */ ;
/*!50003 SET @saved_sql_mode       = @@sql_mode */ ;
/*!50003 SET sql_mode              = 'NO_ENGINE_SUBSTITUTION' */ ;
DELIMITER ;;
CREATE DEFINER=`root`@`localhost` PROCEDURE `getDashboardPermissionByRoleId`(aRoleId INT)
BEGIN
SELECT r.role_id, r.role,dbp.*
FROM dashboardpermission dbp
INNER JOIN role_permission rp ON dbp.dashboardpermission_id = rp.dashboardpermission_id
INNER JOIN role r ON rp.role_id = r.role_id
WHERE rp.role_id = aRoleId;

END ;;
DELIMITER ;
/*!50003 SET sql_mode              = @saved_sql_mode */ ;
/*!50003 SET character_set_client  = @saved_cs_client */ ;
/*!50003 SET character_set_results = @saved_cs_results */ ;
/*!50003 SET collation_connection  = @saved_col_connection */ ;
/*!50003 DROP PROCEDURE IF EXISTS `getDiscountById` */;
/*!50003 SET @saved_cs_client      = @@character_set_client */ ;
/*!50003 SET @saved_cs_results     = @@character_set_results */ ;
/*!50003 SET @saved_col_connection = @@collation_connection */ ;
/*!50003 SET character_set_client  = utf8 */ ;
/*!50003 SET character_set_results = utf8 */ ;
/*!50003 SET collation_connection  = utf8_general_ci */ ;
/*!50003 SET @saved_sql_mode       = @@sql_mode */ ;
/*!50003 SET sql_mode              = 'NO_ENGINE_SUBSTITUTION' */ ;
DELIMITER ;;
CREATE DEFINER=`root`@`localhost` PROCEDURE `getDiscountById`(aDiscountId INT)
BEGIN

SELECT *,d.isActive AS isDiscountActive FROM discount_mt d
INNER JOIN user_mt u ON d.created_by_user_id = u.user_id
WHERE d.discount_id = aDiscountId;

END ;;
DELIMITER ;
/*!50003 SET sql_mode              = @saved_sql_mode */ ;
/*!50003 SET character_set_client  = @saved_cs_client */ ;
/*!50003 SET character_set_results = @saved_cs_results */ ;
/*!50003 SET collation_connection  = @saved_col_connection */ ;
/*!50003 DROP PROCEDURE IF EXISTS `getDiscountDescription` */;
/*!50003 SET @saved_cs_client      = @@character_set_client */ ;
/*!50003 SET @saved_cs_results     = @@character_set_results */ ;
/*!50003 SET @saved_col_connection = @@collation_connection */ ;
/*!50003 SET character_set_client  = utf8 */ ;
/*!50003 SET character_set_results = utf8 */ ;
/*!50003 SET collation_connection  = utf8_general_ci */ ;
/*!50003 SET @saved_sql_mode       = @@sql_mode */ ;
/*!50003 SET sql_mode              = 'NO_ENGINE_SUBSTITUTION' */ ;
DELIMITER ;;
CREATE DEFINER=`root`@`localhost` PROCEDURE `getDiscountDescription`(aDiscountName VARCHAR(100))
BEGIN

	SELECT description FROM discount WHERE discountType = aDiscountName;


END ;;
DELIMITER ;
/*!50003 SET sql_mode              = @saved_sql_mode */ ;
/*!50003 SET character_set_client  = @saved_cs_client */ ;
/*!50003 SET character_set_results = @saved_cs_results */ ;
/*!50003 SET collation_connection  = @saved_col_connection */ ;
/*!50003 DROP PROCEDURE IF EXISTS `getDiscountId` */;
/*!50003 SET @saved_cs_client      = @@character_set_client */ ;
/*!50003 SET @saved_cs_results     = @@character_set_results */ ;
/*!50003 SET @saved_col_connection = @@collation_connection */ ;
/*!50003 SET character_set_client  = utf8 */ ;
/*!50003 SET character_set_results = utf8 */ ;
/*!50003 SET collation_connection  = utf8_general_ci */ ;
/*!50003 SET @saved_sql_mode       = @@sql_mode */ ;
/*!50003 SET sql_mode              = 'NO_ENGINE_SUBSTITUTION' */ ;
DELIMITER ;;
CREATE DEFINER=`root`@`localhost` PROCEDURE `getDiscountId`(aDiscountName VARCHAR(100))
BEGIN
	SELECT discount_id FROM discount WHERE discountType = aDiscountName;
END ;;
DELIMITER ;
/*!50003 SET sql_mode              = @saved_sql_mode */ ;
/*!50003 SET character_set_client  = @saved_cs_client */ ;
/*!50003 SET character_set_results = @saved_cs_results */ ;
/*!50003 SET collation_connection  = @saved_col_connection */ ;
/*!50003 DROP PROCEDURE IF EXISTS `getDiscountIdByName` */;
/*!50003 SET @saved_cs_client      = @@character_set_client */ ;
/*!50003 SET @saved_cs_results     = @@character_set_results */ ;
/*!50003 SET @saved_col_connection = @@collation_connection */ ;
/*!50003 SET character_set_client  = utf8 */ ;
/*!50003 SET character_set_results = utf8 */ ;
/*!50003 SET collation_connection  = utf8_general_ci */ ;
/*!50003 SET @saved_sql_mode       = @@sql_mode */ ;
/*!50003 SET sql_mode              = 'NO_ENGINE_SUBSTITUTION' */ ;
DELIMITER ;;
CREATE DEFINER=`root`@`localhost` PROCEDURE `getDiscountIdByName`(aDiscountName VARCHAR(255))
BEGIN
SELECT discount_id FROM discount_mt WHERE discount_name = aDiscountName;
END ;;
DELIMITER ;
/*!50003 SET sql_mode              = @saved_sql_mode */ ;
/*!50003 SET character_set_client  = @saved_cs_client */ ;
/*!50003 SET character_set_results = @saved_cs_results */ ;
/*!50003 SET collation_connection  = @saved_col_connection */ ;
/*!50003 DROP PROCEDURE IF EXISTS `getDiscountNames` */;
/*!50003 SET @saved_cs_client      = @@character_set_client */ ;
/*!50003 SET @saved_cs_results     = @@character_set_results */ ;
/*!50003 SET @saved_col_connection = @@collation_connection */ ;
/*!50003 SET character_set_client  = utf8 */ ;
/*!50003 SET character_set_results = utf8 */ ;
/*!50003 SET collation_connection  = utf8_general_ci */ ;
/*!50003 SET @saved_sql_mode       = @@sql_mode */ ;
/*!50003 SET sql_mode              = 'NO_ENGINE_SUBSTITUTION' */ ;
DELIMITER ;;
CREATE DEFINER=`root`@`localhost` PROCEDURE `getDiscountNames`()
BEGIN
SELECT discountType FROM discount;
END ;;
DELIMITER ;
/*!50003 SET sql_mode              = @saved_sql_mode */ ;
/*!50003 SET character_set_client  = @saved_cs_client */ ;
/*!50003 SET character_set_results = @saved_cs_results */ ;
/*!50003 SET collation_connection  = @saved_col_connection */ ;
/*!50003 DROP PROCEDURE IF EXISTS `getDiscountPercentage` */;
/*!50003 SET @saved_cs_client      = @@character_set_client */ ;
/*!50003 SET @saved_cs_results     = @@character_set_results */ ;
/*!50003 SET @saved_col_connection = @@collation_connection */ ;
/*!50003 SET character_set_client  = utf8 */ ;
/*!50003 SET character_set_results = utf8 */ ;
/*!50003 SET collation_connection  = utf8_general_ci */ ;
/*!50003 SET @saved_sql_mode       = @@sql_mode */ ;
/*!50003 SET sql_mode              = 'NO_ENGINE_SUBSTITUTION' */ ;
DELIMITER ;;
CREATE DEFINER=`root`@`localhost` PROCEDURE `getDiscountPercentage`(aDiscountName VARCHAR(50))
BEGIN
	SELECT percentage FROM discount WHERE discountType = aDiscountName;
END ;;
DELIMITER ;
/*!50003 SET sql_mode              = @saved_sql_mode */ ;
/*!50003 SET character_set_client  = @saved_cs_client */ ;
/*!50003 SET character_set_results = @saved_cs_results */ ;
/*!50003 SET collation_connection  = @saved_col_connection */ ;
/*!50003 DROP PROCEDURE IF EXISTS `getDisountDescription` */;
/*!50003 SET @saved_cs_client      = @@character_set_client */ ;
/*!50003 SET @saved_cs_results     = @@character_set_results */ ;
/*!50003 SET @saved_col_connection = @@collation_connection */ ;
/*!50003 SET character_set_client  = utf8 */ ;
/*!50003 SET character_set_results = utf8 */ ;
/*!50003 SET collation_connection  = utf8_general_ci */ ;
/*!50003 SET @saved_sql_mode       = @@sql_mode */ ;
/*!50003 SET sql_mode              = 'NO_ENGINE_SUBSTITUTION' */ ;
DELIMITER ;;
CREATE DEFINER=`root`@`localhost` PROCEDURE `getDisountDescription`(aDiscountName VARCHAR(100))
BEGIN

	SELECT description FROM discount WHERE discountType = aDiscountName;


END ;;
DELIMITER ;
/*!50003 SET sql_mode              = @saved_sql_mode */ ;
/*!50003 SET character_set_client  = @saved_cs_client */ ;
/*!50003 SET character_set_results = @saved_cs_results */ ;
/*!50003 SET collation_connection  = @saved_col_connection */ ;
/*!50003 DROP PROCEDURE IF EXISTS `getDownpaymentByGradeLevel` */;
/*!50003 SET @saved_cs_client      = @@character_set_client */ ;
/*!50003 SET @saved_cs_results     = @@character_set_results */ ;
/*!50003 SET @saved_col_connection = @@collation_connection */ ;
/*!50003 SET character_set_client  = utf8 */ ;
/*!50003 SET character_set_results = utf8 */ ;
/*!50003 SET collation_connection  = utf8_general_ci */ ;
/*!50003 SET @saved_sql_mode       = @@sql_mode */ ;
/*!50003 SET sql_mode              = 'NO_ENGINE_SUBSTITUTION' */ ;
DELIMITER ;;
CREATE DEFINER=`root`@`localhost` PROCEDURE `getDownpaymentByGradeLevel`(aGradeLevelId INT)
BEGIN

SELECT fslt.fee_amount FROM fee_mt f INNER JOIN fee_schoolyear_lt fslt
ON f.fee_id = fslt.fee_id INNER JOIN gradelevel_mt g ON fslt.gradelevel_id = g.gradelevel_id
INNER JOIN fee_category_mt fcmt ON f.fee_category_id = fcmt.fee_category_id
WHERE fslt.gradelevel_id = aGradeLevelId AND fee_category = 'Downpayment';

END ;;
DELIMITER ;
/*!50003 SET sql_mode              = @saved_sql_mode */ ;
/*!50003 SET character_set_client  = @saved_cs_client */ ;
/*!50003 SET character_set_results = @saved_cs_results */ ;
/*!50003 SET collation_connection  = @saved_col_connection */ ;
/*!50003 DROP PROCEDURE IF EXISTS `getDownpaymentFeeByGradeLevelId` */;
/*!50003 SET @saved_cs_client      = @@character_set_client */ ;
/*!50003 SET @saved_cs_results     = @@character_set_results */ ;
/*!50003 SET @saved_col_connection = @@collation_connection */ ;
/*!50003 SET character_set_client  = utf8 */ ;
/*!50003 SET character_set_results = utf8 */ ;
/*!50003 SET collation_connection  = utf8_general_ci */ ;
/*!50003 SET @saved_sql_mode       = @@sql_mode */ ;
/*!50003 SET sql_mode              = 'NO_ENGINE_SUBSTITUTION' */ ;
DELIMITER ;;
CREATE DEFINER=`root`@`localhost` PROCEDURE `getDownpaymentFeeByGradeLevelId`(aGradeLevelId INT)
BEGIN

SELECT f.fee_id, f.fee_name, f.fee_description, fs.fee_amount, 
fc.fee_category, fc.fee_category_id,
gl.*,
sy.*,
fs.*
FROM fee_mt f
INNER JOIN fee_schoolyear_lt fs ON f.fee_id = fs.fee_id
INNER JOIN gradelevel_mt gl ON fs.gradelevel_id = gl.gradelevel_id
INNER JOIN schoolyear_mt sy ON fs.schoolyear_id = sy.schoolyear_id
INNER JOIN fee_category_mt fc ON f.fee_category_id = fc.fee_category_id

WHERE fc.fee_category = 'Downpayment'
AND fs.gradelevel_id = aGradeLevelId;

END ;;
DELIMITER ;
/*!50003 SET sql_mode              = @saved_sql_mode */ ;
/*!50003 SET character_set_client  = @saved_cs_client */ ;
/*!50003 SET character_set_results = @saved_cs_results */ ;
/*!50003 SET collation_connection  = @saved_col_connection */ ;
/*!50003 DROP PROCEDURE IF EXISTS `getEachCurriculum` */;
/*!50003 SET @saved_cs_client      = @@character_set_client */ ;
/*!50003 SET @saved_cs_results     = @@character_set_results */ ;
/*!50003 SET @saved_col_connection = @@collation_connection */ ;
/*!50003 SET character_set_client  = utf8 */ ;
/*!50003 SET character_set_results = utf8 */ ;
/*!50003 SET collation_connection  = utf8_general_ci */ ;
/*!50003 SET @saved_sql_mode       = @@sql_mode */ ;
/*!50003 SET sql_mode              = 'NO_ENGINE_SUBSTITUTION' */ ;
DELIMITER ;;
CREATE DEFINER=`root`@`localhost` PROCEDURE `getEachCurriculum`(IN pIN_yearFrom INT, IN pIN_search VARCHAR(250))
BEGIN
	SELECT schoolyear_mt.yearFrom, schoolyear_mt.yearTo, gradelevel_mt.grade_level, curriculum_mt.description, curriculum_mt.date_created FROM curriculum_mt
	INNER JOIN schoolyear_mt ON schoolyear_mt.schoolyear_id = curriculum_mt.schoolyear_id
	INNER JOIN gradelevel_mt ON gradelevel_mt.gradelevel_id = curriculum_mt.gradelevel_id
    WHERE yearFrom = pIN_yearFrom AND description LIKE CONCAT ('%',  pIN_search, '%');
END ;;
DELIMITER ;
/*!50003 SET sql_mode              = @saved_sql_mode */ ;
/*!50003 SET character_set_client  = @saved_cs_client */ ;
/*!50003 SET character_set_results = @saved_cs_results */ ;
/*!50003 SET collation_connection  = @saved_col_connection */ ;
/*!50003 DROP PROCEDURE IF EXISTS `getEachSubjectByGradeLevel` */;
/*!50003 SET @saved_cs_client      = @@character_set_client */ ;
/*!50003 SET @saved_cs_results     = @@character_set_results */ ;
/*!50003 SET @saved_col_connection = @@collation_connection */ ;
/*!50003 SET character_set_client  = utf8 */ ;
/*!50003 SET character_set_results = utf8 */ ;
/*!50003 SET collation_connection  = utf8_general_ci */ ;
/*!50003 SET @saved_sql_mode       = @@sql_mode */ ;
/*!50003 SET sql_mode              = 'NO_ENGINE_SUBSTITUTION' */ ;
DELIMITER ;;
CREATE DEFINER=`root`@`localhost` PROCEDURE `getEachSubjectByGradeLevel`(IN p_subjTitle VARCHAR(250))
BEGIN   
    SELECT subject_mt.title, subject_mt.code, subject_mt.description, gradelevel_mt.grade_level,
    subject_mt.subject_id, gradelevel_mt.gradelevel_id
	FROM subject_gradelevel_lt
	INNER JOIN subject_mt 
	ON subject_mt.subject_id = subject_gradelevel_lt.subject_id
	INNER JOIN gradelevel_mt 
	ON gradelevel_mt.gradelevel_id = subject_gradelevel_lt.gradelevel_id
	WHERE subject_mt.title = p_subjTitle;
    
	END ;;
DELIMITER ;
/*!50003 SET sql_mode              = @saved_sql_mode */ ;
/*!50003 SET character_set_client  = @saved_cs_client */ ;
/*!50003 SET character_set_results = @saved_cs_results */ ;
/*!50003 SET collation_connection  = @saved_col_connection */ ;
/*!50003 DROP PROCEDURE IF EXISTS `getEachSubjectByGradeLevelForCurriculum` */;
/*!50003 SET @saved_cs_client      = @@character_set_client */ ;
/*!50003 SET @saved_cs_results     = @@character_set_results */ ;
/*!50003 SET @saved_col_connection = @@collation_connection */ ;
/*!50003 SET character_set_client  = utf8 */ ;
/*!50003 SET character_set_results = utf8 */ ;
/*!50003 SET collation_connection  = utf8_general_ci */ ;
/*!50003 SET @saved_sql_mode       = @@sql_mode */ ;
/*!50003 SET sql_mode              = 'NO_ENGINE_SUBSTITUTION' */ ;
DELIMITER ;;
CREATE DEFINER=`root`@`localhost` PROCEDURE `getEachSubjectByGradeLevelForCurriculum`(IN pIN_gradeLevel INT)
BEGIN
	SELECT subject_mt.code, subject_mt.title, subject_mt.description, gradelevel_mt.grade_level
	FROM subject_gradelevel_lt
	INNER JOIN subject_mt
	ON subject_mt.subject_id = subject_gradelevel_lt.subject_id
	INNER JOIN gradelevel_mt
	ON gradelevel_mt.gradelevel_id = subject_gradelevel_lt.gradelevel_id
    WHERE gradelevel_mt.grade_level = pIN_gradeLevel;
END ;;
DELIMITER ;
/*!50003 SET sql_mode              = @saved_sql_mode */ ;
/*!50003 SET character_set_client  = @saved_cs_client */ ;
/*!50003 SET character_set_results = @saved_cs_results */ ;
/*!50003 SET collation_connection  = @saved_col_connection */ ;
/*!50003 DROP PROCEDURE IF EXISTS `getEachSubjectByGradeLevelId` */;
/*!50003 SET @saved_cs_client      = @@character_set_client */ ;
/*!50003 SET @saved_cs_results     = @@character_set_results */ ;
/*!50003 SET @saved_col_connection = @@collation_connection */ ;
/*!50003 SET character_set_client  = utf8 */ ;
/*!50003 SET character_set_results = utf8 */ ;
/*!50003 SET collation_connection  = utf8_general_ci */ ;
/*!50003 SET @saved_sql_mode       = @@sql_mode */ ;
/*!50003 SET sql_mode              = 'NO_ENGINE_SUBSTITUTION' */ ;
DELIMITER ;;
CREATE DEFINER=`root`@`localhost` PROCEDURE `getEachSubjectByGradeLevelId`(IN pIN_gradeLevelId INT)
BEGIN
	SELECT subject_mt.subject_id, subject_mt.code, subject_mt.title, gradelevel_mt.grade_level
	FROM subject_gradelevel_lt
	INNER JOIN subject_mt
	ON subject_mt.subject_id = subject_gradelevel_lt.subject_id
	INNER JOIN gradelevel_mt
	ON gradelevel_mt.gradelevel_id = subject_gradelevel_lt.gradelevel_id
    WHERE subject_gradelevel_lt.gradelevel_id = pIN_gradeLevelId
    AND subject_mt.isAdded IS NULL;
END ;;
DELIMITER ;
/*!50003 SET sql_mode              = @saved_sql_mode */ ;
/*!50003 SET character_set_client  = @saved_cs_client */ ;
/*!50003 SET character_set_results = @saved_cs_results */ ;
/*!50003 SET collation_connection  = @saved_col_connection */ ;
/*!50003 DROP PROCEDURE IF EXISTS `getEnrollmentScheduleBySchoolYear` */;
/*!50003 SET @saved_cs_client      = @@character_set_client */ ;
/*!50003 SET @saved_cs_results     = @@character_set_results */ ;
/*!50003 SET @saved_col_connection = @@collation_connection */ ;
/*!50003 SET character_set_client  = utf8 */ ;
/*!50003 SET character_set_results = utf8 */ ;
/*!50003 SET collation_connection  = utf8_general_ci */ ;
/*!50003 SET @saved_sql_mode       = @@sql_mode */ ;
/*!50003 SET sql_mode              = 'NO_ENGINE_SUBSTITUTION' */ ;
DELIMITER ;;
CREATE DEFINER=`root`@`localhost` PROCEDURE `getEnrollmentScheduleBySchoolYear`(IN aSchoolYearId INT)
BEGIN
	SELECT 
    e.enrollment_id, 
    e.opening_date, 
    e.closing_date, 
    e.date_created,
    e.schoolyear_id, 
    sy.yearFrom, 
    sy.yearTo,
    sy.start_date,
    sy.end_date,
    sy.isActive,
    sy.isCurrentSchoolYear
    FROM enrollment_mt e
    INNER JOIN schoolyear_mt sy ON e.schoolyear_id = sy.schoolyear_id
    WHERE sy.schoolyear_id = aSchoolYearId;
END ;;
DELIMITER ;
/*!50003 SET sql_mode              = @saved_sql_mode */ ;
/*!50003 SET character_set_client  = @saved_cs_client */ ;
/*!50003 SET character_set_results = @saved_cs_results */ ;
/*!50003 SET collation_connection  = @saved_col_connection */ ;
/*!50003 DROP PROCEDURE IF EXISTS `getFaculty` */;
/*!50003 SET @saved_cs_client      = @@character_set_client */ ;
/*!50003 SET @saved_cs_results     = @@character_set_results */ ;
/*!50003 SET @saved_col_connection = @@collation_connection */ ;
/*!50003 SET character_set_client  = utf8 */ ;
/*!50003 SET character_set_results = utf8 */ ;
/*!50003 SET collation_connection  = utf8_general_ci */ ;
/*!50003 SET @saved_sql_mode       = @@sql_mode */ ;
/*!50003 SET sql_mode              = 'NO_ENGINE_SUBSTITUTION' */ ;
DELIMITER ;;
CREATE DEFINER=`root`@`localhost` PROCEDURE `getFaculty`()
BEGIN

SELECT f.*,fs.*,s.* FROM faculty_mt f
INNER JOIN faculty_specialization fs ON f.faculty_id = fs.faculty_id
INNER JOIN specialization s ON fs.specialization_id = s.specialization_id;

END ;;
DELIMITER ;
/*!50003 SET sql_mode              = @saved_sql_mode */ ;
/*!50003 SET character_set_client  = @saved_cs_client */ ;
/*!50003 SET character_set_results = @saved_cs_results */ ;
/*!50003 SET collation_connection  = @saved_col_connection */ ;
/*!50003 DROP PROCEDURE IF EXISTS `getFacultyAndSpecialization` */;
/*!50003 SET @saved_cs_client      = @@character_set_client */ ;
/*!50003 SET @saved_cs_results     = @@character_set_results */ ;
/*!50003 SET @saved_col_connection = @@collation_connection */ ;
/*!50003 SET character_set_client  = utf8 */ ;
/*!50003 SET character_set_results = utf8 */ ;
/*!50003 SET collation_connection  = utf8_general_ci */ ;
/*!50003 SET @saved_sql_mode       = @@sql_mode */ ;
/*!50003 SET sql_mode              = 'NO_ENGINE_SUBSTITUTION' */ ;
DELIMITER ;;
CREATE DEFINER=`root`@`localhost` PROCEDURE `getFacultyAndSpecialization`()
BEGIN

SELECT f.*,fs.*,s.* FROM faculty_mt f
INNER JOIN faculty_specialization fs ON f.faculty_id = fs.faculty_id
INNER JOIN specialization s ON fs.specialization_id = s.specialization_id
GROUP BY fs.faculty_id
ORDER BY f.lastName;

END ;;
DELIMITER ;
/*!50003 SET sql_mode              = @saved_sql_mode */ ;
/*!50003 SET character_set_client  = @saved_cs_client */ ;
/*!50003 SET character_set_results = @saved_cs_results */ ;
/*!50003 SET collation_connection  = @saved_col_connection */ ;
/*!50003 DROP PROCEDURE IF EXISTS `getFacultyById` */;
/*!50003 SET @saved_cs_client      = @@character_set_client */ ;
/*!50003 SET @saved_cs_results     = @@character_set_results */ ;
/*!50003 SET @saved_col_connection = @@collation_connection */ ;
/*!50003 SET character_set_client  = utf8 */ ;
/*!50003 SET character_set_results = utf8 */ ;
/*!50003 SET collation_connection  = utf8_general_ci */ ;
/*!50003 SET @saved_sql_mode       = @@sql_mode */ ;
/*!50003 SET sql_mode              = 'NO_ENGINE_SUBSTITUTION' */ ;
DELIMITER ;;
CREATE DEFINER=`root`@`localhost` PROCEDURE `getFacultyById`(aFacultyId INT)
BEGIN

SELECT f.faculty_id,f.lastName, f.firstName, f.middleName,
f.contactNo, f.email, f.`status`, c.*
FROM faculty_mt f 
LEFT JOIN faculty_classhandled fc ON f.faculty_id = fc.faculty_id
LEFT JOIN classtype_mt c ON fc.classtype_id = c.classtype_id
WHERE f.faculty_id = aFacultyId;

END ;;
DELIMITER ;
/*!50003 SET sql_mode              = @saved_sql_mode */ ;
/*!50003 SET character_set_client  = @saved_cs_client */ ;
/*!50003 SET character_set_results = @saved_cs_results */ ;
/*!50003 SET collation_connection  = @saved_col_connection */ ;
/*!50003 DROP PROCEDURE IF EXISTS `getFacultyByName` */;
/*!50003 SET @saved_cs_client      = @@character_set_client */ ;
/*!50003 SET @saved_cs_results     = @@character_set_results */ ;
/*!50003 SET @saved_col_connection = @@collation_connection */ ;
/*!50003 SET character_set_client  = utf8 */ ;
/*!50003 SET character_set_results = utf8 */ ;
/*!50003 SET collation_connection  = utf8_general_ci */ ;
/*!50003 SET @saved_sql_mode       = @@sql_mode */ ;
/*!50003 SET sql_mode              = 'NO_ENGINE_SUBSTITUTION' */ ;
DELIMITER ;;
CREATE DEFINER=`root`@`localhost` PROCEDURE `getFacultyByName`(IN pIN_name VARCHAR(150))
BEGIN

SELECT faculty_id, lastName, firstName, middleName, contactNo, email, status 
	FROM faculty_mt WHERE lastName LIKE CONCAT (pIN_name, "%") OR firstName LIKE CONCAT (pIN_name, "%") OR middleName LIKE CONCAT (pIN_name, "%");

END ;;
DELIMITER ;
/*!50003 SET sql_mode              = @saved_sql_mode */ ;
/*!50003 SET character_set_client  = @saved_cs_client */ ;
/*!50003 SET character_set_results = @saved_cs_results */ ;
/*!50003 SET collation_connection  = @saved_col_connection */ ;
/*!50003 DROP PROCEDURE IF EXISTS `getFacultyBySpecializationID` */;
/*!50003 SET @saved_cs_client      = @@character_set_client */ ;
/*!50003 SET @saved_cs_results     = @@character_set_results */ ;
/*!50003 SET @saved_col_connection = @@collation_connection */ ;
/*!50003 SET character_set_client  = utf8 */ ;
/*!50003 SET character_set_results = utf8 */ ;
/*!50003 SET collation_connection  = utf8_general_ci */ ;
/*!50003 SET @saved_sql_mode       = @@sql_mode */ ;
/*!50003 SET sql_mode              = 'NO_ENGINE_SUBSTITUTION' */ ;
DELIMITER ;;
CREATE DEFINER=`root`@`localhost` PROCEDURE `getFacultyBySpecializationID`(
f_id INT(11)


)
BEGIN


SELECT f.*,fs.*,s.* FROM faculty_mt f
INNER JOIN faculty_specialization fs ON f.faculty_id = fs.faculty_id
INNER JOIN specialization s ON  fs.specialization_id = s.specialization_id 
WHERE f.faculty_id = f_id;
END ;;
DELIMITER ;
/*!50003 SET sql_mode              = @saved_sql_mode */ ;
/*!50003 SET character_set_client  = @saved_cs_client */ ;
/*!50003 SET character_set_results = @saved_cs_results */ ;
/*!50003 SET collation_connection  = @saved_col_connection */ ;
/*!50003 DROP PROCEDURE IF EXISTS `getFacultyByUserId` */;
/*!50003 SET @saved_cs_client      = @@character_set_client */ ;
/*!50003 SET @saved_cs_results     = @@character_set_results */ ;
/*!50003 SET @saved_col_connection = @@collation_connection */ ;
/*!50003 SET character_set_client  = utf8 */ ;
/*!50003 SET character_set_results = utf8 */ ;
/*!50003 SET collation_connection  = utf8_general_ci */ ;
/*!50003 SET @saved_sql_mode       = @@sql_mode */ ;
/*!50003 SET sql_mode              = 'NO_ENGINE_SUBSTITUTION' */ ;
DELIMITER ;;
CREATE DEFINER=`root`@`localhost` PROCEDURE `getFacultyByUserId`(
aUserId INT
)
BEGIN

SELECT * FROM user_faculty uf
LEFT JOIN faculty_mt f ON uf.faculty_id = f.faculty_id
WHERE user_id = aUserId;

END ;;
DELIMITER ;
/*!50003 SET sql_mode              = @saved_sql_mode */ ;
/*!50003 SET character_set_client  = @saved_cs_client */ ;
/*!50003 SET character_set_results = @saved_cs_results */ ;
/*!50003 SET collation_connection  = @saved_col_connection */ ;
/*!50003 DROP PROCEDURE IF EXISTS `getFacultyId` */;
/*!50003 SET @saved_cs_client      = @@character_set_client */ ;
/*!50003 SET @saved_cs_results     = @@character_set_results */ ;
/*!50003 SET @saved_col_connection = @@collation_connection */ ;
/*!50003 SET character_set_client  = utf8 */ ;
/*!50003 SET character_set_results = utf8 */ ;
/*!50003 SET collation_connection  = utf8_general_ci */ ;
/*!50003 SET @saved_sql_mode       = @@sql_mode */ ;
/*!50003 SET sql_mode              = 'NO_ENGINE_SUBSTITUTION' */ ;
DELIMITER ;;
CREATE DEFINER=`root`@`localhost` PROCEDURE `getFacultyId`(
IN pIN_facultyName VARCHAR(150)
)
BEGIN

SELECT faculty_id FROM faculty_mt 
	WHERE CONCAT(firstName, ' ', middleName, '. ', lastName) = 
	pIN_facultyName;



END ;;
DELIMITER ;
/*!50003 SET sql_mode              = @saved_sql_mode */ ;
/*!50003 SET character_set_client  = @saved_cs_client */ ;
/*!50003 SET character_set_results = @saved_cs_results */ ;
/*!50003 SET collation_connection  = @saved_col_connection */ ;
/*!50003 DROP PROCEDURE IF EXISTS `getfacultyIdByEmployeeNo` */;
/*!50003 SET @saved_cs_client      = @@character_set_client */ ;
/*!50003 SET @saved_cs_results     = @@character_set_results */ ;
/*!50003 SET @saved_col_connection = @@collation_connection */ ;
/*!50003 SET character_set_client  = utf8 */ ;
/*!50003 SET character_set_results = utf8 */ ;
/*!50003 SET collation_connection  = utf8_general_ci */ ;
/*!50003 SET @saved_sql_mode       = @@sql_mode */ ;
/*!50003 SET sql_mode              = 'NO_ENGINE_SUBSTITUTION' */ ;
DELIMITER ;;
CREATE DEFINER=`root`@`localhost` PROCEDURE `getfacultyIdByEmployeeNo`(p_facultyEmployeeNo INT)
BEGIN
	SELECT id FROM faculty  
    WHERE employee_id = p_facultyEmployeeNo;
END ;;
DELIMITER ;
/*!50003 SET sql_mode              = @saved_sql_mode */ ;
/*!50003 SET character_set_client  = @saved_cs_client */ ;
/*!50003 SET character_set_results = @saved_cs_results */ ;
/*!50003 SET collation_connection  = @saved_col_connection */ ;
/*!50003 DROP PROCEDURE IF EXISTS `getFacultyIdByName` */;
/*!50003 SET @saved_cs_client      = @@character_set_client */ ;
/*!50003 SET @saved_cs_results     = @@character_set_results */ ;
/*!50003 SET @saved_col_connection = @@collation_connection */ ;
/*!50003 SET character_set_client  = utf8 */ ;
/*!50003 SET character_set_results = utf8 */ ;
/*!50003 SET collation_connection  = utf8_general_ci */ ;
/*!50003 SET @saved_sql_mode       = @@sql_mode */ ;
/*!50003 SET sql_mode              = 'NO_ENGINE_SUBSTITUTION' */ ;
DELIMITER ;;
CREATE DEFINER=`root`@`localhost` PROCEDURE `getFacultyIdByName`(
aLastName VARCHAR(255), 
aFirstName VARCHAR(255),
aMiddleName VARCHAR(255)
)
BEGIN

SELECT faculty_id FROM faculty_mt WHERE
lastName = TRIM(aLastName) AND
firstName = TRIM(aFirstName) AND 
middleName = TRIM(aMiddleName);

END ;;
DELIMITER ;
/*!50003 SET sql_mode              = @saved_sql_mode */ ;
/*!50003 SET character_set_client  = @saved_cs_client */ ;
/*!50003 SET character_set_results = @saved_cs_results */ ;
/*!50003 SET collation_connection  = @saved_col_connection */ ;
/*!50003 DROP PROCEDURE IF EXISTS `getFacultyIdByUserId` */;
/*!50003 SET @saved_cs_client      = @@character_set_client */ ;
/*!50003 SET @saved_cs_results     = @@character_set_results */ ;
/*!50003 SET @saved_col_connection = @@collation_connection */ ;
/*!50003 SET character_set_client  = utf8 */ ;
/*!50003 SET character_set_results = utf8 */ ;
/*!50003 SET collation_connection  = utf8_general_ci */ ;
/*!50003 SET @saved_sql_mode       = @@sql_mode */ ;
/*!50003 SET sql_mode              = 'NO_ENGINE_SUBSTITUTION' */ ;
DELIMITER ;;
CREATE DEFINER=`root`@`localhost` PROCEDURE `getFacultyIdByUserId`(pUserId INT)
BEGIN

SELECT faculty_id FROM user_faculty 
WHERE user_id = pUserId;

END ;;
DELIMITER ;
/*!50003 SET sql_mode              = @saved_sql_mode */ ;
/*!50003 SET character_set_client  = @saved_cs_client */ ;
/*!50003 SET character_set_results = @saved_cs_results */ ;
/*!50003 SET collation_connection  = @saved_col_connection */ ;
/*!50003 DROP PROCEDURE IF EXISTS `getFacultyInfoById` */;
/*!50003 SET @saved_cs_client      = @@character_set_client */ ;
/*!50003 SET @saved_cs_results     = @@character_set_results */ ;
/*!50003 SET @saved_col_connection = @@collation_connection */ ;
/*!50003 SET character_set_client  = utf8 */ ;
/*!50003 SET character_set_results = utf8 */ ;
/*!50003 SET collation_connection  = utf8_general_ci */ ;
/*!50003 SET @saved_sql_mode       = @@sql_mode */ ;
/*!50003 SET sql_mode              = 'NO_ENGINE_SUBSTITUTION' */ ;
DELIMITER ;;
CREATE DEFINER=`root`@`localhost` PROCEDURE `getFacultyInfoById`( aFacultyId INT, aSchoolYearId INT)
BEGIN

SELECT f.faculty_id,f.lastName, f.firstName, f.middleName,
f.contactNo, f.email, f.`status`, c.*
FROM faculty_mt f 
LEFT JOIN faculty_classhandled fc ON f.faculty_id = fc.faculty_id
LEFT JOIN classtype_mt c ON fc.classtype_id = c.classtype_id
WHERE f.faculty_id = aFacultyId AND fc.schoolyear_id = aSchoolYearId;


END ;;
DELIMITER ;
/*!50003 SET sql_mode              = @saved_sql_mode */ ;
/*!50003 SET character_set_client  = @saved_cs_client */ ;
/*!50003 SET character_set_results = @saved_cs_results */ ;
/*!50003 SET collation_connection  = @saved_col_connection */ ;
/*!50003 DROP PROCEDURE IF EXISTS `getFacultySubjectPairOfSubjectsNotGradedYet` */;
/*!50003 SET @saved_cs_client      = @@character_set_client */ ;
/*!50003 SET @saved_cs_results     = @@character_set_results */ ;
/*!50003 SET @saved_col_connection = @@collation_connection */ ;
/*!50003 SET character_set_client  = utf8 */ ;
/*!50003 SET character_set_results = utf8 */ ;
/*!50003 SET collation_connection  = utf8_general_ci */ ;
/*!50003 SET @saved_sql_mode       = @@sql_mode */ ;
/*!50003 SET sql_mode              = 'NO_ENGINE_SUBSTITUTION' */ ;
DELIMITER ;;
CREATE DEFINER=`root`@`localhost` PROCEDURE `getFacultySubjectPairOfSubjectsNotGradedYet`(
aStudentId INT, aGradeLevelId INT, aSchoolYearId INT
)
BEGIN

SELECT 
smt.faculty_id,f.*, 
smt.subject_id, s.* FROM schedule_mt smt
LEFT JOIN faculty_mt f ON smt.faculty_id = f.faculty_id
LEFT JOIN subject_mt s ON smt.subject_id = s.subject_id
LEFT JOIN subject_gradelevel_lt sglt ON s.subject_id = sglt.subject_id
WHERE s.subject_id NOT IN
(SELECT subject_id FROM grade WHERE student_id = aStudentId AND sglt.gradelevel_id = aGradeLevelId AND schoolyear_id = aSchoolYearId)
GROUP BY s.subject_id;

END ;;
DELIMITER ;
/*!50003 SET sql_mode              = @saved_sql_mode */ ;
/*!50003 SET character_set_client  = @saved_cs_client */ ;
/*!50003 SET character_set_results = @saved_cs_results */ ;
/*!50003 SET collation_connection  = @saved_col_connection */ ;
/*!50003 DROP PROCEDURE IF EXISTS `getFeeCategoryById` */;
/*!50003 SET @saved_cs_client      = @@character_set_client */ ;
/*!50003 SET @saved_cs_results     = @@character_set_results */ ;
/*!50003 SET @saved_col_connection = @@collation_connection */ ;
/*!50003 SET character_set_client  = utf8 */ ;
/*!50003 SET character_set_results = utf8 */ ;
/*!50003 SET collation_connection  = utf8_general_ci */ ;
/*!50003 SET @saved_sql_mode       = @@sql_mode */ ;
/*!50003 SET sql_mode              = 'NO_ENGINE_SUBSTITUTION' */ ;
DELIMITER ;;
CREATE DEFINER=`root`@`localhost` PROCEDURE `getFeeCategoryById`(IN aFeeCategoryId INT)
BEGIN
	SELECT * FROM fee_category_mt WHERE fee_category_id = aFeeCategoryId;
END ;;
DELIMITER ;
/*!50003 SET sql_mode              = @saved_sql_mode */ ;
/*!50003 SET character_set_client  = @saved_cs_client */ ;
/*!50003 SET character_set_results = @saved_cs_results */ ;
/*!50003 SET collation_connection  = @saved_col_connection */ ;
/*!50003 DROP PROCEDURE IF EXISTS `getFeeCategoryByName` */;
/*!50003 SET @saved_cs_client      = @@character_set_client */ ;
/*!50003 SET @saved_cs_results     = @@character_set_results */ ;
/*!50003 SET @saved_col_connection = @@collation_connection */ ;
/*!50003 SET character_set_client  = utf8 */ ;
/*!50003 SET character_set_results = utf8 */ ;
/*!50003 SET collation_connection  = utf8_general_ci */ ;
/*!50003 SET @saved_sql_mode       = @@sql_mode */ ;
/*!50003 SET sql_mode              = 'NO_ENGINE_SUBSTITUTION' */ ;
DELIMITER ;;
CREATE DEFINER=`root`@`localhost` PROCEDURE `getFeeCategoryByName`(aFeeCategoryName VARCHAR(255))
BEGIN

SELECT * FROM fee_category_mt WHERE fee_category = aFeeCategoryName;

END ;;
DELIMITER ;
/*!50003 SET sql_mode              = @saved_sql_mode */ ;
/*!50003 SET character_set_client  = @saved_cs_client */ ;
/*!50003 SET character_set_results = @saved_cs_results */ ;
/*!50003 SET collation_connection  = @saved_col_connection */ ;
/*!50003 DROP PROCEDURE IF EXISTS `getFeeCategoryId` */;
/*!50003 SET @saved_cs_client      = @@character_set_client */ ;
/*!50003 SET @saved_cs_results     = @@character_set_results */ ;
/*!50003 SET @saved_col_connection = @@collation_connection */ ;
/*!50003 SET character_set_client  = utf8 */ ;
/*!50003 SET character_set_results = utf8 */ ;
/*!50003 SET collation_connection  = utf8_general_ci */ ;
/*!50003 SET @saved_sql_mode       = @@sql_mode */ ;
/*!50003 SET sql_mode              = 'NO_ENGINE_SUBSTITUTION' */ ;
DELIMITER ;;
CREATE DEFINER=`root`@`localhost` PROCEDURE `getFeeCategoryId`(IN aFeeCategory VARCHAR(255))
BEGIN
	SELECT fee_category_id FROM fee_category_mt WHERE fee_category = aFeeCategory;
END ;;
DELIMITER ;
/*!50003 SET sql_mode              = @saved_sql_mode */ ;
/*!50003 SET character_set_client  = @saved_cs_client */ ;
/*!50003 SET character_set_results = @saved_cs_results */ ;
/*!50003 SET collation_connection  = @saved_col_connection */ ;
/*!50003 DROP PROCEDURE IF EXISTS `getFeeGradeLevelAssignment` */;
/*!50003 SET @saved_cs_client      = @@character_set_client */ ;
/*!50003 SET @saved_cs_results     = @@character_set_results */ ;
/*!50003 SET @saved_col_connection = @@collation_connection */ ;
/*!50003 SET character_set_client  = utf8 */ ;
/*!50003 SET character_set_results = utf8 */ ;
/*!50003 SET collation_connection  = utf8_general_ci */ ;
/*!50003 SET @saved_sql_mode       = @@sql_mode */ ;
/*!50003 SET sql_mode              = 'NO_ENGINE_SUBSTITUTION' */ ;
DELIMITER ;;
CREATE DEFINER=`root`@`localhost` PROCEDURE `getFeeGradeLevelAssignment`(aFeeId INT)
BEGIN

SELECT g.* FROM 
fee_schoolyear_lt fslt
INNER JOIN gradelevel_mt g ON fslt.gradelevel_id = g.gradelevel_id
INNER JOIN fee_mt f ON fslt.fee_id = f.fee_id
WHERE f.fee_id = aFeeId
GROUP BY g.grade_level;


END ;;
DELIMITER ;
/*!50003 SET sql_mode              = @saved_sql_mode */ ;
/*!50003 SET character_set_client  = @saved_cs_client */ ;
/*!50003 SET character_set_results = @saved_cs_results */ ;
/*!50003 SET collation_connection  = @saved_col_connection */ ;
/*!50003 DROP PROCEDURE IF EXISTS `getFeeGradeLevelAssignmentAndAmountById` */;
/*!50003 SET @saved_cs_client      = @@character_set_client */ ;
/*!50003 SET @saved_cs_results     = @@character_set_results */ ;
/*!50003 SET @saved_col_connection = @@collation_connection */ ;
/*!50003 SET character_set_client  = utf8 */ ;
/*!50003 SET character_set_results = utf8 */ ;
/*!50003 SET collation_connection  = utf8_general_ci */ ;
/*!50003 SET @saved_sql_mode       = @@sql_mode */ ;
/*!50003 SET sql_mode              = 'NO_ENGINE_SUBSTITUTION' */ ;
DELIMITER ;;
CREATE DEFINER=`root`@`localhost` PROCEDURE `getFeeGradeLevelAssignmentAndAmountById`(aFeeId INT)
BEGIN

SELECT g.grade_level, fslt.fee_amount FROM fee_schoolyear_lt fslt
INNER JOIN gradelevel_mt g ON fslt.gradelevel_id = g.gradelevel_id
INNER JOIN fee_mt f ON fslt.fee_id = f.fee_id
WHERE fslt.fee_id = aFeeId;

END ;;
DELIMITER ;
/*!50003 SET sql_mode              = @saved_sql_mode */ ;
/*!50003 SET character_set_client  = @saved_cs_client */ ;
/*!50003 SET character_set_results = @saved_cs_results */ ;
/*!50003 SET collation_connection  = @saved_col_connection */ ;
/*!50003 DROP PROCEDURE IF EXISTS `getFeeId` */;
/*!50003 SET @saved_cs_client      = @@character_set_client */ ;
/*!50003 SET @saved_cs_results     = @@character_set_results */ ;
/*!50003 SET @saved_col_connection = @@collation_connection */ ;
/*!50003 SET character_set_client  = utf8 */ ;
/*!50003 SET character_set_results = utf8 */ ;
/*!50003 SET collation_connection  = utf8_general_ci */ ;
/*!50003 SET @saved_sql_mode       = @@sql_mode */ ;
/*!50003 SET sql_mode              = 'NO_ENGINE_SUBSTITUTION' */ ;
DELIMITER ;;
CREATE DEFINER=`root`@`localhost` PROCEDURE `getFeeId`(IN aFeeName VARCHAR(255))
BEGIN
	SELECT fee_id FROM fee_mt WHERE fee_name = aFeeName;
END ;;
DELIMITER ;
/*!50003 SET sql_mode              = @saved_sql_mode */ ;
/*!50003 SET character_set_client  = @saved_cs_client */ ;
/*!50003 SET character_set_results = @saved_cs_results */ ;
/*!50003 SET collation_connection  = @saved_col_connection */ ;
/*!50003 DROP PROCEDURE IF EXISTS `getFeeIdByName` */;
/*!50003 SET @saved_cs_client      = @@character_set_client */ ;
/*!50003 SET @saved_cs_results     = @@character_set_results */ ;
/*!50003 SET @saved_col_connection = @@collation_connection */ ;
/*!50003 SET character_set_client  = utf8 */ ;
/*!50003 SET character_set_results = utf8 */ ;
/*!50003 SET collation_connection  = utf8_general_ci */ ;
/*!50003 SET @saved_sql_mode       = @@sql_mode */ ;
/*!50003 SET sql_mode              = 'NO_ENGINE_SUBSTITUTION' */ ;
DELIMITER ;;
CREATE DEFINER=`root`@`localhost` PROCEDURE `getFeeIdByName`(IN aFeeName VARCHAR(255))
BEGIN
	SELECT fee_id FROM fee_mt WHERE fee_name = aFeeName;
END ;;
DELIMITER ;
/*!50003 SET sql_mode              = @saved_sql_mode */ ;
/*!50003 SET character_set_client  = @saved_cs_client */ ;
/*!50003 SET character_set_results = @saved_cs_results */ ;
/*!50003 SET collation_connection  = @saved_col_connection */ ;
/*!50003 DROP PROCEDURE IF EXISTS `getFeeInfoById` */;
/*!50003 SET @saved_cs_client      = @@character_set_client */ ;
/*!50003 SET @saved_cs_results     = @@character_set_results */ ;
/*!50003 SET @saved_col_connection = @@collation_connection */ ;
/*!50003 SET character_set_client  = utf8 */ ;
/*!50003 SET character_set_results = utf8 */ ;
/*!50003 SET collation_connection  = utf8_general_ci */ ;
/*!50003 SET @saved_sql_mode       = @@sql_mode */ ;
/*!50003 SET sql_mode              = 'NO_ENGINE_SUBSTITUTION' */ ;
DELIMITER ;;
CREATE DEFINER=`root`@`localhost` PROCEDURE `getFeeInfoById`(aFeeId INT)
BEGIN

SELECT 
f1.*, f2.*,
gl.*,
f3.*,
sy.*

FROM fee_mt f1 
INNER JOIN fee_schoolyear_lt f2 ON f1.fee_id = f2.fee_id
INNER JOIN fee_category_mt f3 ON f1.fee_category_id = f3.fee_category_id
INNER JOIN gradelevel_mt gl ON f2.gradelevel_id = gl.gradelevel_id
INNER JOIN schoolyear_mt sy 
WHERE f1.fee_id = aFeeId
GROUP BY f1.fee_id;

END ;;
DELIMITER ;
/*!50003 SET sql_mode              = @saved_sql_mode */ ;
/*!50003 SET character_set_client  = @saved_cs_client */ ;
/*!50003 SET character_set_results = @saved_cs_results */ ;
/*!50003 SET collation_connection  = @saved_col_connection */ ;
/*!50003 DROP PROCEDURE IF EXISTS `getFeeInfoByWildcard` */;
/*!50003 SET @saved_cs_client      = @@character_set_client */ ;
/*!50003 SET @saved_cs_results     = @@character_set_results */ ;
/*!50003 SET @saved_col_connection = @@collation_connection */ ;
/*!50003 SET character_set_client  = utf8 */ ;
/*!50003 SET character_set_results = utf8 */ ;
/*!50003 SET collation_connection  = utf8_general_ci */ ;
/*!50003 SET @saved_sql_mode       = @@sql_mode */ ;
/*!50003 SET sql_mode              = 'NO_ENGINE_SUBSTITUTION' */ ;
DELIMITER ;;
CREATE DEFINER=`root`@`localhost` PROCEDURE `getFeeInfoByWildcard`(aWildcardChar VARCHAR(255))
BEGIN

SELECT 
f1.*, f2.*,
gl.*,
f3.*,
sy.*

FROM fee_mt f1 
INNER JOIN fee_schoolyear_lt f2 ON f1.fee_id = f2.fee_id
INNER JOIN fee_category_mt f3 ON f1.fee_category_id = f3.fee_category_id
INNER JOIN gradelevel_mt gl ON f2.gradelevel_id = gl.gradelevel_id
INNER JOIN schoolyear_mt sy 
WHERE 
f1.fee_name LIKE CONCAT('%',aWildcardChar,'%') 
GROUP BY f1.fee_id;

END ;;
DELIMITER ;
/*!50003 SET sql_mode              = @saved_sql_mode */ ;
/*!50003 SET character_set_client  = @saved_cs_client */ ;
/*!50003 SET character_set_results = @saved_cs_results */ ;
/*!50003 SET collation_connection  = @saved_col_connection */ ;
/*!50003 DROP PROCEDURE IF EXISTS `getFees` */;
/*!50003 SET @saved_cs_client      = @@character_set_client */ ;
/*!50003 SET @saved_cs_results     = @@character_set_results */ ;
/*!50003 SET @saved_col_connection = @@collation_connection */ ;
/*!50003 SET character_set_client  = utf8 */ ;
/*!50003 SET character_set_results = utf8 */ ;
/*!50003 SET collation_connection  = utf8_general_ci */ ;
/*!50003 SET @saved_sql_mode       = @@sql_mode */ ;
/*!50003 SET sql_mode              = 'NO_ENGINE_SUBSTITUTION' */ ;
DELIMITER ;;
CREATE DEFINER=`root`@`localhost` PROCEDURE `getFees`()
BEGIN

	SELECT
    f.title,f.amount,f.description,ft.feetype,gl.`level`
    FROM fee f 
    INNER JOIN feetype 			ft ON f.feetype_id 		= ft.feetype_id
    INNER JOIN fee_gradelevel 	fg ON f.fee_id 			= fg.fee_id
    INNER JOIN gradelevel 		gl ON fg.gradelevel_id 	= gl.gradelevel_id;
      
END ;;
DELIMITER ;
/*!50003 SET sql_mode              = @saved_sql_mode */ ;
/*!50003 SET character_set_client  = @saved_cs_client */ ;
/*!50003 SET character_set_results = @saved_cs_results */ ;
/*!50003 SET collation_connection  = @saved_col_connection */ ;
/*!50003 DROP PROCEDURE IF EXISTS `getFeesByCategory` */;
/*!50003 SET @saved_cs_client      = @@character_set_client */ ;
/*!50003 SET @saved_cs_results     = @@character_set_results */ ;
/*!50003 SET @saved_col_connection = @@collation_connection */ ;
/*!50003 SET character_set_client  = utf8 */ ;
/*!50003 SET character_set_results = utf8 */ ;
/*!50003 SET collation_connection  = utf8_general_ci */ ;
/*!50003 SET @saved_sql_mode       = @@sql_mode */ ;
/*!50003 SET sql_mode              = 'NO_ENGINE_SUBSTITUTION' */ ;
DELIMITER ;;
CREATE DEFINER=`root`@`localhost` PROCEDURE `getFeesByCategory`(IN aFeeCategory VARCHAR(255))
BEGIN

SELECT
f1.*, f2.*,
gl.*,
f3.*

FROM fee_mt f1 
INNER JOIN fee_schoolyear_lt f2 ON f1.fee_id = f2.fee_id
INNER JOIN fee_category_mt f3 ON f1.fee_category_id = f3.fee_category_id
INNER JOIN gradelevel_mt gl ON f2.gradelevel_id = gl.gradelevel_id

WHERE f3.fee_category = aFeeCategory;

END ;;
DELIMITER ;
/*!50003 SET sql_mode              = @saved_sql_mode */ ;
/*!50003 SET character_set_client  = @saved_cs_client */ ;
/*!50003 SET character_set_results = @saved_cs_results */ ;
/*!50003 SET collation_connection  = @saved_col_connection */ ;
/*!50003 DROP PROCEDURE IF EXISTS `getFeesByFeeType` */;
/*!50003 SET @saved_cs_client      = @@character_set_client */ ;
/*!50003 SET @saved_cs_results     = @@character_set_results */ ;
/*!50003 SET @saved_col_connection = @@collation_connection */ ;
/*!50003 SET character_set_client  = utf8 */ ;
/*!50003 SET character_set_results = utf8 */ ;
/*!50003 SET collation_connection  = utf8_general_ci */ ;
/*!50003 SET @saved_sql_mode       = @@sql_mode */ ;
/*!50003 SET sql_mode              = 'NO_ENGINE_SUBSTITUTION' */ ;
DELIMITER ;;
CREATE DEFINER=`root`@`localhost` PROCEDURE `getFeesByFeeType`(aFeeTypeId INT)
BEGIN

	SELECT
    f.title,f.amount,f.description,ft.feetype,gl.`level`
    FROM fee f 
    INNER JOIN feetype 			ft ON f.feetype_id 		= ft.feetype_id
    INNER JOIN fee_gradelevel 	fg ON f.fee_id 			= fg.fee_id
    INNER JOIN gradelevel 		gl ON fg.gradelevel_id 	= gl.gradelevel_id
    
    WHERE f.feetype_id = aFeeTypeId;
    
END ;;
DELIMITER ;
/*!50003 SET sql_mode              = @saved_sql_mode */ ;
/*!50003 SET character_set_client  = @saved_cs_client */ ;
/*!50003 SET character_set_results = @saved_cs_results */ ;
/*!50003 SET collation_connection  = @saved_col_connection */ ;
/*!50003 DROP PROCEDURE IF EXISTS `getFeesByGradeLevel` */;
/*!50003 SET @saved_cs_client      = @@character_set_client */ ;
/*!50003 SET @saved_cs_results     = @@character_set_results */ ;
/*!50003 SET @saved_col_connection = @@collation_connection */ ;
/*!50003 SET character_set_client  = utf8 */ ;
/*!50003 SET character_set_results = utf8 */ ;
/*!50003 SET collation_connection  = utf8_general_ci */ ;
/*!50003 SET @saved_sql_mode       = @@sql_mode */ ;
/*!50003 SET sql_mode              = 'NO_ENGINE_SUBSTITUTION' */ ;
DELIMITER ;;
CREATE DEFINER=`root`@`localhost` PROCEDURE `getFeesByGradeLevel`(aGradeLevel INT)
BEGIN

SELECT
f1.*, f2.*,
gl.*,
f3.*

FROM fee_mt f1 
INNER JOIN fee_schoolyear_lt f2 ON f1.fee_id = f2.fee_id
INNER JOIN fee_category_mt f3 ON f1.fee_category_id = f3.fee_category_id
INNER JOIN gradelevel_mt gl ON f2.gradelevel_id = gl.gradelevel_id

WHERE gl.grade_level = aGradeLevel;
    
END ;;
DELIMITER ;
/*!50003 SET sql_mode              = @saved_sql_mode */ ;
/*!50003 SET character_set_client  = @saved_cs_client */ ;
/*!50003 SET character_set_results = @saved_cs_results */ ;
/*!50003 SET collation_connection  = @saved_col_connection */ ;
/*!50003 DROP PROCEDURE IF EXISTS `getFeesByGradeLevelAndCategory` */;
/*!50003 SET @saved_cs_client      = @@character_set_client */ ;
/*!50003 SET @saved_cs_results     = @@character_set_results */ ;
/*!50003 SET @saved_col_connection = @@collation_connection */ ;
/*!50003 SET character_set_client  = utf8 */ ;
/*!50003 SET character_set_results = utf8 */ ;
/*!50003 SET collation_connection  = utf8_general_ci */ ;
/*!50003 SET @saved_sql_mode       = @@sql_mode */ ;
/*!50003 SET sql_mode              = 'NO_ENGINE_SUBSTITUTION' */ ;
DELIMITER ;;
CREATE DEFINER=`root`@`localhost` PROCEDURE `getFeesByGradeLevelAndCategory`(aGradeLevel INT, aFeeCategory VARCHAR(255))
BEGIN

SELECT
f1.*, f2.*,
gl.*,
f3.*,
sy.*

FROM fee_mt f1 
INNER JOIN fee_schoolyear_lt f2 ON f1.fee_id = f2.fee_id
INNER JOIN fee_category_mt f3 ON f1.fee_category_id = f3.fee_category_id
INNER JOIN gradelevel_mt gl ON f2.gradelevel_id = gl.gradelevel_id
INNER JOIN schoolyear_mt sy ON f2.schoolyear_id = sy.schoolyear_id

WHERE f3.fee_category = aFeeCategory
AND gl.grade_level = aGradeLevel;

END ;;
DELIMITER ;
/*!50003 SET sql_mode              = @saved_sql_mode */ ;
/*!50003 SET character_set_client  = @saved_cs_client */ ;
/*!50003 SET character_set_results = @saved_cs_results */ ;
/*!50003 SET collation_connection  = @saved_col_connection */ ;
/*!50003 DROP PROCEDURE IF EXISTS `getFeesByGradeLevelAndFeeType` */;
/*!50003 SET @saved_cs_client      = @@character_set_client */ ;
/*!50003 SET @saved_cs_results     = @@character_set_results */ ;
/*!50003 SET @saved_col_connection = @@collation_connection */ ;
/*!50003 SET character_set_client  = utf8 */ ;
/*!50003 SET character_set_results = utf8 */ ;
/*!50003 SET collation_connection  = utf8_general_ci */ ;
/*!50003 SET @saved_sql_mode       = @@sql_mode */ ;
/*!50003 SET sql_mode              = 'NO_ENGINE_SUBSTITUTION' */ ;
DELIMITER ;;
CREATE DEFINER=`root`@`localhost` PROCEDURE `getFeesByGradeLevelAndFeeType`(aGradeLevelId INT, aFeeTypeId INT)
BEGIN

	SELECT
    f.title,f.amount,f.description,ft.feetype,gl.`level`
    FROM fee f 
    INNER JOIN feetype 			ft ON f.feetype_id 		= ft.feetype_id
    INNER JOIN fee_gradelevel 	fg ON f.fee_id 			= fg.fee_id
    INNER JOIN gradelevel 		gl ON fg.gradelevel_id 	= gl.gradelevel_id
    
    WHERE fg.gradelevel_id = aGradeLevelId
    AND f.feetype_id = aFeeTypeId;
    
END ;;
DELIMITER ;
/*!50003 SET sql_mode              = @saved_sql_mode */ ;
/*!50003 SET character_set_client  = @saved_cs_client */ ;
/*!50003 SET character_set_results = @saved_cs_results */ ;
/*!50003 SET collation_connection  = @saved_col_connection */ ;
/*!50003 DROP PROCEDURE IF EXISTS `getFeesByGradeLevelAndType` */;
/*!50003 SET @saved_cs_client      = @@character_set_client */ ;
/*!50003 SET @saved_cs_results     = @@character_set_results */ ;
/*!50003 SET @saved_col_connection = @@collation_connection */ ;
/*!50003 SET character_set_client  = utf8 */ ;
/*!50003 SET character_set_results = utf8 */ ;
/*!50003 SET collation_connection  = utf8_general_ci */ ;
/*!50003 SET @saved_sql_mode       = @@sql_mode */ ;
/*!50003 SET sql_mode              = 'NO_ENGINE_SUBSTITUTION' */ ;
DELIMITER ;;
CREATE DEFINER=`root`@`localhost` PROCEDURE `getFeesByGradeLevelAndType`(aGradeLevelId INT, aFeeTypeId INT)
BEGIN

	SELECT
    f.title,f.amount,f.description,ft.feetype,gl.`level`
    FROM fee f 
    INNER JOIN feetype 			ft ON f.feetype_id 		= ft.feetype_id
    INNER JOIN fee_gradelevel 	fg ON f.fee_id 			= fg.fee_id
    INNER JOIN gradelevel 		gl ON fg.gradelevel_id 	= gl.gradelevel_id
    
    WHERE fg.gradelevel_id = aGradeLevelId
    AND f.feetype_id = aFeeTypeId;
    
END ;;
DELIMITER ;
/*!50003 SET sql_mode              = @saved_sql_mode */ ;
/*!50003 SET character_set_client  = @saved_cs_client */ ;
/*!50003 SET character_set_results = @saved_cs_results */ ;
/*!50003 SET collation_connection  = @saved_col_connection */ ;
/*!50003 DROP PROCEDURE IF EXISTS `getFeesByGradeLevelId` */;
/*!50003 SET @saved_cs_client      = @@character_set_client */ ;
/*!50003 SET @saved_cs_results     = @@character_set_results */ ;
/*!50003 SET @saved_col_connection = @@collation_connection */ ;
/*!50003 SET character_set_client  = utf8 */ ;
/*!50003 SET character_set_results = utf8 */ ;
/*!50003 SET collation_connection  = utf8_general_ci */ ;
/*!50003 SET @saved_sql_mode       = @@sql_mode */ ;
/*!50003 SET sql_mode              = 'NO_ENGINE_SUBSTITUTION' */ ;
DELIMITER ;;
CREATE DEFINER=`root`@`localhost` PROCEDURE `getFeesByGradeLevelId`(gradelevelId INT)
BEGIN

SELECT 
f1.*, f2.*,
gl.*,
f3.*,
sy.*

FROM fee_mt f1 
INNER JOIN fee_schoolyear_lt f2 ON f1.fee_id = f2.fee_id
INNER JOIN fee_category_mt f3 ON f1.fee_category_id = f3.fee_category_id
INNER JOIN gradelevel_mt gl ON f2.gradelevel_id = gl.gradelevel_id
INNER JOIN schoolyear_mt sy
WHERE f2.gradelevel_id = gradeLevelId AND f1.isActive = 1

GROUP BY f1.fee_id
;

END ;;
DELIMITER ;
/*!50003 SET sql_mode              = @saved_sql_mode */ ;
/*!50003 SET character_set_client  = @saved_cs_client */ ;
/*!50003 SET character_set_results = @saved_cs_results */ ;
/*!50003 SET collation_connection  = @saved_col_connection */ ;
/*!50003 DROP PROCEDURE IF EXISTS `getFeeTypeId` */;
/*!50003 SET @saved_cs_client      = @@character_set_client */ ;
/*!50003 SET @saved_cs_results     = @@character_set_results */ ;
/*!50003 SET @saved_col_connection = @@collation_connection */ ;
/*!50003 SET character_set_client  = utf8 */ ;
/*!50003 SET character_set_results = utf8 */ ;
/*!50003 SET collation_connection  = utf8_general_ci */ ;
/*!50003 SET @saved_sql_mode       = @@sql_mode */ ;
/*!50003 SET sql_mode              = 'NO_ENGINE_SUBSTITUTION' */ ;
DELIMITER ;;
CREATE DEFINER=`root`@`localhost` PROCEDURE `getFeeTypeId`(aFeeType VARCHAR(50))
BEGIN
	SELECT ft.id FROM feetype ft WHERE ft.feetype = aFeeType;
END ;;
DELIMITER ;
/*!50003 SET sql_mode              = @saved_sql_mode */ ;
/*!50003 SET character_set_client  = @saved_cs_client */ ;
/*!50003 SET character_set_results = @saved_cs_results */ ;
/*!50003 SET collation_connection  = @saved_col_connection */ ;
/*!50003 DROP PROCEDURE IF EXISTS `getFeeTypes` */;
/*!50003 SET @saved_cs_client      = @@character_set_client */ ;
/*!50003 SET @saved_cs_results     = @@character_set_results */ ;
/*!50003 SET @saved_col_connection = @@collation_connection */ ;
/*!50003 SET character_set_client  = utf8 */ ;
/*!50003 SET character_set_results = utf8 */ ;
/*!50003 SET collation_connection  = utf8_general_ci */ ;
/*!50003 SET @saved_sql_mode       = @@sql_mode */ ;
/*!50003 SET sql_mode              = 'NO_ENGINE_SUBSTITUTION' */ ;
DELIMITER ;;
CREATE DEFINER=`root`@`localhost` PROCEDURE `getFeeTypes`()
BEGIN
	SELECT * FROM feetype;
END ;;
DELIMITER ;
/*!50003 SET sql_mode              = @saved_sql_mode */ ;
/*!50003 SET character_set_client  = @saved_cs_client */ ;
/*!50003 SET character_set_results = @saved_cs_results */ ;
/*!50003 SET collation_connection  = @saved_col_connection */ ;
/*!50003 DROP PROCEDURE IF EXISTS `getGradeByStudentIdGradingPeriodAndSyId` */;
/*!50003 SET @saved_cs_client      = @@character_set_client */ ;
/*!50003 SET @saved_cs_results     = @@character_set_results */ ;
/*!50003 SET @saved_col_connection = @@collation_connection */ ;
/*!50003 SET character_set_client  = utf8 */ ;
/*!50003 SET character_set_results = utf8 */ ;
/*!50003 SET collation_connection  = utf8_general_ci */ ;
/*!50003 SET @saved_sql_mode       = @@sql_mode */ ;
/*!50003 SET sql_mode              = 'NO_ENGINE_SUBSTITUTION' */ ;
DELIMITER ;;
CREATE DEFINER=`root`@`localhost` PROCEDURE `getGradeByStudentIdGradingPeriodAndSyId`(
aStudentId INT, aGradingPeriod INT, aSchoolYearId INT
)
BEGIN

SELECT SUM(gradevalue) / COUNT(*) AS gradingPeriodAverage
FROM grade WHERE student_id = aStudentId AND gradingperiod = aGradingPeriod
AND schoolyear_id = aSchoolYearId;

END ;;
DELIMITER ;
/*!50003 SET sql_mode              = @saved_sql_mode */ ;
/*!50003 SET character_set_client  = @saved_cs_client */ ;
/*!50003 SET character_set_results = @saved_cs_results */ ;
/*!50003 SET collation_connection  = @saved_col_connection */ ;
/*!50003 DROP PROCEDURE IF EXISTS `getGradeBySubjectIdGradingPeriodAndSyId` */;
/*!50003 SET @saved_cs_client      = @@character_set_client */ ;
/*!50003 SET @saved_cs_results     = @@character_set_results */ ;
/*!50003 SET @saved_col_connection = @@collation_connection */ ;
/*!50003 SET character_set_client  = utf8 */ ;
/*!50003 SET character_set_results = utf8 */ ;
/*!50003 SET collation_connection  = utf8_general_ci */ ;
/*!50003 SET @saved_sql_mode       = @@sql_mode */ ;
/*!50003 SET sql_mode              = 'NO_ENGINE_SUBSTITUTION' */ ;
DELIMITER ;;
CREATE DEFINER=`root`@`localhost` PROCEDURE `getGradeBySubjectIdGradingPeriodAndSyId`(
aSubjectId INT, aGradingPeriod INT, aSchoolYearId INT,aStudentId INT
)
BEGIN

SELECT SUM(gradevalue) / COUNT(*) AS gradingPeriodAverage
FROM grade WHERE subject_id = aSubjectId AND gradingperiod = aGradingPeriod
AND schoolyear_id = aSchoolYearId AND student_id = aStudentId;

END ;;
DELIMITER ;
/*!50003 SET sql_mode              = @saved_sql_mode */ ;
/*!50003 SET character_set_client  = @saved_cs_client */ ;
/*!50003 SET character_set_results = @saved_cs_results */ ;
/*!50003 SET collation_connection  = @saved_col_connection */ ;
/*!50003 DROP PROCEDURE IF EXISTS `getGradeLevelById` */;
/*!50003 SET @saved_cs_client      = @@character_set_client */ ;
/*!50003 SET @saved_cs_results     = @@character_set_results */ ;
/*!50003 SET @saved_col_connection = @@collation_connection */ ;
/*!50003 SET character_set_client  = utf8 */ ;
/*!50003 SET character_set_results = utf8 */ ;
/*!50003 SET collation_connection  = utf8_general_ci */ ;
/*!50003 SET @saved_sql_mode       = @@sql_mode */ ;
/*!50003 SET sql_mode              = 'NO_ENGINE_SUBSTITUTION' */ ;
DELIMITER ;;
CREATE DEFINER=`root`@`localhost` PROCEDURE `getGradeLevelById`(aGradeLevelId INT)
BEGIN

SELECT * FROM gradelevel_mt WHERE gradelevel_id = aGradeLevelId;

END ;;
DELIMITER ;
/*!50003 SET sql_mode              = @saved_sql_mode */ ;
/*!50003 SET character_set_client  = @saved_cs_client */ ;
/*!50003 SET character_set_results = @saved_cs_results */ ;
/*!50003 SET collation_connection  = @saved_col_connection */ ;
/*!50003 DROP PROCEDURE IF EXISTS `getGradeLevelId` */;
/*!50003 SET @saved_cs_client      = @@character_set_client */ ;
/*!50003 SET @saved_cs_results     = @@character_set_results */ ;
/*!50003 SET @saved_col_connection = @@collation_connection */ ;
/*!50003 SET character_set_client  = utf8 */ ;
/*!50003 SET character_set_results = utf8 */ ;
/*!50003 SET collation_connection  = utf8_general_ci */ ;
/*!50003 SET @saved_sql_mode       = @@sql_mode */ ;
/*!50003 SET sql_mode              = 'NO_ENGINE_SUBSTITUTION' */ ;
DELIMITER ;;
CREATE DEFINER=`root`@`localhost` PROCEDURE `getGradeLevelId`(IN aGradeLevel INT)
BEGIN
	SELECT gradelevel_id FROM gradeLevel_mt WHERE `grade_level` = aGradeLevel; 
END ;;
DELIMITER ;
/*!50003 SET sql_mode              = @saved_sql_mode */ ;
/*!50003 SET character_set_client  = @saved_cs_client */ ;
/*!50003 SET character_set_results = @saved_cs_results */ ;
/*!50003 SET collation_connection  = @saved_col_connection */ ;
/*!50003 DROP PROCEDURE IF EXISTS `getGradeLevelOfSectionId` */;
/*!50003 SET @saved_cs_client      = @@character_set_client */ ;
/*!50003 SET @saved_cs_results     = @@character_set_results */ ;
/*!50003 SET @saved_col_connection = @@collation_connection */ ;
/*!50003 SET character_set_client  = utf8 */ ;
/*!50003 SET character_set_results = utf8 */ ;
/*!50003 SET collation_connection  = utf8_general_ci */ ;
/*!50003 SET @saved_sql_mode       = @@sql_mode */ ;
/*!50003 SET sql_mode              = 'NO_ENGINE_SUBSTITUTION' */ ;
DELIMITER ;;
CREATE DEFINER=`root`@`localhost` PROCEDURE `getGradeLevelOfSectionId`(IN pIN_sectionId INT)
BEGIN
	
    SELECT gradelevel_mt.grade_level FROM schoolyear_student_lt
	INNER JOIN gradelevel_mt ON gradelevel_mt.gradelevel_id = schoolyear_student_lt.gradelevel_id
	WHERE schoolyear_student_lt.section_id = pIN_sectionId
	AND schoolyear_student_lt.isActive = 1
	GROUP BY schoolyear_student_lt.gradelevel_id;

END ;;
DELIMITER ;
/*!50003 SET sql_mode              = @saved_sql_mode */ ;
/*!50003 SET character_set_client  = @saved_cs_client */ ;
/*!50003 SET character_set_results = @saved_cs_results */ ;
/*!50003 SET collation_connection  = @saved_col_connection */ ;
/*!50003 DROP PROCEDURE IF EXISTS `getGradeLevelsAssignedToCredentialById` */;
/*!50003 SET @saved_cs_client      = @@character_set_client */ ;
/*!50003 SET @saved_cs_results     = @@character_set_results */ ;
/*!50003 SET @saved_col_connection = @@collation_connection */ ;
/*!50003 SET character_set_client  = utf8 */ ;
/*!50003 SET character_set_results = utf8 */ ;
/*!50003 SET collation_connection  = utf8_general_ci */ ;
/*!50003 SET @saved_sql_mode       = @@sql_mode */ ;
/*!50003 SET sql_mode              = 'NO_AUTO_CREATE_USER,NO_ENGINE_SUBSTITUTION' */ ;
DELIMITER ;;
CREATE DEFINER=`root`@`localhost` PROCEDURE `getGradeLevelsAssignedToCredentialById`(aCredentialId INT)
BEGIN

SELECT gl.grade_level,gl.gradelevel_id FROM credentials_mt c
INNER JOIN credential_requirements_lt cr ON c.credential_id
INNER JOIN gradelevel_mt gl ON cr.gradelevel_id = gl.gradelevel_id
INNER JOIN schoolyear_mt sy ON cr.schoolyear_id = sy.schoolyear_id

WHERE cr.credential_id = aCredentialId;

END ;;
DELIMITER ;
/*!50003 SET sql_mode              = @saved_sql_mode */ ;
/*!50003 SET character_set_client  = @saved_cs_client */ ;
/*!50003 SET character_set_results = @saved_cs_results */ ;
/*!50003 SET collation_connection  = @saved_col_connection */ ;
/*!50003 DROP PROCEDURE IF EXISTS `getGradesByStudentIdSubjectIdAndSchoolYearId` */;
/*!50003 SET @saved_cs_client      = @@character_set_client */ ;
/*!50003 SET @saved_cs_results     = @@character_set_results */ ;
/*!50003 SET @saved_col_connection = @@collation_connection */ ;
/*!50003 SET character_set_client  = utf8 */ ;
/*!50003 SET character_set_results = utf8 */ ;
/*!50003 SET collation_connection  = utf8_general_ci */ ;
/*!50003 SET @saved_sql_mode       = @@sql_mode */ ;
/*!50003 SET sql_mode              = 'NO_ENGINE_SUBSTITUTION' */ ;
DELIMITER ;;
CREATE DEFINER=`root`@`localhost` PROCEDURE `getGradesByStudentIdSubjectIdAndSchoolYearId`(
aStudentId INT, aSubjectId INT, aSchoolYearId INT
)
BEGIN

SELECT * FROM grade WHERE student_id = aStudentId AND subject_id = aSubjectId AND schoolyear_id = aSchoolYearId;

END ;;
DELIMITER ;
/*!50003 SET sql_mode              = @saved_sql_mode */ ;
/*!50003 SET character_set_client  = @saved_cs_client */ ;
/*!50003 SET character_set_results = @saved_cs_results */ ;
/*!50003 SET collation_connection  = @saved_col_connection */ ;
/*!50003 DROP PROCEDURE IF EXISTS `getGradesForReportCardOf` */;
/*!50003 SET @saved_cs_client      = @@character_set_client */ ;
/*!50003 SET @saved_cs_results     = @@character_set_results */ ;
/*!50003 SET @saved_col_connection = @@collation_connection */ ;
/*!50003 SET character_set_client  = utf8 */ ;
/*!50003 SET character_set_results = utf8 */ ;
/*!50003 SET collation_connection  = utf8_general_ci */ ;
/*!50003 SET @saved_sql_mode       = @@sql_mode */ ;
/*!50003 SET sql_mode              = 'NO_ENGINE_SUBSTITUTION' */ ;
DELIMITER ;;
CREATE DEFINER=`root`@`localhost` PROCEDURE `getGradesForReportCardOf`(
aStudentId INT, aGradeLevelId INT, aSchoolYearId INT
)
BEGIN

SELECT g.subject_id, s.title,
 MAX(IF(g.gradingperiod = 1, g.gradevalue, 0)) AS firstGp,
 MAX(IF(g.gradingperiod = 2, g.gradevalue, 0)) AS secondGp,
 MAX(IF(g.gradingperiod = 3, g.gradevalue, 0)) AS thirdGp,
 MAX(IF(g.gradingperiod = 4, g.gradevalue, 0)) AS fourthGp
FROM grade g INNER JOIN subject_mt s ON g.subject_id = s.subject_id
INNER JOIN schoolyear_student_lt sslt ON g.student_id = sslt.student_id
WHERE g.student_id = aStudentId
AND g.schoolyear_id = aSchoolYearId 
AND g.gradelevel_id = aGradeLevelId
GROUP BY g.subject_id;

END ;;
DELIMITER ;
/*!50003 SET sql_mode              = @saved_sql_mode */ ;
/*!50003 SET character_set_client  = @saved_cs_client */ ;
/*!50003 SET character_set_results = @saved_cs_results */ ;
/*!50003 SET collation_connection  = @saved_col_connection */ ;
/*!50003 DROP PROCEDURE IF EXISTS `getHolidayIdByName` */;
/*!50003 SET @saved_cs_client      = @@character_set_client */ ;
/*!50003 SET @saved_cs_results     = @@character_set_results */ ;
/*!50003 SET @saved_col_connection = @@collation_connection */ ;
/*!50003 SET character_set_client  = utf8 */ ;
/*!50003 SET character_set_results = utf8 */ ;
/*!50003 SET collation_connection  = utf8_general_ci */ ;
/*!50003 SET @saved_sql_mode       = @@sql_mode */ ;
/*!50003 SET sql_mode              = 'NO_ENGINE_SUBSTITUTION' */ ;
DELIMITER ;;
CREATE DEFINER=`root`@`localhost` PROCEDURE `getHolidayIdByName`(aHolidayName VARCHAR(255))
BEGIN

SELECT holiday_id FROM holiday_mt WHERE holiday_name = aHolidayName;

END ;;
DELIMITER ;
/*!50003 SET sql_mode              = @saved_sql_mode */ ;
/*!50003 SET character_set_client  = @saved_cs_client */ ;
/*!50003 SET character_set_results = @saved_cs_results */ ;
/*!50003 SET collation_connection  = @saved_col_connection */ ;
/*!50003 DROP PROCEDURE IF EXISTS `getHolidays` */;
/*!50003 SET @saved_cs_client      = @@character_set_client */ ;
/*!50003 SET @saved_cs_results     = @@character_set_results */ ;
/*!50003 SET @saved_col_connection = @@collation_connection */ ;
/*!50003 SET character_set_client  = utf8 */ ;
/*!50003 SET character_set_results = utf8 */ ;
/*!50003 SET collation_connection  = utf8_general_ci */ ;
/*!50003 SET @saved_sql_mode       = @@sql_mode */ ;
/*!50003 SET sql_mode              = 'NO_ENGINE_SUBSTITUTION' */ ;
DELIMITER ;;
CREATE DEFINER=`root`@`localhost` PROCEDURE `getHolidays`()
BEGIN

SELECT * FROM holiday_mt;

END ;;
DELIMITER ;
/*!50003 SET sql_mode              = @saved_sql_mode */ ;
/*!50003 SET character_set_client  = @saved_cs_client */ ;
/*!50003 SET character_set_results = @saved_cs_results */ ;
/*!50003 SET collation_connection  = @saved_col_connection */ ;
/*!50003 DROP PROCEDURE IF EXISTS `getIdBySessionName` */;
/*!50003 SET @saved_cs_client      = @@character_set_client */ ;
/*!50003 SET @saved_cs_results     = @@character_set_results */ ;
/*!50003 SET @saved_col_connection = @@collation_connection */ ;
/*!50003 SET character_set_client  = utf8 */ ;
/*!50003 SET character_set_results = utf8 */ ;
/*!50003 SET collation_connection  = utf8_general_ci */ ;
/*!50003 SET @saved_sql_mode       = @@sql_mode */ ;
/*!50003 SET sql_mode              = 'NO_AUTO_CREATE_USER,NO_ENGINE_SUBSTITUTION' */ ;
DELIMITER ;;
CREATE DEFINER=`root`@`localhost` PROCEDURE `getIdBySessionName`(aSessionName VARCHAR(255))
BEGIN

SELECT session_id FROM session_mt WHERE title = aSessionName;

END ;;
DELIMITER ;
/*!50003 SET sql_mode              = @saved_sql_mode */ ;
/*!50003 SET character_set_client  = @saved_cs_client */ ;
/*!50003 SET character_set_results = @saved_cs_results */ ;
/*!50003 SET collation_connection  = @saved_col_connection */ ;
/*!50003 DROP PROCEDURE IF EXISTS `getNextAvailableORNOforPaymentBySchoolYearId` */;
/*!50003 SET @saved_cs_client      = @@character_set_client */ ;
/*!50003 SET @saved_cs_results     = @@character_set_results */ ;
/*!50003 SET @saved_col_connection = @@collation_connection */ ;
/*!50003 SET character_set_client  = utf8 */ ;
/*!50003 SET character_set_results = utf8 */ ;
/*!50003 SET collation_connection  = utf8_general_ci */ ;
/*!50003 SET @saved_sql_mode       = @@sql_mode */ ;
/*!50003 SET sql_mode              = 'NO_ENGINE_SUBSTITUTION' */ ;
DELIMITER ;;
CREATE DEFINER=`root`@`localhost` PROCEDURE `getNextAvailableORNOforPaymentBySchoolYearId`(aSchoolYearId INT)
BEGIN

SELECT MIN(or_no) AS ORNO FROM or_no_mt WHERE is_used = 0 AND schoolyear_Id = aSchoolYearId;

END ;;
DELIMITER ;
/*!50003 SET sql_mode              = @saved_sql_mode */ ;
/*!50003 SET character_set_client  = @saved_cs_client */ ;
/*!50003 SET character_set_results = @saved_cs_results */ ;
/*!50003 SET collation_connection  = @saved_col_connection */ ;
/*!50003 DROP PROCEDURE IF EXISTS `getOrIdByOrNo` */;
/*!50003 SET @saved_cs_client      = @@character_set_client */ ;
/*!50003 SET @saved_cs_results     = @@character_set_results */ ;
/*!50003 SET @saved_col_connection = @@collation_connection */ ;
/*!50003 SET character_set_client  = utf8 */ ;
/*!50003 SET character_set_results = utf8 */ ;
/*!50003 SET collation_connection  = utf8_general_ci */ ;
/*!50003 SET @saved_sql_mode       = @@sql_mode */ ;
/*!50003 SET sql_mode              = 'NO_ENGINE_SUBSTITUTION' */ ;
DELIMITER ;;
CREATE DEFINER=`root`@`localhost` PROCEDURE `getOrIdByOrNo`(pInOrNo INT)
BEGIN
SELECT or_no_id FROM or_no_mt WHERE or_no = pInOrNo;

END ;;
DELIMITER ;
/*!50003 SET sql_mode              = @saved_sql_mode */ ;
/*!50003 SET character_set_client  = @saved_cs_client */ ;
/*!50003 SET character_set_results = @saved_cs_results */ ;
/*!50003 SET collation_connection  = @saved_col_connection */ ;
/*!50003 DROP PROCEDURE IF EXISTS `getParticularsByOrNo` */;
/*!50003 SET @saved_cs_client      = @@character_set_client */ ;
/*!50003 SET @saved_cs_results     = @@character_set_results */ ;
/*!50003 SET @saved_col_connection = @@collation_connection */ ;
/*!50003 SET character_set_client  = utf8 */ ;
/*!50003 SET character_set_results = utf8 */ ;
/*!50003 SET collation_connection  = utf8_general_ci */ ;
/*!50003 SET @saved_sql_mode       = @@sql_mode */ ;
/*!50003 SET sql_mode              = 'NO_ENGINE_SUBSTITUTION' */ ;
DELIMITER ;;
CREATE DEFINER=`root`@`localhost` PROCEDURE `getParticularsByOrNo`(pInOrNo INT)
BEGIN

SELECT 
s.student_id, s.student_no,t.or_no_attached,
b.balancebreakdown_id AS particularId,b.balancebreakdown_amount AS particularAmount,
b.balancebreakdown_name AS particular,tb.amount_paid AS amountPaid FROM transaction_balancebreakdown tb
INNER JOIN balancebreakdown b ON tb.balancebreakdown_id = b.balancebreakdown_id
INNER JOIN transaction_mt t ON tb.transaction_id = t.transaction_id
INNER JOIN student_mt s ON t.student_id = s.student_id
INNER JOIN admission_mt a ON s.admission_id = a.admission_id
WHERE t.or_no_attached = pInOrNo;

END ;;
DELIMITER ;
/*!50003 SET sql_mode              = @saved_sql_mode */ ;
/*!50003 SET character_set_client  = @saved_cs_client */ ;
/*!50003 SET character_set_results = @saved_cs_results */ ;
/*!50003 SET collation_connection  = @saved_col_connection */ ;
/*!50003 DROP PROCEDURE IF EXISTS `getPaymentPeriodDeadline` */;
/*!50003 SET @saved_cs_client      = @@character_set_client */ ;
/*!50003 SET @saved_cs_results     = @@character_set_results */ ;
/*!50003 SET @saved_col_connection = @@collation_connection */ ;
/*!50003 SET character_set_client  = utf8 */ ;
/*!50003 SET character_set_results = utf8 */ ;
/*!50003 SET collation_connection  = utf8_general_ci */ ;
/*!50003 SET @saved_sql_mode       = @@sql_mode */ ;
/*!50003 SET sql_mode              = 'NO_ENGINE_SUBSTITUTION' */ ;
DELIMITER ;;
CREATE DEFINER=`root`@`localhost` PROCEDURE `getPaymentPeriodDeadline`(aPaymentTermId INT, aPeriodId INT, aSchoolYearId INT)
BEGIN

SELECT p.period_id, p.period_code, p.description, pd.deadline
FROM paymentterm_mt pt
INNER JOIN paymentterm_period pp ON pt.paymentterm_id = pp.paymentterm_id
INNER JOIN period p ON pp.period_id = p.period_id
INNER JOIN paymentterm_deadline pd ON p.period_id = pd.period_id
WHERE pd.paymentterm_id = aPaymentTermId 
AND pd.schoolyear_id = aSchoolYearId
AND pd.period_id = aPeriodId
GROUP BY period_id;

END ;;
DELIMITER ;
/*!50003 SET sql_mode              = @saved_sql_mode */ ;
/*!50003 SET character_set_client  = @saved_cs_client */ ;
/*!50003 SET character_set_results = @saved_cs_results */ ;
/*!50003 SET collation_connection  = @saved_col_connection */ ;
/*!50003 DROP PROCEDURE IF EXISTS `getPaymentTermById` */;
/*!50003 SET @saved_cs_client      = @@character_set_client */ ;
/*!50003 SET @saved_cs_results     = @@character_set_results */ ;
/*!50003 SET @saved_col_connection = @@collation_connection */ ;
/*!50003 SET character_set_client  = utf8 */ ;
/*!50003 SET character_set_results = utf8 */ ;
/*!50003 SET collation_connection  = utf8_general_ci */ ;
/*!50003 SET @saved_sql_mode       = @@sql_mode */ ;
/*!50003 SET sql_mode              = 'NO_ENGINE_SUBSTITUTION' */ ;
DELIMITER ;;
CREATE DEFINER=`root`@`localhost` PROCEDURE `getPaymentTermById`(IN aPaymentTermId INT)
BEGIN
	
    SELECT 
pt.paymentterm_id, pt.paymentterm, pt.isActive, pt.divisor,
pp.penalty_id, pp.penalty_amount
 FROM paymentterm_mt pt
LEFT JOIN paymentterm_penalty pp ON pt.paymentterm_id = pp.paymentterm_id

WHERE pt.paymentterm_id = aPaymentTermId;
    
END ;;
DELIMITER ;
/*!50003 SET sql_mode              = @saved_sql_mode */ ;
/*!50003 SET character_set_client  = @saved_cs_client */ ;
/*!50003 SET character_set_results = @saved_cs_results */ ;
/*!50003 SET collation_connection  = @saved_col_connection */ ;
/*!50003 DROP PROCEDURE IF EXISTS `getPaymentTermByPaymentTermId` */;
/*!50003 SET @saved_cs_client      = @@character_set_client */ ;
/*!50003 SET @saved_cs_results     = @@character_set_results */ ;
/*!50003 SET @saved_col_connection = @@collation_connection */ ;
/*!50003 SET character_set_client  = utf8 */ ;
/*!50003 SET character_set_results = utf8 */ ;
/*!50003 SET collation_connection  = utf8_general_ci */ ;
/*!50003 SET @saved_sql_mode       = @@sql_mode */ ;
/*!50003 SET sql_mode              = 'NO_ENGINE_SUBSTITUTION' */ ;
DELIMITER ;;
CREATE DEFINER=`root`@`localhost` PROCEDURE `getPaymentTermByPaymentTermId`(aPaymentTermId INT, aSchoolYearId INT)
BEGIN

SELECT pt.*,pp.penalty_id, pp.schoolyear_id,pp.penalty_amount,pp.isActive AS isPenaltyActive, pp.date_added 
FROM paymentterm_mt pt
LEFT JOIN paymentterm_penalty pp ON pt.paymentterm_id = pp.paymentterm_id

 WHERE pt.paymentterm_id = aPaymentTermId AND pp.schoolyear_id = aSchoolYearId;

END ;;
DELIMITER ;
/*!50003 SET sql_mode              = @saved_sql_mode */ ;
/*!50003 SET character_set_client  = @saved_cs_client */ ;
/*!50003 SET character_set_results = @saved_cs_results */ ;
/*!50003 SET collation_connection  = @saved_col_connection */ ;
/*!50003 DROP PROCEDURE IF EXISTS `getPaymentTermIdByName` */;
/*!50003 SET @saved_cs_client      = @@character_set_client */ ;
/*!50003 SET @saved_cs_results     = @@character_set_results */ ;
/*!50003 SET @saved_col_connection = @@collation_connection */ ;
/*!50003 SET character_set_client  = utf8 */ ;
/*!50003 SET character_set_results = utf8 */ ;
/*!50003 SET collation_connection  = utf8_general_ci */ ;
/*!50003 SET @saved_sql_mode       = @@sql_mode */ ;
/*!50003 SET sql_mode              = 'NO_ENGINE_SUBSTITUTION' */ ;
DELIMITER ;;
CREATE DEFINER=`root`@`localhost` PROCEDURE `getPaymentTermIdByName`(aPaymentTerm VARCHAR(255))
BEGIN
SELECT paymentterm_id FROM paymentterm_mt
WHERE paymentterm_name = aPaymentTerm;
END ;;
DELIMITER ;
/*!50003 SET sql_mode              = @saved_sql_mode */ ;
/*!50003 SET character_set_client  = @saved_cs_client */ ;
/*!50003 SET character_set_results = @saved_cs_results */ ;
/*!50003 SET collation_connection  = @saved_col_connection */ ;
/*!50003 DROP PROCEDURE IF EXISTS `getPaymentTermOf` */;
/*!50003 SET @saved_cs_client      = @@character_set_client */ ;
/*!50003 SET @saved_cs_results     = @@character_set_results */ ;
/*!50003 SET @saved_col_connection = @@collation_connection */ ;
/*!50003 SET character_set_client  = utf8 */ ;
/*!50003 SET character_set_results = utf8 */ ;
/*!50003 SET collation_connection  = utf8_general_ci */ ;
/*!50003 SET @saved_sql_mode       = @@sql_mode */ ;
/*!50003 SET sql_mode              = 'NO_ENGINE_SUBSTITUTION' */ ;
DELIMITER ;;
CREATE DEFINER=`root`@`localhost` PROCEDURE `getPaymentTermOf`(
aStudentNo INT, aSchoolYearId INT
)
BEGIN

SELECT * FROM balancebreakdown b LEFT JOIN
student_mt s ON b.student_id = s.student_id
LEFT JOIN paymentterm_mt p ON b.paymentterm_id = p.paymentterm_id
WHERE s.student_no = aStudentNo AND b.schoolyear_id = aSchoolYearId
GROUP BY b.student_id;

END ;;
DELIMITER ;
/*!50003 SET sql_mode              = @saved_sql_mode */ ;
/*!50003 SET character_set_client  = @saved_cs_client */ ;
/*!50003 SET character_set_results = @saved_cs_results */ ;
/*!50003 SET collation_connection  = @saved_col_connection */ ;
/*!50003 DROP PROCEDURE IF EXISTS `getPaymentTermPenalty` */;
/*!50003 SET @saved_cs_client      = @@character_set_client */ ;
/*!50003 SET @saved_cs_results     = @@character_set_results */ ;
/*!50003 SET @saved_col_connection = @@collation_connection */ ;
/*!50003 SET character_set_client  = utf8 */ ;
/*!50003 SET character_set_results = utf8 */ ;
/*!50003 SET collation_connection  = utf8_general_ci */ ;
/*!50003 SET @saved_sql_mode       = @@sql_mode */ ;
/*!50003 SET sql_mode              = 'NO_ENGINE_SUBSTITUTION' */ ;
DELIMITER ;;
CREATE DEFINER=`root`@`localhost` PROCEDURE `getPaymentTermPenalty`()
BEGIN

SELECT * FROM paymentterm_penalty;

END ;;
DELIMITER ;
/*!50003 SET sql_mode              = @saved_sql_mode */ ;
/*!50003 SET character_set_client  = @saved_cs_client */ ;
/*!50003 SET character_set_results = @saved_cs_results */ ;
/*!50003 SET collation_connection  = @saved_col_connection */ ;
/*!50003 DROP PROCEDURE IF EXISTS `getPaymentTermPeriodsByPaymentTermId` */;
/*!50003 SET @saved_cs_client      = @@character_set_client */ ;
/*!50003 SET @saved_cs_results     = @@character_set_results */ ;
/*!50003 SET @saved_col_connection = @@collation_connection */ ;
/*!50003 SET character_set_client  = utf8 */ ;
/*!50003 SET character_set_results = utf8 */ ;
/*!50003 SET collation_connection  = utf8_general_ci */ ;
/*!50003 SET @saved_sql_mode       = @@sql_mode */ ;
/*!50003 SET sql_mode              = 'NO_ENGINE_SUBSTITUTION' */ ;
DELIMITER ;;
CREATE DEFINER=`root`@`localhost` PROCEDURE `getPaymentTermPeriodsByPaymentTermId`(
aPaymentTermId INT, aSchoolYearId INT
)
BEGIN

SELECT ptmt.paymentterm_id, ptmt.paymentterm_name,
ptp.period_id AS ptp_period_id, ptpay.period_id AS ptpay_period_id,
p.period_id ,p.period_code,p.period_name,ptpay.paymentdeadline
FROM paymentterm_mt ptmt 
LEFT JOIN paymentterm_period ptp ON ptmt.paymentterm_id = ptp.paymentterm_id
LEFT JOIN period p ON ptp.period_id = p.period_id
LEFT JOIN paymentterm_period_paymentdeadline ptpay ON ptp.period_id = ptpay.period_id
WHERE ptmt.paymentterm_id = aPaymentTermId AND ptpay.schoolyear_id = aSchoolYearId
GROUP BY period_name;

END ;;
DELIMITER ;
/*!50003 SET sql_mode              = @saved_sql_mode */ ;
/*!50003 SET character_set_client  = @saved_cs_client */ ;
/*!50003 SET character_set_results = @saved_cs_results */ ;
/*!50003 SET collation_connection  = @saved_col_connection */ ;
/*!50003 DROP PROCEDURE IF EXISTS `getPenaltyInformationBySchoolYearId` */;
/*!50003 SET @saved_cs_client      = @@character_set_client */ ;
/*!50003 SET @saved_cs_results     = @@character_set_results */ ;
/*!50003 SET @saved_col_connection = @@collation_connection */ ;
/*!50003 SET character_set_client  = utf8 */ ;
/*!50003 SET character_set_results = utf8 */ ;
/*!50003 SET collation_connection  = utf8_general_ci */ ;
/*!50003 SET @saved_sql_mode       = @@sql_mode */ ;
/*!50003 SET sql_mode              = 'NO_ENGINE_SUBSTITUTION' */ ;
DELIMITER ;;
CREATE DEFINER=`root`@`localhost` PROCEDURE `getPenaltyInformationBySchoolYearId`(aSchoolYearId INT)
BEGIN

SELECT ptp.*,sy.*, pt.* FROM paymentterm_penalty ptp
INNER JOIN schoolyear_mt sy ON ptp.schoolyear_id = sy.schoolyear_id
INNER JOIN paymentterm_mt pt ON ptp.paymentterm_id = pt.paymentterm_id
WHERE ptp.schoolyear_id = aSchoolYearId;

END ;;
DELIMITER ;
/*!50003 SET sql_mode              = @saved_sql_mode */ ;
/*!50003 SET character_set_client  = @saved_cs_client */ ;
/*!50003 SET character_set_results = @saved_cs_results */ ;
/*!50003 SET collation_connection  = @saved_col_connection */ ;
/*!50003 DROP PROCEDURE IF EXISTS `getPenaltyListByOrNo` */;
/*!50003 SET @saved_cs_client      = @@character_set_client */ ;
/*!50003 SET @saved_cs_results     = @@character_set_results */ ;
/*!50003 SET @saved_col_connection = @@collation_connection */ ;
/*!50003 SET character_set_client  = utf8 */ ;
/*!50003 SET character_set_results = utf8 */ ;
/*!50003 SET collation_connection  = utf8_general_ci */ ;
/*!50003 SET @saved_sql_mode       = @@sql_mode */ ;
/*!50003 SET sql_mode              = 'NO_ENGINE_SUBSTITUTION' */ ;
DELIMITER ;;
CREATE DEFINER=`root`@`localhost` PROCEDURE `getPenaltyListByOrNo`(
aOrNo INT)
BEGIN

SELECT * FROM penalty p INNER JOIN transaction_penalty tp
ON p.penalty_id = tp.penalty_id INNER JOIN transaction_mt t
ON tp.transaction_id = t.transaction_id
WHERE or_no_attached = aOrNo;

END ;;
DELIMITER ;
/*!50003 SET sql_mode              = @saved_sql_mode */ ;
/*!50003 SET character_set_client  = @saved_cs_client */ ;
/*!50003 SET character_set_results = @saved_cs_results */ ;
/*!50003 SET collation_connection  = @saved_col_connection */ ;
/*!50003 DROP PROCEDURE IF EXISTS `getPeriodIdByDescription` */;
/*!50003 SET @saved_cs_client      = @@character_set_client */ ;
/*!50003 SET @saved_cs_results     = @@character_set_results */ ;
/*!50003 SET @saved_col_connection = @@collation_connection */ ;
/*!50003 SET character_set_client  = utf8 */ ;
/*!50003 SET character_set_results = utf8 */ ;
/*!50003 SET collation_connection  = utf8_general_ci */ ;
/*!50003 SET @saved_sql_mode       = @@sql_mode */ ;
/*!50003 SET sql_mode              = 'NO_ENGINE_SUBSTITUTION' */ ;
DELIMITER ;;
CREATE DEFINER=`root`@`localhost` PROCEDURE `getPeriodIdByDescription`(aDescription TEXT)
BEGIN

SELECT period_id FROM period WHERE
period_name = trim(lower(aDescription));

END ;;
DELIMITER ;
/*!50003 SET sql_mode              = @saved_sql_mode */ ;
/*!50003 SET character_set_client  = @saved_cs_client */ ;
/*!50003 SET character_set_results = @saved_cs_results */ ;
/*!50003 SET collation_connection  = @saved_col_connection */ ;
/*!50003 DROP PROCEDURE IF EXISTS `getQuarterBy` */;
/*!50003 SET @saved_cs_client      = @@character_set_client */ ;
/*!50003 SET @saved_cs_results     = @@character_set_results */ ;
/*!50003 SET @saved_col_connection = @@collation_connection */ ;
/*!50003 SET character_set_client  = utf8 */ ;
/*!50003 SET character_set_results = utf8 */ ;
/*!50003 SET collation_connection  = utf8_general_ci */ ;
/*!50003 SET @saved_sql_mode       = @@sql_mode */ ;
/*!50003 SET sql_mode              = 'NO_ENGINE_SUBSTITUTION' */ ;
DELIMITER ;;
CREATE DEFINER=`root`@`localhost` PROCEDURE `getQuarterBy`(
aQuarterNo INT, aSchoolYearId INT
)
BEGIN

SELECT * FROM schoolyear_quarter_lt WHERE quarter_no = aQuarterNo
AND schoolyear_id = aSchoolYearId;

END ;;
DELIMITER ;
/*!50003 SET sql_mode              = @saved_sql_mode */ ;
/*!50003 SET character_set_client  = @saved_cs_client */ ;
/*!50003 SET character_set_results = @saved_cs_results */ ;
/*!50003 SET collation_connection  = @saved_col_connection */ ;
/*!50003 DROP PROCEDURE IF EXISTS `getRecommendedGradeLevel` */;
/*!50003 SET @saved_cs_client      = @@character_set_client */ ;
/*!50003 SET @saved_cs_results     = @@character_set_results */ ;
/*!50003 SET @saved_col_connection = @@collation_connection */ ;
/*!50003 SET character_set_client  = utf8 */ ;
/*!50003 SET character_set_results = utf8 */ ;
/*!50003 SET collation_connection  = utf8_general_ci */ ;
/*!50003 SET @saved_sql_mode       = @@sql_mode */ ;
/*!50003 SET sql_mode              = 'NO_ENGINE_SUBSTITUTION' */ ;
DELIMITER ;;
CREATE DEFINER=`root`@`localhost` PROCEDURE `getRecommendedGradeLevel`(aStudentId INT)
BEGIN

DECLARE aRecommendedGradeLevel INT;

SELECT 

CASE 
WHEN sslt.passed = 0
THEN gl.grade_level
WHEN sslt.passed = 1
THEN gl.grade_level+1
END AS aRecommendedGradeLevel INTO aRecommendedGradeLevel
FROM schoolyear_student_lt sslt
INNER JOIN gradelevel_mt gl ON sslt.gradelevel_id = gl.gradelevel_id
WHERE sslt.student_id = aStudentId 
ORDER BY gl.grade_level DESC LIMIT 1;

SELECT aRecommendedGradeLevel;

END ;;
DELIMITER ;
/*!50003 SET sql_mode              = @saved_sql_mode */ ;
/*!50003 SET character_set_client  = @saved_cs_client */ ;
/*!50003 SET character_set_results = @saved_cs_results */ ;
/*!50003 SET collation_connection  = @saved_col_connection */ ;
/*!50003 DROP PROCEDURE IF EXISTS `getRegistrationCredentialsSubmitted` */;
/*!50003 SET @saved_cs_client      = @@character_set_client */ ;
/*!50003 SET @saved_cs_results     = @@character_set_results */ ;
/*!50003 SET @saved_col_connection = @@collation_connection */ ;
/*!50003 SET character_set_client  = utf8 */ ;
/*!50003 SET character_set_results = utf8 */ ;
/*!50003 SET collation_connection  = utf8_general_ci */ ;
/*!50003 SET @saved_sql_mode       = @@sql_mode */ ;
/*!50003 SET sql_mode              = 'NO_ENGINE_SUBSTITUTION' */ ;
DELIMITER ;;
CREATE DEFINER=`root`@`localhost` PROCEDURE `getRegistrationCredentialsSubmitted`(
aRegistrationId INT
)
BEGIN

SELECT * FROM credentials_received_lt cr LEFT JOIN
credential_mt c ON cr.credential_id = c.credential_id
WHERE cr.registration_id = aRegistrationId;

END ;;
DELIMITER ;
/*!50003 SET sql_mode              = @saved_sql_mode */ ;
/*!50003 SET character_set_client  = @saved_cs_client */ ;
/*!50003 SET character_set_results = @saved_cs_results */ ;
/*!50003 SET collation_connection  = @saved_col_connection */ ;
/*!50003 DROP PROCEDURE IF EXISTS `getRegistrationIdByStudentId` */;
/*!50003 SET @saved_cs_client      = @@character_set_client */ ;
/*!50003 SET @saved_cs_results     = @@character_set_results */ ;
/*!50003 SET @saved_col_connection = @@collation_connection */ ;
/*!50003 SET character_set_client  = utf8 */ ;
/*!50003 SET character_set_results = utf8 */ ;
/*!50003 SET collation_connection  = utf8_general_ci */ ;
/*!50003 SET @saved_sql_mode       = @@sql_mode */ ;
/*!50003 SET sql_mode              = 'NO_ENGINE_SUBSTITUTION' */ ;
DELIMITER ;;
CREATE DEFINER=`root`@`localhost` PROCEDURE `getRegistrationIdByStudentId`(aStudentId INT)
BEGIN

SELECT r.registration_id AS aRegistrationId
FROM registration_mt r
INNER JOIN student_mt s 
ON r.registration_id = s.registration_id
WHERE 
s.student_id = aStudentId;

END ;;
DELIMITER ;
/*!50003 SET sql_mode              = @saved_sql_mode */ ;
/*!50003 SET character_set_client  = @saved_cs_client */ ;
/*!50003 SET character_set_results = @saved_cs_results */ ;
/*!50003 SET collation_connection  = @saved_col_connection */ ;
/*!50003 DROP PROCEDURE IF EXISTS `getRegistrationInfoById` */;
/*!50003 SET @saved_cs_client      = @@character_set_client */ ;
/*!50003 SET @saved_cs_results     = @@character_set_results */ ;
/*!50003 SET @saved_col_connection = @@collation_connection */ ;
/*!50003 SET character_set_client  = utf8 */ ;
/*!50003 SET character_set_results = utf8 */ ;
/*!50003 SET collation_connection  = utf8_general_ci */ ;
/*!50003 SET @saved_sql_mode       = @@sql_mode */ ;
/*!50003 SET sql_mode              = 'NO_ENGINE_SUBSTITUTION' */ ;
DELIMITER ;;
CREATE DEFINER=`root`@`localhost` PROCEDURE `getRegistrationInfoById`(IN registrationId INT)
BEGIN

SELECT r.*, 
CASE 
WHEN a.isComplete IS NULL THEN 'No' 
WHEN a.isComplete = 0 THEN 'No'
WHEN a.isComplete = 1 THEN 'Yes' END AS isAdmissionComplete
FROM registration_mt r 
LEFT JOIN admission_mt a ON r.registration_id = a.registration_id
WHERE 
r.registration_id = registrationId;


END ;;
DELIMITER ;
/*!50003 SET sql_mode              = @saved_sql_mode */ ;
/*!50003 SET character_set_client  = @saved_cs_client */ ;
/*!50003 SET character_set_results = @saved_cs_results */ ;
/*!50003 SET collation_connection  = @saved_col_connection */ ;
/*!50003 DROP PROCEDURE IF EXISTS `getReportCardByStudentId` */;
/*!50003 SET @saved_cs_client      = @@character_set_client */ ;
/*!50003 SET @saved_cs_results     = @@character_set_results */ ;
/*!50003 SET @saved_col_connection = @@collation_connection */ ;
/*!50003 SET character_set_client  = utf8 */ ;
/*!50003 SET character_set_results = utf8 */ ;
/*!50003 SET collation_connection  = utf8_general_ci */ ;
/*!50003 SET @saved_sql_mode       = @@sql_mode */ ;
/*!50003 SET sql_mode              = 'NO_ENGINE_SUBSTITUTION' */ ;
DELIMITER ;;
CREATE DEFINER=`root`@`localhost` PROCEDURE `getReportCardByStudentId`(IN pIN_studentId INT)
BEGIN

	SELECT subject_mt.title,
       MAX(IF(g.gradingperiod_id = 7000, g.grade, "")) AS first,
       MAX(IF(g.gradingperiod_id = 7001, g.grade, "")) AS second,
       MAX(IF(g.gradingperiod_id = 7002, g.grade, "")) AS third,
       MAX(IF(g.gradingperiod_id = 7003, g.grade, "")) AS fourth,
       g.final, g.gwa
       
	FROM faculty_schedule

	INNER JOIN schedule_mt ON schedule_mt.schedule_id = faculty_schedule.schedule_id
    INNER JOIN section_student ON section_student.section_id = schedule_mt.section_id
    INNER JOIN subject_mt ON subject_mt.subject_id = schedule_mt.subject_id
    INNER JOIN section_settings_lt ON section_settings_lt.section_id = section_student.section_id
	INNER JOIN curriculum_subject_lt ON curriculum_subject_lt.subject_id = subject_mt.subject_id
    INNER JOIN curriculum_mt ON curriculum_mt.curriculum_id = curriculum_subject_lt.curriculum_id
    LEFT JOIN student_grade AS sg ON sg.student_id = section_student.student_id
    LEFT JOIN grade AS g ON g.grade_id = sg.grade_id
    
    WHERE section_student.student_id = pIN_studentId
    
    GROUP BY subject_mt.title, g.final, g.gwa;

END ;;
DELIMITER ;
/*!50003 SET sql_mode              = @saved_sql_mode */ ;
/*!50003 SET character_set_client  = @saved_cs_client */ ;
/*!50003 SET character_set_results = @saved_cs_results */ ;
/*!50003 SET collation_connection  = @saved_col_connection */ ;
/*!50003 DROP PROCEDURE IF EXISTS `getRoleByUserId` */;
/*!50003 SET @saved_cs_client      = @@character_set_client */ ;
/*!50003 SET @saved_cs_results     = @@character_set_results */ ;
/*!50003 SET @saved_col_connection = @@collation_connection */ ;
/*!50003 SET character_set_client  = utf8 */ ;
/*!50003 SET character_set_results = utf8 */ ;
/*!50003 SET collation_connection  = utf8_general_ci */ ;
/*!50003 SET @saved_sql_mode       = @@sql_mode */ ;
/*!50003 SET sql_mode              = 'NO_ENGINE_SUBSTITUTION' */ ;
DELIMITER ;;
CREATE DEFINER=`root`@`localhost` PROCEDURE `getRoleByUserId`(aUserId INT)
BEGIN

SELECT r.* FROM role r
INNER JOIN user_role ur ON r.role_id = ur.role_id
WHERE ur.user_id = aUserId;

END ;;
DELIMITER ;
/*!50003 SET sql_mode              = @saved_sql_mode */ ;
/*!50003 SET character_set_client  = @saved_cs_client */ ;
/*!50003 SET character_set_results = @saved_cs_results */ ;
/*!50003 SET collation_connection  = @saved_col_connection */ ;
/*!50003 DROP PROCEDURE IF EXISTS `getRoleIdByRoleName` */;
/*!50003 SET @saved_cs_client      = @@character_set_client */ ;
/*!50003 SET @saved_cs_results     = @@character_set_results */ ;
/*!50003 SET @saved_col_connection = @@collation_connection */ ;
/*!50003 SET character_set_client  = utf8 */ ;
/*!50003 SET character_set_results = utf8 */ ;
/*!50003 SET collation_connection  = utf8_general_ci */ ;
/*!50003 SET @saved_sql_mode       = @@sql_mode */ ;
/*!50003 SET sql_mode              = 'NO_ENGINE_SUBSTITUTION' */ ;
DELIMITER ;;
CREATE DEFINER=`root`@`localhost` PROCEDURE `getRoleIdByRoleName`(aRoleName VARCHAR(255))
BEGIN

SELECT role_id FROM role WHERE `role` = aRoleName;

END ;;
DELIMITER ;
/*!50003 SET sql_mode              = @saved_sql_mode */ ;
/*!50003 SET character_set_client  = @saved_cs_client */ ;
/*!50003 SET character_set_results = @saved_cs_results */ ;
/*!50003 SET collation_connection  = @saved_col_connection */ ;
/*!50003 DROP PROCEDURE IF EXISTS `getRoomID` */;
/*!50003 SET @saved_cs_client      = @@character_set_client */ ;
/*!50003 SET @saved_cs_results     = @@character_set_results */ ;
/*!50003 SET @saved_col_connection = @@collation_connection */ ;
/*!50003 SET character_set_client  = utf8 */ ;
/*!50003 SET character_set_results = utf8 */ ;
/*!50003 SET collation_connection  = utf8_general_ci */ ;
/*!50003 SET @saved_sql_mode       = @@sql_mode */ ;
/*!50003 SET sql_mode              = 'NO_ENGINE_SUBSTITUTION' */ ;
DELIMITER ;;
CREATE DEFINER=`root`@`localhost` PROCEDURE `getRoomID`(
	p_roomName VARCHAR(45),
    P_buildingName VARCHAR(45),
    p_capacity VARCHAR(45)
)
BEGIN
	SELECT r.room_id FROM room_mt r
    WHERE r.room_name_or_num = p_roomName
    AND r.bldg_name_or_num = p_buildingName
    AND r.capacity = p_capacity;
    
END ;;
DELIMITER ;
/*!50003 SET sql_mode              = @saved_sql_mode */ ;
/*!50003 SET character_set_client  = @saved_cs_client */ ;
/*!50003 SET character_set_results = @saved_cs_results */ ;
/*!50003 SET collation_connection  = @saved_col_connection */ ;
/*!50003 DROP PROCEDURE IF EXISTS `getRoomIdByName` */;
/*!50003 SET @saved_cs_client      = @@character_set_client */ ;
/*!50003 SET @saved_cs_results     = @@character_set_results */ ;
/*!50003 SET @saved_col_connection = @@collation_connection */ ;
/*!50003 SET character_set_client  = utf8 */ ;
/*!50003 SET character_set_results = utf8 */ ;
/*!50003 SET collation_connection  = utf8_general_ci */ ;
/*!50003 SET @saved_sql_mode       = @@sql_mode */ ;
/*!50003 SET sql_mode              = 'NO_ENGINE_SUBSTITUTION' */ ;
DELIMITER ;;
CREATE DEFINER=`root`@`localhost` PROCEDURE `getRoomIdByName`(aRoomName VARCHAR(255))
BEGIN

SELECT room_id FROM room_mt WHERE 
room_name_or_num = aRoomName;

END ;;
DELIMITER ;
/*!50003 SET sql_mode              = @saved_sql_mode */ ;
/*!50003 SET character_set_client  = @saved_cs_client */ ;
/*!50003 SET character_set_results = @saved_cs_results */ ;
/*!50003 SET collation_connection  = @saved_col_connection */ ;
/*!50003 DROP PROCEDURE IF EXISTS `getRooms` */;
/*!50003 SET @saved_cs_client      = @@character_set_client */ ;
/*!50003 SET @saved_cs_results     = @@character_set_results */ ;
/*!50003 SET @saved_col_connection = @@collation_connection */ ;
/*!50003 SET character_set_client  = utf8 */ ;
/*!50003 SET character_set_results = utf8 */ ;
/*!50003 SET collation_connection  = utf8_general_ci */ ;
/*!50003 SET @saved_sql_mode       = @@sql_mode */ ;
/*!50003 SET sql_mode              = 'NO_ENGINE_SUBSTITUTION' */ ;
DELIMITER ;;
CREATE DEFINER=`root`@`localhost` PROCEDURE `getRooms`()
BEGIN
	SELECT * FROM room_mt;
END ;;
DELIMITER ;
/*!50003 SET sql_mode              = @saved_sql_mode */ ;
/*!50003 SET character_set_client  = @saved_cs_client */ ;
/*!50003 SET character_set_results = @saved_cs_results */ ;
/*!50003 SET collation_connection  = @saved_col_connection */ ;
/*!50003 DROP PROCEDURE IF EXISTS `getRoomsAvailableForSesssion` */;
/*!50003 SET @saved_cs_client      = @@character_set_client */ ;
/*!50003 SET @saved_cs_results     = @@character_set_results */ ;
/*!50003 SET @saved_col_connection = @@collation_connection */ ;
/*!50003 SET character_set_client  = utf8 */ ;
/*!50003 SET character_set_results = utf8 */ ;
/*!50003 SET collation_connection  = utf8_general_ci */ ;
/*!50003 SET @saved_sql_mode       = @@sql_mode */ ;
/*!50003 SET sql_mode              = 'NO_ENGINE_SUBSTITUTION' */ ;
DELIMITER ;;
CREATE DEFINER=`root`@`localhost` PROCEDURE `getRoomsAvailableForSesssion`(
aSectionSession VARCHAR(2), aSchoolYearId INT)
BEGIN

IF aSectionSession = 'PM'
THEN 
SELECT * FROM room_mt r 
WHERE r.room_id NOT IN(SELECT room_id FROM schedule_mt WHERE schedule_session = 'PM' OR schedule_session = 'WD');
END IF;

IF aSectionSession = 'AM'
THEN
SELECT * FROM room_mt r 
WHERE r.room_id NOT IN(SELECT room_id FROM schedule_mt WHERE schedule_session = 'AM' OR schedule_session = 'WD');
END IF;

IF aSectionSession = 'WD'
THEN 
SELECT * FROM room_mt r 
WHERE r.room_id NOT IN(SELECT room_id FROM schedule_mt WHERE schedule_session = 'AM' OR schedule_session = 'PM' OR schedule_session = 'WD');
END IF;

END ;;
DELIMITER ;
/*!50003 SET sql_mode              = @saved_sql_mode */ ;
/*!50003 SET character_set_client  = @saved_cs_client */ ;
/*!50003 SET character_set_results = @saved_cs_results */ ;
/*!50003 SET collation_connection  = @saved_col_connection */ ;
/*!50003 DROP PROCEDURE IF EXISTS `getRoomsInfoByID` */;
/*!50003 SET @saved_cs_client      = @@character_set_client */ ;
/*!50003 SET @saved_cs_results     = @@character_set_results */ ;
/*!50003 SET @saved_col_connection = @@collation_connection */ ;
/*!50003 SET character_set_client  = utf8 */ ;
/*!50003 SET character_set_results = utf8 */ ;
/*!50003 SET collation_connection  = utf8_general_ci */ ;
/*!50003 SET @saved_sql_mode       = @@sql_mode */ ;
/*!50003 SET sql_mode              = 'NO_ENGINE_SUBSTITUTION' */ ;
DELIMITER ;;
CREATE DEFINER=`root`@`localhost` PROCEDURE `getRoomsInfoByID`(
	p_room_id INT(11)
)
BEGIN
	SELECT * FROM room_mt WHERE room_id = p_room_id;
END ;;
DELIMITER ;
/*!50003 SET sql_mode              = @saved_sql_mode */ ;
/*!50003 SET character_set_client  = @saved_cs_client */ ;
/*!50003 SET character_set_results = @saved_cs_results */ ;
/*!50003 SET collation_connection  = @saved_col_connection */ ;
/*!50003 DROP PROCEDURE IF EXISTS `getScheduleByFacultyIdAndSchoolYearId` */;
/*!50003 SET @saved_cs_client      = @@character_set_client */ ;
/*!50003 SET @saved_cs_results     = @@character_set_results */ ;
/*!50003 SET @saved_col_connection = @@collation_connection */ ;
/*!50003 SET character_set_client  = utf8 */ ;
/*!50003 SET character_set_results = utf8 */ ;
/*!50003 SET collation_connection  = utf8_general_ci */ ;
/*!50003 SET @saved_sql_mode       = @@sql_mode */ ;
/*!50003 SET sql_mode              = 'NO_ENGINE_SUBSTITUTION' */ ;
DELIMITER ;;
CREATE DEFINER=`root`@`localhost` PROCEDURE `getScheduleByFacultyIdAndSchoolYearId`(aFacultyId INT, aSchoolYearId INT)
BEGIN

SELECT f.faculty_id,f.lastName, f.firstName, f.middleName,
s.schedule_id,s.schedule_day,s.startTime,s.endTime,
r.room_name_or_num,
sec.sectionName,
sbj.title,
sy.schoolyear_id

FROM faculty_mt f 
INNER JOIN faculty_schedule fs ON f.faculty_id = fs.faculty_id
INNER JOIN schedule_mt s ON fs.schedule_id = s.schedule_id
INNER JOIN room_mt r ON s.room_id = r.room_id
INNER JOIN section_mt sec ON s.section_id = sec.section_id
INNER JOIN subject_mt sbj ON s.subject_id = sbj.subject_id
INNER JOIN schoolyear_mt sy ON s.schoolyear_id = sy.schoolyear_id

WHERE s.schoolyear_id = aSchoolYearId AND
fs.faculty_id = aFacultyId;

END ;;
DELIMITER ;
/*!50003 SET sql_mode              = @saved_sql_mode */ ;
/*!50003 SET character_set_client  = @saved_cs_client */ ;
/*!50003 SET character_set_results = @saved_cs_results */ ;
/*!50003 SET collation_connection  = @saved_col_connection */ ;
/*!50003 DROP PROCEDURE IF EXISTS `getScheduleBySectionId` */;
/*!50003 SET @saved_cs_client      = @@character_set_client */ ;
/*!50003 SET @saved_cs_results     = @@character_set_results */ ;
/*!50003 SET @saved_col_connection = @@collation_connection */ ;
/*!50003 SET character_set_client  = utf8 */ ;
/*!50003 SET character_set_results = utf8 */ ;
/*!50003 SET collation_connection  = utf8_general_ci */ ;
/*!50003 SET @saved_sql_mode       = @@sql_mode */ ;
/*!50003 SET sql_mode              = 'NO_ENGINE_SUBSTITUTION' */ ;
DELIMITER ;;
CREATE DEFINER=`root`@`localhost` PROCEDURE `getScheduleBySectionId`(aSectionId INT)
BEGIN

SELECT s.schedule_day,s.startTime,s.endTime,sbj.title,sbj.`code`,r.room_name_or_num FROM schedule_mt s 
INNER JOIN section_mt smt ON s.section_id = smt.section_id
INNER JOIN subject_mt sbj ON s.subject_id = sbj.subject_id
INNER JOIN room_mt r ON s.room_id = r.room_id
WHERE smt.section_id = aSectionId;

END ;;
DELIMITER ;
/*!50003 SET sql_mode              = @saved_sql_mode */ ;
/*!50003 SET character_set_client  = @saved_cs_client */ ;
/*!50003 SET character_set_results = @saved_cs_results */ ;
/*!50003 SET collation_connection  = @saved_col_connection */ ;
/*!50003 DROP PROCEDURE IF EXISTS `getScheduleBySubjectId` */;
/*!50003 SET @saved_cs_client      = @@character_set_client */ ;
/*!50003 SET @saved_cs_results     = @@character_set_results */ ;
/*!50003 SET @saved_col_connection = @@collation_connection */ ;
/*!50003 SET character_set_client  = utf8 */ ;
/*!50003 SET character_set_results = utf8 */ ;
/*!50003 SET collation_connection  = utf8_general_ci */ ;
/*!50003 SET @saved_sql_mode       = @@sql_mode */ ;
/*!50003 SET sql_mode              = 'NO_ENGINE_SUBSTITUTION' */ ;
DELIMITER ;;
CREATE DEFINER=`root`@`localhost` PROCEDURE `getScheduleBySubjectId`(aSubjectId INT)
BEGIN

SELECT s.* FROM schedule_mt WHERE subject_id = aSubjectId;

END ;;
DELIMITER ;
/*!50003 SET sql_mode              = @saved_sql_mode */ ;
/*!50003 SET character_set_client  = @saved_cs_client */ ;
/*!50003 SET character_set_results = @saved_cs_results */ ;
/*!50003 SET collation_connection  = @saved_col_connection */ ;
/*!50003 DROP PROCEDURE IF EXISTS `getScheduleBySyIdGradeLevelIdAndStatus` */;
/*!50003 SET @saved_cs_client      = @@character_set_client */ ;
/*!50003 SET @saved_cs_results     = @@character_set_results */ ;
/*!50003 SET @saved_col_connection = @@collation_connection */ ;
/*!50003 SET character_set_client  = utf8 */ ;
/*!50003 SET character_set_results = utf8 */ ;
/*!50003 SET collation_connection  = utf8_general_ci */ ;
/*!50003 SET @saved_sql_mode       = @@sql_mode */ ;
/*!50003 SET sql_mode              = 'NO_ENGINE_SUBSTITUTION' */ ;
DELIMITER ;;
CREATE DEFINER=`root`@`localhost` PROCEDURE `getScheduleBySyIdGradeLevelIdAndStatus`(
aSchoolYearId INT, aGradeLevelId INT, aStatus INT
)
BEGIN

SELECT 
sched.schedule_id,
sched.schedule_day, sched.startTime, sched.endTime, 
sched.schoolyear_id, sy.yearFrom, sy.yearTo, sy.isCurrentSchoolYear, sy.isActive,
sched.subject_id, subj.title, subj.`code`, subj.isActive, 
sched.section_id, sec.sectionName, sec.isActive, 
sched.room_id, r.room_name_or_num, r.bldg_name_or_num, r.capacity, r.notes, r.`status`,
sched.gradelevel_id, gl.grade_level, gl.isActive, 
sched.faculty_id, f.lastName, f.firstName, f.middleName, f.contactNo, f.email, f.`status`,
sched.schedule_session,sched.isActive AS schedule_status
FROM schedule_mt sched
LEFT JOIN schoolyear_mt sy ON sched.schoolyear_id = sy.schoolyear_id
LEFT JOIN subject_mt subj ON sched.subject_id = subj.subject_id
LEFT JOIN section_mt sec ON sched.section_id = sec.section_id
LEFT JOIN room_mt r ON sched.room_id = r.room_id
LEFT JOIN gradelevel_mt gl ON sched.gradelevel_id = gl.gradelevel_id
LEFT JOIN faculty_mt f ON sched.faculty_id = f.faculty_id
WHERE sched.schoolyear_id = aSchoolYearId AND 
sched.gradelevel_id = aGradeLevelId AND
sched.isActive = aStatus;

END ;;
DELIMITER ;
/*!50003 SET sql_mode              = @saved_sql_mode */ ;
/*!50003 SET character_set_client  = @saved_cs_client */ ;
/*!50003 SET character_set_results = @saved_cs_results */ ;
/*!50003 SET collation_connection  = @saved_col_connection */ ;
/*!50003 DROP PROCEDURE IF EXISTS `getScheduleDayTimeRoomOf` */;
/*!50003 SET @saved_cs_client      = @@character_set_client */ ;
/*!50003 SET @saved_cs_results     = @@character_set_results */ ;
/*!50003 SET @saved_col_connection = @@collation_connection */ ;
/*!50003 SET character_set_client  = utf8 */ ;
/*!50003 SET character_set_results = utf8 */ ;
/*!50003 SET collation_connection  = utf8_general_ci */ ;
/*!50003 SET @saved_sql_mode       = @@sql_mode */ ;
/*!50003 SET sql_mode              = 'NO_ENGINE_SUBSTITUTION' */ ;
DELIMITER ;;
CREATE DEFINER=`root`@`localhost` PROCEDURE `getScheduleDayTimeRoomOf`(
aSubjectId INT, aSchoolYearId INT
)
BEGIN

SELECT smt.schedule_day,smt.startTime,smt.endTime,smt.room_id,r.*,
s.subject_id,s.title,s.`code` FROM schedule_mt smt
LEFT JOIN subject_mt s ON smt.subject_id = s.subject_id
LEFT JOIN room_mt r ON smt.room_id = smt.room_id
WHERE smt.subject_Id = aSubjectId AND smt.schoolyear_id = aSchoolYearId
GROUP BY smt.schedule_id;

END ;;
DELIMITER ;
/*!50003 SET sql_mode              = @saved_sql_mode */ ;
/*!50003 SET character_set_client  = @saved_cs_client */ ;
/*!50003 SET character_set_results = @saved_cs_results */ ;
/*!50003 SET collation_connection  = @saved_col_connection */ ;
/*!50003 DROP PROCEDURE IF EXISTS `getScheduleFacultyOf` */;
/*!50003 SET @saved_cs_client      = @@character_set_client */ ;
/*!50003 SET @saved_cs_results     = @@character_set_results */ ;
/*!50003 SET @saved_col_connection = @@collation_connection */ ;
/*!50003 SET character_set_client  = utf8 */ ;
/*!50003 SET character_set_results = utf8 */ ;
/*!50003 SET collation_connection  = utf8_general_ci */ ;
/*!50003 SET @saved_sql_mode       = @@sql_mode */ ;
/*!50003 SET sql_mode              = 'NO_ENGINE_SUBSTITUTION' */ ;
DELIMITER ;;
CREATE DEFINER=`root`@`localhost` PROCEDURE `getScheduleFacultyOf`(
aSubjectId INT, aSchoolYearId INT
)
BEGIN

SELECT f.*,smt.subject_id,s.subject_id,s.title,s.`code` FROM faculty_mt f LEFT JOIN
schedule_mt smt ON f.faculty_id = smt.faculty_id
LEFT JOIN subject_mt s ON smt.subject_Id = s.subject_id
WHERE smt.subject_id = aSubjectId AND smt.schoolyear_id = aSchoolYearId
GROUP BY f.faculty_id;

END ;;
DELIMITER ;
/*!50003 SET sql_mode              = @saved_sql_mode */ ;
/*!50003 SET character_set_client  = @saved_cs_client */ ;
/*!50003 SET character_set_results = @saved_cs_results */ ;
/*!50003 SET collation_connection  = @saved_col_connection */ ;
/*!50003 DROP PROCEDURE IF EXISTS `getScheduleForCOROf` */;
/*!50003 SET @saved_cs_client      = @@character_set_client */ ;
/*!50003 SET @saved_cs_results     = @@character_set_results */ ;
/*!50003 SET @saved_col_connection = @@collation_connection */ ;
/*!50003 SET character_set_client  = utf8 */ ;
/*!50003 SET character_set_results = utf8 */ ;
/*!50003 SET collation_connection  = utf8_general_ci */ ;
/*!50003 SET @saved_sql_mode       = @@sql_mode */ ;
/*!50003 SET sql_mode              = 'NO_ENGINE_SUBSTITUTION' */ ;
DELIMITER ;;
CREATE DEFINER=`root`@`localhost` PROCEDURE `getScheduleForCOROf`(aStudentId INT, aSchoolYearId INT)
BEGIN

SELECT * FROM section_student ss
LEFT JOIN schedule_mt scmt ON ss.section_id = scmt.section_id
LEFT JOIN section_mt smt ON scmt.section_id = smt.section_id
LEFT JOIN section_settings_lt sslt ON smt.section_id = sslt.section_id
LEFT JOIN subject_mt sbmt ON scmt.subject_id = sbmt.subject_id
LEFT JOIN faculty_mt f ON scmt.faculty_id = f.faculty_id
LEFT JOIN room_mt r ON scmt.room_id = r.room_id
WHERE ss.student_id = aStudentId AND ss.schoolyear_id = aSchoolYearId;

END ;;
DELIMITER ;
/*!50003 SET sql_mode              = @saved_sql_mode */ ;
/*!50003 SET character_set_client  = @saved_cs_client */ ;
/*!50003 SET character_set_results = @saved_cs_results */ ;
/*!50003 SET collation_connection  = @saved_col_connection */ ;
/*!50003 DROP PROCEDURE IF EXISTS `getSchedulesByDaySchoolYearAndStatus` */;
/*!50003 SET @saved_cs_client      = @@character_set_client */ ;
/*!50003 SET @saved_cs_results     = @@character_set_results */ ;
/*!50003 SET @saved_col_connection = @@collation_connection */ ;
/*!50003 SET character_set_client  = utf8 */ ;
/*!50003 SET character_set_results = utf8 */ ;
/*!50003 SET collation_connection  = utf8_general_ci */ ;
/*!50003 SET @saved_sql_mode       = @@sql_mode */ ;
/*!50003 SET sql_mode              = 'NO_ENGINE_SUBSTITUTION' */ ;
DELIMITER ;;
CREATE DEFINER=`root`@`localhost` PROCEDURE `getSchedulesByDaySchoolYearAndStatus`(
aDay VARCHAR(2), aSchoolYearId INT, aStatus INT
)
BEGIN

SELECT 
sched.schedule_id,
sched.schedule_day, sched.startTime, sched.endTime, 
sched.schoolyear_id, sy.yearFrom, sy.yearTo, sy.isCurrentSchoolYear, sy.isActive,
sched.subject_id, subj.title, subj.`code`, subj.isActive, 
sched.section_id, sec.sectionName, sec.isActive, 
sched.room_id, r.room_name_or_num, r.bldg_name_or_num, r.capacity, r.notes, r.`status`,
sched.gradelevel_id, gl.grade_level, gl.isActive, 
sched.faculty_id, f.lastName, f.firstName, f.middleName, f.contactNo, f.email, f.`status`,
sched.schedule_session,sched.isActive AS schedule_status
FROM schedule_mt sched
LEFT JOIN schoolyear_mt sy ON sched.schoolyear_id = sy.schoolyear_id
LEFT JOIN subject_mt subj ON sched.subject_id = subj.subject_id
LEFT JOIN section_mt sec ON sched.section_id = sec.section_id
LEFT JOIN room_mt r ON sched.room_id = r.room_id
LEFT JOIN gradelevel_mt gl ON sched.gradelevel_id = gl.gradelevel_id
LEFT JOIN faculty_mt f ON sched.faculty_id = f.faculty_id

WHERE
sched.schedule_day = aDay 
AND
sched.schoolyear_id = aSchoolYearId AND sched.isActive = aStatus;

END ;;
DELIMITER ;
/*!50003 SET sql_mode              = @saved_sql_mode */ ;
/*!50003 SET character_set_client  = @saved_cs_client */ ;
/*!50003 SET character_set_results = @saved_cs_results */ ;
/*!50003 SET collation_connection  = @saved_col_connection */ ;
/*!50003 DROP PROCEDURE IF EXISTS `getSchedulesByGradeLevel` */;
/*!50003 SET @saved_cs_client      = @@character_set_client */ ;
/*!50003 SET @saved_cs_results     = @@character_set_results */ ;
/*!50003 SET @saved_col_connection = @@collation_connection */ ;
/*!50003 SET character_set_client  = utf8 */ ;
/*!50003 SET character_set_results = utf8 */ ;
/*!50003 SET collation_connection  = utf8_general_ci */ ;
/*!50003 SET @saved_sql_mode       = @@sql_mode */ ;
/*!50003 SET sql_mode              = 'NO_ENGINE_SUBSTITUTION' */ ;
DELIMITER ;;
CREATE DEFINER=`root`@`localhost` PROCEDURE `getSchedulesByGradeLevel`(aGradeLevelId INT)
BEGIN
SELECT 
    cs.startTime, cs.endTime, d.days,
    r.*,s.`name` AS subjectName,
    CONCAT(sy.yearFrom,'-',sy.yearTo) AS schoolYear,
    sec.sectionName,
    gl.`level` AS gradeLevel
    
    FROM classschedule cs
    INNER JOIN classschedule_hd cshd ON cs.id = cshd.classschedule_id
    INNER JOIN classschedule_section css ON cs.id = css.classschedule_id
    INNER JOIN daysofweek d ON cs.dayOfWeek_id = d.id
    INNER JOIN room r ON cs.room_id = r.id
    INNER JOIN `subjects` s ON cs.subject_id = s.id
    INNER JOIN gradelevel gl ON css.gradelevel_id = gl.id
    INNER JOIN section sec ON css.section_id = sec.id
    INNER JOIN schoolyear sy ON css.schoolyear_id = sy.id
    
    WHERE css.gradelevel_id = aGradeLevelId;
END ;;
DELIMITER ;
/*!50003 SET sql_mode              = @saved_sql_mode */ ;
/*!50003 SET character_set_client  = @saved_cs_client */ ;
/*!50003 SET character_set_results = @saved_cs_results */ ;
/*!50003 SET collation_connection  = @saved_col_connection */ ;
/*!50003 DROP PROCEDURE IF EXISTS `getSchedulesBySectionIdAndSyId` */;
/*!50003 SET @saved_cs_client      = @@character_set_client */ ;
/*!50003 SET @saved_cs_results     = @@character_set_results */ ;
/*!50003 SET @saved_col_connection = @@collation_connection */ ;
/*!50003 SET character_set_client  = utf8 */ ;
/*!50003 SET character_set_results = utf8 */ ;
/*!50003 SET collation_connection  = utf8_general_ci */ ;
/*!50003 SET @saved_sql_mode       = @@sql_mode */ ;
/*!50003 SET sql_mode              = 'NO_ENGINE_SUBSTITUTION' */ ;
DELIMITER ;;
CREATE DEFINER=`root`@`localhost` PROCEDURE `getSchedulesBySectionIdAndSyId`(
aSectionId INT, aSchoolYearId INT
)
BEGIN

SELECT 
sched.schedule_id,
sched.schedule_day, sched.startTime, sched.endTime, 
sched.schoolyear_id, sy.yearFrom, sy.yearTo, sy.isCurrentSchoolYear, sy.isActive,
sched.subject_id, subj.title, subj.`code`, subj.isActive, 
sched.section_id, sec.sectionName, sec.isActive, 
sched.room_id, r.room_name_or_num, r.bldg_name_or_num, r.capacity, r.notes, r.`status`,
sched.gradelevel_id, gl.grade_level, gl.isActive, 
sched.faculty_id, f.lastName, f.firstName, f.middleName, f.contactNo, f.email, f.`status`,
sched.schedule_session,sched.isActive AS schedule_status
FROM schedule_mt sched
LEFT JOIN schoolyear_mt sy ON sched.schoolyear_id = sy.schoolyear_id
LEFT JOIN subject_mt subj ON sched.subject_id = subj.subject_id
LEFT JOIN section_mt sec ON sched.section_id = sec.section_id
LEFT JOIN room_mt r ON sched.room_id = r.room_id
LEFT JOIN gradelevel_mt gl ON sched.gradelevel_id = gl.gradelevel_id
LEFT JOIN faculty_mt f ON sched.faculty_id = f.faculty_id
WHERE sched.schoolyear_id = aSchoolYearId AND
sched.section_id = aSectionId;

END ;;
DELIMITER ;
/*!50003 SET sql_mode              = @saved_sql_mode */ ;
/*!50003 SET character_set_client  = @saved_cs_client */ ;
/*!50003 SET character_set_results = @saved_cs_results */ ;
/*!50003 SET collation_connection  = @saved_col_connection */ ;
/*!50003 DROP PROCEDURE IF EXISTS `getSchedulesBySyIdGradeLevelIdAndStatus` */;
/*!50003 SET @saved_cs_client      = @@character_set_client */ ;
/*!50003 SET @saved_cs_results     = @@character_set_results */ ;
/*!50003 SET @saved_col_connection = @@collation_connection */ ;
/*!50003 SET character_set_client  = utf8 */ ;
/*!50003 SET character_set_results = utf8 */ ;
/*!50003 SET collation_connection  = utf8_general_ci */ ;
/*!50003 SET @saved_sql_mode       = @@sql_mode */ ;
/*!50003 SET sql_mode              = 'NO_ENGINE_SUBSTITUTION' */ ;
DELIMITER ;;
CREATE DEFINER=`root`@`localhost` PROCEDURE `getSchedulesBySyIdGradeLevelIdAndStatus`(
aSchoolYearId INT, aGradeLevelId INT, aStatus INT
)
BEGIN

SELECT 
sched.schedule_id,
sched.schedule_day, sched.startTime, sched.endTime, 
sched.schoolyear_id, sy.yearFrom, sy.yearTo, sy.isCurrentSchoolYear, sy.isActive,
sched.subject_id, subj.title, subj.`code`, subj.isActive, 
sched.section_id, sec.sectionName, sec.isActive, 
sched.room_id, r.room_name_or_num, r.bldg_name_or_num, r.capacity, r.notes, r.`status`,
sched.gradelevel_id, gl.grade_level, gl.isActive, 
sched.faculty_id, f.lastName, f.firstName, f.middleName, f.contactNo, f.email, f.`status`,
sched.schedule_session,sched.isActive AS schedule_status
FROM schedule_mt sched
LEFT JOIN schoolyear_mt sy ON sched.schoolyear_id = sy.schoolyear_id
LEFT JOIN subject_mt subj ON sched.subject_id = subj.subject_id
LEFT JOIN section_mt sec ON sched.section_id = sec.section_id
LEFT JOIN room_mt r ON sched.room_id = r.room_id
LEFT JOIN gradelevel_mt gl ON sched.gradelevel_id = gl.gradelevel_id
LEFT JOIN faculty_mt f ON sched.faculty_id = f.faculty_id
WHERE sched.schoolyear_id = aSchoolYearId AND 
sched.gradelevel_id = aGradeLevelId AND
sched.isActive = aStatus;

END ;;
DELIMITER ;
/*!50003 SET sql_mode              = @saved_sql_mode */ ;
/*!50003 SET character_set_client  = @saved_cs_client */ ;
/*!50003 SET character_set_results = @saved_cs_results */ ;
/*!50003 SET collation_connection  = @saved_col_connection */ ;
/*!50003 DROP PROCEDURE IF EXISTS `getSchedulesByWildCardSchoolYearIdAndStatus` */;
/*!50003 SET @saved_cs_client      = @@character_set_client */ ;
/*!50003 SET @saved_cs_results     = @@character_set_results */ ;
/*!50003 SET @saved_col_connection = @@collation_connection */ ;
/*!50003 SET character_set_client  = utf8 */ ;
/*!50003 SET character_set_results = utf8 */ ;
/*!50003 SET collation_connection  = utf8_general_ci */ ;
/*!50003 SET @saved_sql_mode       = @@sql_mode */ ;
/*!50003 SET sql_mode              = 'NO_ENGINE_SUBSTITUTION' */ ;
DELIMITER ;;
CREATE DEFINER=`root`@`localhost` PROCEDURE `getSchedulesByWildCardSchoolYearIdAndStatus`(
aWildCardChar VARCHAR(255), 
aSchoolYearId INT, 
aStatus INT
)
BEGIN

SELECT 
sched.schedule_id,
sched.schedule_day, sched.startTime, sched.endTime, 
sched.schoolyear_id, sy.yearFrom, sy.yearTo, sy.isCurrentSchoolYear, sy.isActive,
sched.subject_id, subj.title, subj.`code`, subj.isActive, 
sched.section_id, sec.sectionName, sec.isActive, 
sched.room_id, r.room_name_or_num, r.bldg_name_or_num, r.capacity, r.notes, r.`status`,
sched.gradelevel_id, gl.grade_level, gl.isActive, 
sched.faculty_id, f.lastName, f.firstName, f.middleName, f.contactNo, f.email, f.`status`,
sched.schedule_session,sched.isActive AS schedule_status
FROM schedule_mt sched
LEFT JOIN schoolyear_mt sy ON sched.schoolyear_id = sy.schoolyear_id
LEFT JOIN subject_mt subj ON sched.subject_id = subj.subject_id
LEFT JOIN section_mt sec ON sched.section_id = sec.section_id
LEFT JOIN room_mt r ON sched.room_id = r.room_id
LEFT JOIN gradelevel_mt gl ON sched.gradelevel_id = gl.gradelevel_id
LEFT JOIN faculty_mt f ON sched.faculty_id = f.faculty_id

WHERE
sched.schedule_day LIKE CONCAT('%',aWildCardChar,'%') OR
sec.sectionName LIKE CONCAT('%',aWildCardChar,'%') OR 
subj.title LIKE CONCAT('%',aWildCardChar,'%') OR
subj.`code` LIKE CONCAT('%',aWildCardChar,'%') OR 
gl.grade_level LIKE CONCAT('%',aWildCardChar,'%') OR
f.lastName LIKE CONCAT('%',aWildCardChar,'%') OR
f.firstName LIKE CONCAT('%',aWildCardChar,'%') OR
f.middleName LIKE CONCAT('%',aWildCardChar,'%')
AND
sched.schoolyear_id = aSchoolYearId AND sched.isActive = aStatus;

END ;;
DELIMITER ;
/*!50003 SET sql_mode              = @saved_sql_mode */ ;
/*!50003 SET character_set_client  = @saved_cs_client */ ;
/*!50003 SET character_set_results = @saved_cs_results */ ;
/*!50003 SET collation_connection  = @saved_col_connection */ ;
/*!50003 DROP PROCEDURE IF EXISTS `getSchoolFeesSum` */;
/*!50003 SET @saved_cs_client      = @@character_set_client */ ;
/*!50003 SET @saved_cs_results     = @@character_set_results */ ;
/*!50003 SET @saved_col_connection = @@collation_connection */ ;
/*!50003 SET character_set_client  = utf8 */ ;
/*!50003 SET character_set_results = utf8 */ ;
/*!50003 SET collation_connection  = utf8_general_ci */ ;
/*!50003 SET @saved_sql_mode       = @@sql_mode */ ;
/*!50003 SET sql_mode              = 'NO_ENGINE_SUBSTITUTION' */ ;
DELIMITER ;;
CREATE DEFINER=`root`@`localhost` PROCEDURE `getSchoolFeesSum`(aGradeLevelId INT)
BEGIN

SELECT SUM(fslt.fee_amount) AS sumOfFees
FROM fee_schoolyear_lt fslt
INNER JOIN fee_mt fmt ON fslt.fee_id = fmt.fee_id 
WHERE fmt.fee_name <> 'Downpayment' AND
fslt.gradelevel_id = aGradeLevelId;

END ;;
DELIMITER ;
/*!50003 SET sql_mode              = @saved_sql_mode */ ;
/*!50003 SET character_set_client  = @saved_cs_client */ ;
/*!50003 SET character_set_results = @saved_cs_results */ ;
/*!50003 SET collation_connection  = @saved_col_connection */ ;
/*!50003 DROP PROCEDURE IF EXISTS `getSchoolYearById` */;
/*!50003 SET @saved_cs_client      = @@character_set_client */ ;
/*!50003 SET @saved_cs_results     = @@character_set_results */ ;
/*!50003 SET @saved_col_connection = @@collation_connection */ ;
/*!50003 SET character_set_client  = utf8 */ ;
/*!50003 SET character_set_results = utf8 */ ;
/*!50003 SET collation_connection  = utf8_general_ci */ ;
/*!50003 SET @saved_sql_mode       = @@sql_mode */ ;
/*!50003 SET sql_mode              = 'NO_ENGINE_SUBSTITUTION' */ ;
DELIMITER ;;
CREATE DEFINER=`root`@`localhost` PROCEDURE `getSchoolYearById`(schoolYearId INT)
BEGIN

SELECT sy.*,
(SELECT start_date FROM schoolyear_quarter_lt WHERE schoolyear_id = sy.schoolyear_id AND quarter_no = 1) AS Q1Start,
(SELECT end_date FROM schoolyear_quarter_lt WHERE schoolyear_id = sy.schoolyear_id AND quarter_no = 1) AS Q1End,
(SELECT grading_open_date FROM schoolyear_quarter_lt WHERE schoolyear_id = sy.schoolyear_id AND quarter_no = 1) AS Q1GradingOpenDate,
(SELECT grading_due_date FROM schoolyear_quarter_lt WHERE schoolyear_id = sy.schoolyear_id AND quarter_no = 1) AS Q1GradingDueDate,

(SELECT start_date FROM schoolyear_quarter_lt WHERE schoolyear_id = sy.schoolyear_id AND quarter_no = 2) AS Q2Start ,
(SELECT end_date FROM schoolyear_quarter_lt WHERE schoolyear_id = sy.schoolyear_id AND quarter_no = 2) AS Q2End ,
(SELECT grading_open_date FROM schoolyear_quarter_lt WHERE schoolyear_id = sy.schoolyear_id AND quarter_no = 2) AS Q2GradingOpenDate,
(SELECT grading_due_date FROM schoolyear_quarter_lt WHERE schoolyear_id = sy.schoolyear_id AND quarter_no = 2) AS Q2GradingDueDate,

(SELECT start_date FROM schoolyear_quarter_lt WHERE schoolyear_id = sy.schoolyear_id AND quarter_no = 3) AS Q3Start ,
(SELECT end_date FROM schoolyear_quarter_lt WHERE schoolyear_id = sy.schoolyear_id AND quarter_no = 3) AS Q3End,
(SELECT grading_open_date FROM schoolyear_quarter_lt WHERE schoolyear_id = sy.schoolyear_id AND quarter_no = 3) AS Q3GradingOpenDate,
(SELECT grading_due_date FROM schoolyear_quarter_lt WHERE schoolyear_id = sy.schoolyear_id AND quarter_no = 3) AS Q3GradingDueDate,

(SELECT start_date FROM schoolyear_quarter_lt WHERE schoolyear_id = sy.schoolyear_id AND quarter_no = 4) AS Q4Start ,
(SELECT end_date FROM schoolyear_quarter_lt WHERE schoolyear_id = sy.schoolyear_id AND quarter_no = 4) AS Q4End,
(SELECT grading_open_date FROM schoolyear_quarter_lt WHERE schoolyear_id = sy.schoolyear_id AND quarter_no = 4) AS Q4GradingOpenDate,
(SELECT grading_due_date FROM schoolyear_quarter_lt WHERE schoolyear_id = sy.schoolyear_id AND quarter_no = 4) AS Q4GradingDueDate,
DATEDIFF(sy.end_date,sy.start_date) AS totalSchoolDays      
FROM
schoolyear_mt sy
INNER JOIN schoolyear_quarter_lt syq ON sy.schoolyear_id = syq.schoolyear_id
WHERE sy.schoolyear_id = schoolYearId
GROUP BY sy.schoolyear_id ORDER BY sy.yearFrom ASC;

END ;;
DELIMITER ;
/*!50003 SET sql_mode              = @saved_sql_mode */ ;
/*!50003 SET character_set_client  = @saved_cs_client */ ;
/*!50003 SET character_set_results = @saved_cs_results */ ;
/*!50003 SET collation_connection  = @saved_col_connection */ ;
/*!50003 DROP PROCEDURE IF EXISTS `getSchoolYearId` */;
/*!50003 SET @saved_cs_client      = @@character_set_client */ ;
/*!50003 SET @saved_cs_results     = @@character_set_results */ ;
/*!50003 SET @saved_col_connection = @@collation_connection */ ;
/*!50003 SET character_set_client  = utf8 */ ;
/*!50003 SET character_set_results = utf8 */ ;
/*!50003 SET collation_connection  = utf8_general_ci */ ;
/*!50003 SET @saved_sql_mode       = @@sql_mode */ ;
/*!50003 SET sql_mode              = 'NO_ENGINE_SUBSTITUTION' */ ;
DELIMITER ;;
CREATE DEFINER=`root`@`localhost` PROCEDURE `getSchoolYearId`(IN aYearFrom INT, aYearTo INT)
BEGIN
	SELECT schoolyear_id FROM schoolyear_mt 
    WHERE 	yearFrom = aYearFrom  AND
			yearTo = aYearTo;
END ;;
DELIMITER ;
/*!50003 SET sql_mode              = @saved_sql_mode */ ;
/*!50003 SET character_set_client  = @saved_cs_client */ ;
/*!50003 SET character_set_results = @saved_cs_results */ ;
/*!50003 SET collation_connection  = @saved_col_connection */ ;
/*!50003 DROP PROCEDURE IF EXISTS `getSchoolYearIdByYearFrom` */;
/*!50003 SET @saved_cs_client      = @@character_set_client */ ;
/*!50003 SET @saved_cs_results     = @@character_set_results */ ;
/*!50003 SET @saved_col_connection = @@collation_connection */ ;
/*!50003 SET character_set_client  = utf8 */ ;
/*!50003 SET character_set_results = utf8 */ ;
/*!50003 SET collation_connection  = utf8_general_ci */ ;
/*!50003 SET @saved_sql_mode       = @@sql_mode */ ;
/*!50003 SET sql_mode              = 'NO_ENGINE_SUBSTITUTION' */ ;
DELIMITER ;;
CREATE DEFINER=`root`@`localhost` PROCEDURE `getSchoolYearIdByYearFrom`(IN aSchoolYearFrom INT)
BEGIN
	SELECT schoolyear_id FROM schoolyear_mt WHERE yearFrom = aSchoolYearFrom;
END ;;
DELIMITER ;
/*!50003 SET sql_mode              = @saved_sql_mode */ ;
/*!50003 SET character_set_client  = @saved_cs_client */ ;
/*!50003 SET character_set_results = @saved_cs_results */ ;
/*!50003 SET collation_connection  = @saved_col_connection */ ;
/*!50003 DROP PROCEDURE IF EXISTS `getSchoolYearsWithPenalty` */;
/*!50003 SET @saved_cs_client      = @@character_set_client */ ;
/*!50003 SET @saved_cs_results     = @@character_set_results */ ;
/*!50003 SET @saved_col_connection = @@collation_connection */ ;
/*!50003 SET character_set_client  = utf8 */ ;
/*!50003 SET character_set_results = utf8 */ ;
/*!50003 SET collation_connection  = utf8_general_ci */ ;
/*!50003 SET @saved_sql_mode       = @@sql_mode */ ;
/*!50003 SET sql_mode              = 'NO_ENGINE_SUBSTITUTION' */ ;
DELIMITER ;;
CREATE DEFINER=`root`@`localhost` PROCEDURE `getSchoolYearsWithPenalty`()
BEGIN

SELECT sy.* FROM paymentterm_penalty ptp
INNER JOIN schoolyear_mt sy ON ptp.schoolyear_id = sy.schoolyear_id
GROUP BY yearFrom, ptp.schoolyear_id ASC;


END ;;
DELIMITER ;
/*!50003 SET sql_mode              = @saved_sql_mode */ ;
/*!50003 SET character_set_client  = @saved_cs_client */ ;
/*!50003 SET character_set_results = @saved_cs_results */ ;
/*!50003 SET collation_connection  = @saved_col_connection */ ;
/*!50003 DROP PROCEDURE IF EXISTS `getSchoolYearsWithTuitionBalanceFor` */;
/*!50003 SET @saved_cs_client      = @@character_set_client */ ;
/*!50003 SET @saved_cs_results     = @@character_set_results */ ;
/*!50003 SET @saved_col_connection = @@collation_connection */ ;
/*!50003 SET character_set_client  = utf8 */ ;
/*!50003 SET character_set_results = utf8 */ ;
/*!50003 SET collation_connection  = utf8_general_ci */ ;
/*!50003 SET @saved_sql_mode       = @@sql_mode */ ;
/*!50003 SET sql_mode              = 'NO_ENGINE_SUBSTITUTION' */ ;
DELIMITER ;;
CREATE DEFINER=`root`@`localhost` PROCEDURE `getSchoolYearsWithTuitionBalanceFor`(aStudentId INT)
BEGIN

DECLARE tuitionTotal DECIMAL(10,2);
DECLARE totalPaid DECIMAL(10,2);
DECLARE hasTuitionBalance BOOLEAN;

SELECT SUM(b.balancebreakdown_amount) INTO tuitionTotal FROM balancebreakdown b WHERE b.student_id = aStudentId;
SELECT SUM(t.amount_charged) INTO totalPaid FROM transaction_mt t WHERE t.student_id = aStudentId;

IF (tuitionTotal - totalPaid) > 0 THEN 
SELECT 1 INTO hasTuitionBalance; 
ELSE SELECT 0 INTO hasTuitionBalance;
END IF;

SELECT sy.* FROM schoolyear_mt sy WHERE schoolyear_id IN
(SELECT bb.schoolyear_id FROM balancebreakdown bb WHERE bb.student_id = aStudentId AND hasTuitionBalance = 1);



/*
SELECT sy.* FROM schoolyear_mt sy WHERE schoolyear_id IN
(SELECT bb.schoolyear_id FROM balancebreakdown bb WHERE bb.student_id = aStudentId AND 
	(
	SELECT 
	CASE WHEN 
	((SELECT SUM(b.balancebreakdown_amount) FROM balancebreakdown b
	WHERE b.student_id = aStudentId) -
	(SELECT SUM(t.amount_charged) FROM transaction_mt t INNER JOIN transaction_balancebreakdown tb ON t.transaction_id = tb.transaction_id
	INNER JOIN balancebreakdown bb ON tb.balancebreakdown_id = bb.balancebreakdown_id WHERE bb.student_id = aStudentId) ) > 0
	THEN 1 ELSE 0 END As hasTuitionBalance
	) = 1
);
*/

END ;;
DELIMITER ;
/*!50003 SET sql_mode              = @saved_sql_mode */ ;
/*!50003 SET character_set_client  = @saved_cs_client */ ;
/*!50003 SET character_set_results = @saved_cs_results */ ;
/*!50003 SET collation_connection  = @saved_col_connection */ ;
/*!50003 DROP PROCEDURE IF EXISTS `getSchoolYearWithTuitionBalanceFor` */;
/*!50003 SET @saved_cs_client      = @@character_set_client */ ;
/*!50003 SET @saved_cs_results     = @@character_set_results */ ;
/*!50003 SET @saved_col_connection = @@collation_connection */ ;
/*!50003 SET character_set_client  = utf8 */ ;
/*!50003 SET character_set_results = utf8 */ ;
/*!50003 SET collation_connection  = utf8_general_ci */ ;
/*!50003 SET @saved_sql_mode       = @@sql_mode */ ;
/*!50003 SET sql_mode              = 'NO_ENGINE_SUBSTITUTION' */ ;
DELIMITER ;;
CREATE DEFINER=`root`@`localhost` PROCEDURE `getSchoolYearWithTuitionBalanceFor`(aStudentId INT)
BEGIN


DECLARE tuitionTotal DECIMAL(10,2);
DECLARE totalPaid DECIMAL(10,2);
DECLARE hasTuitionBalance BOOLEAN;

SELECT SUM(b.balancebreakdown_amount) INTO tuitionTotal FROM balancebreakdown b WHERE b.student_id = aStudentId;
SELECT SUM(t.amount_charged) INTO totalPaid FROM transaction_mt t WHERE t.student_id = aStudentId;

IF (tuitionTotal - totalPaid) > 0 THEN 
SELECT 1 INTO hasTuitionBalance; 
ELSE SELECT 0 INTO hasTuitionBalance;
END IF;

SELECT sy.* FROM schoolyear_mt sy WHERE schoolyear_id IN
(SELECT bb.schoolyear_id FROM balancebreakdown bb WHERE bb.student_id = aStudentId AND hasTuitionBalance = 1);

END ;;
DELIMITER ;
/*!50003 SET sql_mode              = @saved_sql_mode */ ;
/*!50003 SET character_set_client  = @saved_cs_client */ ;
/*!50003 SET character_set_results = @saved_cs_results */ ;
/*!50003 SET collation_connection  = @saved_col_connection */ ;
/*!50003 DROP PROCEDURE IF EXISTS `getSectionAverageBySectionId` */;
/*!50003 SET @saved_cs_client      = @@character_set_client */ ;
/*!50003 SET @saved_cs_results     = @@character_set_results */ ;
/*!50003 SET @saved_col_connection = @@collation_connection */ ;
/*!50003 SET character_set_client  = utf8 */ ;
/*!50003 SET character_set_results = utf8 */ ;
/*!50003 SET collation_connection  = utf8_general_ci */ ;
/*!50003 SET @saved_sql_mode       = @@sql_mode */ ;
/*!50003 SET sql_mode              = 'NO_ENGINE_SUBSTITUTION' */ ;
DELIMITER ;;
CREATE DEFINER=`root`@`localhost` PROCEDURE `getSectionAverageBySectionId`(IN pIN_sectionId INT)
BEGIN 

	SELECT requiredAverage FROM section_settings_lt
	WHERE section_settings_lt.section_id = pIN_sectionId;

END ;;
DELIMITER ;
/*!50003 SET sql_mode              = @saved_sql_mode */ ;
/*!50003 SET character_set_client  = @saved_cs_client */ ;
/*!50003 SET character_set_results = @saved_cs_results */ ;
/*!50003 SET collation_connection  = @saved_col_connection */ ;
/*!50003 DROP PROCEDURE IF EXISTS `getSectionByGradeLevelId` */;
/*!50003 SET @saved_cs_client      = @@character_set_client */ ;
/*!50003 SET @saved_cs_results     = @@character_set_results */ ;
/*!50003 SET @saved_col_connection = @@collation_connection */ ;
/*!50003 SET character_set_client  = utf8 */ ;
/*!50003 SET character_set_results = utf8 */ ;
/*!50003 SET collation_connection  = utf8_general_ci */ ;
/*!50003 SET @saved_sql_mode       = @@sql_mode */ ;
/*!50003 SET sql_mode              = 'NO_ENGINE_SUBSTITUTION' */ ;
DELIMITER ;;
CREATE DEFINER=`root`@`localhost` PROCEDURE `getSectionByGradeLevelId`(aGradeLevelId INT)
BEGIN

	SELECT s.sectionName
    FROM section s
    INNER JOIN section_gradelevel sg ON s.section_id = sg.sectionId
    INNER JOIN gradelevel g ON sg.gradelevelId = g.gradelevel_id
    WHERE sg.gradelevelId = aGradeLevelId;

END ;;
DELIMITER ;
/*!50003 SET sql_mode              = @saved_sql_mode */ ;
/*!50003 SET character_set_client  = @saved_cs_client */ ;
/*!50003 SET character_set_results = @saved_cs_results */ ;
/*!50003 SET collation_connection  = @saved_col_connection */ ;
/*!50003 DROP PROCEDURE IF EXISTS `getSectionById` */;
/*!50003 SET @saved_cs_client      = @@character_set_client */ ;
/*!50003 SET @saved_cs_results     = @@character_set_results */ ;
/*!50003 SET @saved_col_connection = @@collation_connection */ ;
/*!50003 SET character_set_client  = utf8 */ ;
/*!50003 SET character_set_results = utf8 */ ;
/*!50003 SET collation_connection  = utf8_general_ci */ ;
/*!50003 SET @saved_sql_mode       = @@sql_mode */ ;
/*!50003 SET sql_mode              = 'NO_ENGINE_SUBSTITUTION' */ ;
DELIMITER ;;
CREATE DEFINER=`root`@`localhost` PROCEDURE `getSectionById`(sectionId INT)
BEGIN

SELECT s.*,sy.yearFrom,g.grade_level,sslt.`session`,sslt.capacity,
section_type,f.faculty_id,f.lastName,f.firstName,f.middleName
FROM section_mt s
INNER JOIN section_settings_lt sslt ON s.section_id = sslt.section_id
INNER JOIN faculty_mt f ON sslt.adviser_id = f.faculty_id
INNER JOIN schoolyear_mt sy ON sslt.schoolyear_id = sy.schoolyear_id
INNER JOIN gradelevel_mt g ON sslt.gradelevel_id = g.gradelevel_id
WHERE s.section_id = sectionId;

END ;;
DELIMITER ;
/*!50003 SET sql_mode              = @saved_sql_mode */ ;
/*!50003 SET character_set_client  = @saved_cs_client */ ;
/*!50003 SET character_set_results = @saved_cs_results */ ;
/*!50003 SET collation_connection  = @saved_col_connection */ ;
/*!50003 DROP PROCEDURE IF EXISTS `getSectionByStudentId` */;
/*!50003 SET @saved_cs_client      = @@character_set_client */ ;
/*!50003 SET @saved_cs_results     = @@character_set_results */ ;
/*!50003 SET @saved_col_connection = @@collation_connection */ ;
/*!50003 SET character_set_client  = utf8 */ ;
/*!50003 SET character_set_results = utf8 */ ;
/*!50003 SET collation_connection  = utf8_general_ci */ ;
/*!50003 SET @saved_sql_mode       = @@sql_mode */ ;
/*!50003 SET sql_mode              = 'NO_ENGINE_SUBSTITUTION' */ ;
DELIMITER ;;
CREATE DEFINER=`root`@`localhost` PROCEDURE `getSectionByStudentId`(aStudentId INT)
BEGIN

SELECT s.* FROM section_mt s
INNER JOIN section_student ss ON s.section_id = ss.section_id
WHERE student_id = aStudentId;

END ;;
DELIMITER ;
/*!50003 SET sql_mode              = @saved_sql_mode */ ;
/*!50003 SET character_set_client  = @saved_cs_client */ ;
/*!50003 SET character_set_results = @saved_cs_results */ ;
/*!50003 SET collation_connection  = @saved_col_connection */ ;
/*!50003 DROP PROCEDURE IF EXISTS `getSectionByStudentIdAndSchoolYear` */;
/*!50003 SET @saved_cs_client      = @@character_set_client */ ;
/*!50003 SET @saved_cs_results     = @@character_set_results */ ;
/*!50003 SET @saved_col_connection = @@collation_connection */ ;
/*!50003 SET character_set_client  = utf8 */ ;
/*!50003 SET character_set_results = utf8 */ ;
/*!50003 SET collation_connection  = utf8_general_ci */ ;
/*!50003 SET @saved_sql_mode       = @@sql_mode */ ;
/*!50003 SET sql_mode              = 'NO_ENGINE_SUBSTITUTION' */ ;
DELIMITER ;;
CREATE DEFINER=`root`@`localhost` PROCEDURE `getSectionByStudentIdAndSchoolYear`(
aStudentId INT, aSchoolYearId INT
)
BEGIN

SELECT sslt.*,g.gradelevel_id,g.grade_level,
s.*,f.*
FROM section_settings_lt sslt
LEFT JOIN faculty_mt f ON sslt.adviser_id = f.faculty_id
LEFT JOIN section_student ss ON sslt.section_id = ss.section_id
LEFT JOIN section_mt s ON sslt.section_id = s.section_id
LEFT JOIN gradelevel_mt g ON sslt.gradelevel_id = g.gradelevel_id
WHERE ss.student_id = aStudentId AND sslt.schoolyear_id = aSchoolYearId
GROUP BY ss.student_id;

END ;;
DELIMITER ;
/*!50003 SET sql_mode              = @saved_sql_mode */ ;
/*!50003 SET character_set_client  = @saved_cs_client */ ;
/*!50003 SET character_set_results = @saved_cs_results */ ;
/*!50003 SET collation_connection  = @saved_col_connection */ ;
/*!50003 DROP PROCEDURE IF EXISTS `getSectionCapacity` */;
/*!50003 SET @saved_cs_client      = @@character_set_client */ ;
/*!50003 SET @saved_cs_results     = @@character_set_results */ ;
/*!50003 SET @saved_col_connection = @@collation_connection */ ;
/*!50003 SET character_set_client  = utf8 */ ;
/*!50003 SET character_set_results = utf8 */ ;
/*!50003 SET collation_connection  = utf8_general_ci */ ;
/*!50003 SET @saved_sql_mode       = @@sql_mode */ ;
/*!50003 SET sql_mode              = 'NO_ENGINE_SUBSTITUTION' */ ;
DELIMITER ;;
CREATE DEFINER=`root`@`localhost` PROCEDURE `getSectionCapacity`(IN pIN_sectionName VARCHAR(150))
BEGIN
	SELECT capacity FROM section_settings_lt 
    INNER JOIN section_mt ON section_mt.section_id = section_settings_lt.section_id
    WHERE section_mt.sectionName = pIN_sectionName;
END ;;
DELIMITER ;
/*!50003 SET sql_mode              = @saved_sql_mode */ ;
/*!50003 SET character_set_client  = @saved_cs_client */ ;
/*!50003 SET character_set_results = @saved_cs_results */ ;
/*!50003 SET collation_connection  = @saved_col_connection */ ;
/*!50003 DROP PROCEDURE IF EXISTS `getSectionId` */;
/*!50003 SET @saved_cs_client      = @@character_set_client */ ;
/*!50003 SET @saved_cs_results     = @@character_set_results */ ;
/*!50003 SET @saved_col_connection = @@collation_connection */ ;
/*!50003 SET character_set_client  = utf8 */ ;
/*!50003 SET character_set_results = utf8 */ ;
/*!50003 SET collation_connection  = utf8_general_ci */ ;
/*!50003 SET @saved_sql_mode       = @@sql_mode */ ;
/*!50003 SET sql_mode              = 'NO_ENGINE_SUBSTITUTION' */ ;
DELIMITER ;;
CREATE DEFINER=`root`@`localhost` PROCEDURE `getSectionId`(aSectionName VARCHAR(50))
BEGIN
	SELECT s.section_id FROM section_mt s WHERE s.sectionName = aSectionName;
END ;;
DELIMITER ;
/*!50003 SET sql_mode              = @saved_sql_mode */ ;
/*!50003 SET character_set_client  = @saved_cs_client */ ;
/*!50003 SET character_set_results = @saved_cs_results */ ;
/*!50003 SET collation_connection  = @saved_col_connection */ ;
/*!50003 DROP PROCEDURE IF EXISTS `getSectionIdByName` */;
/*!50003 SET @saved_cs_client      = @@character_set_client */ ;
/*!50003 SET @saved_cs_results     = @@character_set_results */ ;
/*!50003 SET @saved_col_connection = @@collation_connection */ ;
/*!50003 SET character_set_client  = utf8 */ ;
/*!50003 SET character_set_results = utf8 */ ;
/*!50003 SET collation_connection  = utf8_general_ci */ ;
/*!50003 SET @saved_sql_mode       = @@sql_mode */ ;
/*!50003 SET sql_mode              = 'NO_ENGINE_SUBSTITUTION' */ ;
DELIMITER ;;
CREATE DEFINER=`root`@`localhost` PROCEDURE `getSectionIdByName`(IN pIN_sectionName VARCHAR(150))
BEGIN
	
    SELECT section_id FROM section_mt WHERE sectionName = pIN_sectionName;
    
END ;;
DELIMITER ;
/*!50003 SET sql_mode              = @saved_sql_mode */ ;
/*!50003 SET character_set_client  = @saved_cs_client */ ;
/*!50003 SET character_set_results = @saved_cs_results */ ;
/*!50003 SET collation_connection  = @saved_col_connection */ ;
/*!50003 DROP PROCEDURE IF EXISTS `getSectionOf` */;
/*!50003 SET @saved_cs_client      = @@character_set_client */ ;
/*!50003 SET @saved_cs_results     = @@character_set_results */ ;
/*!50003 SET @saved_col_connection = @@collation_connection */ ;
/*!50003 SET character_set_client  = utf8 */ ;
/*!50003 SET character_set_results = utf8 */ ;
/*!50003 SET collation_connection  = utf8_general_ci */ ;
/*!50003 SET @saved_sql_mode       = @@sql_mode */ ;
/*!50003 SET sql_mode              = 'NO_ENGINE_SUBSTITUTION' */ ;
DELIMITER ;;
CREATE DEFINER=`root`@`localhost` PROCEDURE `getSectionOf`(aStudentId INT, aSchoolYearId INT)
BEGIN

SELECT * FROM section_mt s LEFT JOIN section_student ss ON s.section_id = ss.section_id
WHERE student_id = aStudentId AND schoolyear_id = aSchoolYear_id;

END ;;
DELIMITER ;
/*!50003 SET sql_mode              = @saved_sql_mode */ ;
/*!50003 SET character_set_client  = @saved_cs_client */ ;
/*!50003 SET character_set_results = @saved_cs_results */ ;
/*!50003 SET collation_connection  = @saved_col_connection */ ;
/*!50003 DROP PROCEDURE IF EXISTS `getSectionsByGradeLevel` */;
/*!50003 SET @saved_cs_client      = @@character_set_client */ ;
/*!50003 SET @saved_cs_results     = @@character_set_results */ ;
/*!50003 SET @saved_col_connection = @@collation_connection */ ;
/*!50003 SET character_set_client  = utf8 */ ;
/*!50003 SET character_set_results = utf8 */ ;
/*!50003 SET collation_connection  = utf8_general_ci */ ;
/*!50003 SET @saved_sql_mode       = @@sql_mode */ ;
/*!50003 SET sql_mode              = 'NO_AUTO_CREATE_USER,NO_ENGINE_SUBSTITUTION' */ ;
DELIMITER ;;
CREATE DEFINER=`root`@`localhost` PROCEDURE `getSectionsByGradeLevel`(aGradeLevelId INT)
BEGIN

SELECT 
s.section_id,
s.sectionName,
s.isActive,
sslt.session_id,
ss.title,
sslt.capacity,
sslt.schoolyear_id,
sy.yearFrom,
sy.yearTo,
sslt.gradelevel_id,
gl.grade_level 
FROM section_mt s
INNER JOIN schoolyear_section_lt sslt ON s.section_id = sslt.section_id
INNER JOIN session_mt ss ON sslt.session_id = ss.session_id
INNER JOIN schoolyear_mt sy ON sslt.schoolyear_id = sy.schoolyear_id
INNER JOIN gradelevel_mt gl ON sslt.gradelevel_id = gl.gradelevel_id
WHERE sslt.gradelevel_id = aGradeLevelId;

END ;;
DELIMITER ;
/*!50003 SET sql_mode              = @saved_sql_mode */ ;
/*!50003 SET character_set_client  = @saved_cs_client */ ;
/*!50003 SET character_set_results = @saved_cs_results */ ;
/*!50003 SET collation_connection  = @saved_col_connection */ ;
/*!50003 DROP PROCEDURE IF EXISTS `getSectionsByGradeLevelNo` */;
/*!50003 SET @saved_cs_client      = @@character_set_client */ ;
/*!50003 SET @saved_cs_results     = @@character_set_results */ ;
/*!50003 SET @saved_col_connection = @@collation_connection */ ;
/*!50003 SET character_set_client  = utf8 */ ;
/*!50003 SET character_set_results = utf8 */ ;
/*!50003 SET collation_connection  = utf8_general_ci */ ;
/*!50003 SET @saved_sql_mode       = @@sql_mode */ ;
/*!50003 SET sql_mode              = 'NO_ENGINE_SUBSTITUTION' */ ;
DELIMITER ;;
CREATE DEFINER=`root`@`localhost` PROCEDURE `getSectionsByGradeLevelNo`(gradeLevelNo INT)
BEGIN

SELECT s.*,sy.yearFrom,g.grade_level,sslt.`session`,sslt.capacity,
f.faculty_id,f.lastName,f.firstName,f.middleName,sslt.section_type
FROM section_mt s
INNER JOIN section_settings_lt sslt ON s.section_id = sslt.section_id
INNER JOIN faculty_mt f ON sslt.adviser_id = f.faculty_id
INNER JOIN schoolyear_mt sy ON sslt.schoolyear_id = sy.schoolyear_id
INNER JOIN gradelevel_mt g ON sslt.gradelevel_id = g.gradelevel_id
WHERE g.grade_level = gradeLevelNo;

END ;;
DELIMITER ;
/*!50003 SET sql_mode              = @saved_sql_mode */ ;
/*!50003 SET character_set_client  = @saved_cs_client */ ;
/*!50003 SET character_set_results = @saved_cs_results */ ;
/*!50003 SET collation_connection  = @saved_col_connection */ ;
/*!50003 DROP PROCEDURE IF EXISTS `getSectionsByGradeLevelNoAndSchoolYearId` */;
/*!50003 SET @saved_cs_client      = @@character_set_client */ ;
/*!50003 SET @saved_cs_results     = @@character_set_results */ ;
/*!50003 SET @saved_col_connection = @@collation_connection */ ;
/*!50003 SET character_set_client  = utf8 */ ;
/*!50003 SET character_set_results = utf8 */ ;
/*!50003 SET collation_connection  = utf8_general_ci */ ;
/*!50003 SET @saved_sql_mode       = @@sql_mode */ ;
/*!50003 SET sql_mode              = 'NO_ENGINE_SUBSTITUTION' */ ;
DELIMITER ;;
CREATE DEFINER=`root`@`localhost` PROCEDURE `getSectionsByGradeLevelNoAndSchoolYearId`(gradeLevelNo INT, aSchoolYearId INT)
BEGIN

SELECT s.*,sy.yearFrom,g.grade_level,sslt.`session`,sslt.capacity,sslt.section_type,
f.faculty_id,f.lastName,f.firstName,f.middleName
FROM section_mt s
INNER JOIN section_settings_lt sslt ON s.section_id = sslt.section_id
INNER JOIN faculty_mt f ON sslt.adviser_id = f.faculty_id
INNER JOIN schoolyear_mt sy ON sslt.schoolyear_id = sy.schoolyear_id
INNER JOIN gradelevel_mt g ON sslt.gradelevel_id = g.gradelevel_id
WHERE g.grade_level = gradeLevelNo AND sslt.schoolyear_id = aSchoolYearId;

END ;;
DELIMITER ;
/*!50003 SET sql_mode              = @saved_sql_mode */ ;
/*!50003 SET character_set_client  = @saved_cs_client */ ;
/*!50003 SET character_set_results = @saved_cs_results */ ;
/*!50003 SET collation_connection  = @saved_col_connection */ ;
/*!50003 DROP PROCEDURE IF EXISTS `getSectionsByGradeLevelNoSectionTypeAndSchoolYear` */;
/*!50003 SET @saved_cs_client      = @@character_set_client */ ;
/*!50003 SET @saved_cs_results     = @@character_set_results */ ;
/*!50003 SET @saved_col_connection = @@collation_connection */ ;
/*!50003 SET character_set_client  = utf8 */ ;
/*!50003 SET character_set_results = utf8 */ ;
/*!50003 SET collation_connection  = utf8_general_ci */ ;
/*!50003 SET @saved_sql_mode       = @@sql_mode */ ;
/*!50003 SET sql_mode              = 'NO_ENGINE_SUBSTITUTION' */ ;
DELIMITER ;;
CREATE DEFINER=`root`@`localhost` PROCEDURE `getSectionsByGradeLevelNoSectionTypeAndSchoolYear`(
aGradeLevelNo INT, aSectionType VARCHAR(1), aSchoolYearId INT
)
BEGIN

SELECT s.*,sy.yearFrom,g.grade_level,sslt.`session`,sslt.capacity,sslt.section_type,
f.faculty_id,f.lastName,f.firstName,f.middleName
FROM section_mt s
INNER JOIN section_settings_lt sslt ON s.section_id = sslt.section_id
INNER JOIN faculty_mt f ON sslt.adviser_id = f.faculty_id
INNER JOIN schoolyear_mt sy ON sslt.schoolyear_id = sy.schoolyear_id
INNER JOIN gradelevel_mt g ON sslt.gradelevel_id = g.gradelevel_id
WHERE g.grade_level = aGradeLevelNo AND sslt.schoolyear_id = aSchoolYearId AND sslt.section_type = aSectionType;

END ;;
DELIMITER ;
/*!50003 SET sql_mode              = @saved_sql_mode */ ;
/*!50003 SET character_set_client  = @saved_cs_client */ ;
/*!50003 SET character_set_results = @saved_cs_results */ ;
/*!50003 SET collation_connection  = @saved_col_connection */ ;
/*!50003 DROP PROCEDURE IF EXISTS `getSectionsBySchoolYear` */;
/*!50003 SET @saved_cs_client      = @@character_set_client */ ;
/*!50003 SET @saved_cs_results     = @@character_set_results */ ;
/*!50003 SET @saved_col_connection = @@collation_connection */ ;
/*!50003 SET character_set_client  = utf8 */ ;
/*!50003 SET character_set_results = utf8 */ ;
/*!50003 SET collation_connection  = utf8_general_ci */ ;
/*!50003 SET @saved_sql_mode       = @@sql_mode */ ;
/*!50003 SET sql_mode              = 'NO_AUTO_CREATE_USER,NO_ENGINE_SUBSTITUTION' */ ;
DELIMITER ;;
CREATE DEFINER=`root`@`localhost` PROCEDURE `getSectionsBySchoolYear`(aSchoolYearId INT)
BEGIN

SELECT 
s.section_id,
s.sectionName,
s.isActive,
sslt.session_id,
ss.title,
sslt.capacity,
sslt.schoolyear_id,
sy.yearFrom,
sy.yearTo,
sslt.gradelevel_id,
gl.grade_level 
FROM section_mt s
INNER JOIN schoolyear_section_lt sslt ON s.section_id = sslt.section_id
INNER JOIN session_mt ss ON sslt.session_id = ss.session_id
INNER JOIN schoolyear_mt sy ON sslt.schoolyear_id = sy.schoolyear_id
INNER JOIN gradelevel_mt gl ON sslt.gradelevel_id = gl.gradelevel_id
WHERE sslt.schoolyear_id = aSchoolYearId;

END ;;
DELIMITER ;
/*!50003 SET sql_mode              = @saved_sql_mode */ ;
/*!50003 SET character_set_client  = @saved_cs_client */ ;
/*!50003 SET character_set_results = @saved_cs_results */ ;
/*!50003 SET collation_connection  = @saved_col_connection */ ;
/*!50003 DROP PROCEDURE IF EXISTS `getSectionsBySchoolYearAndGradeLevel` */;
/*!50003 SET @saved_cs_client      = @@character_set_client */ ;
/*!50003 SET @saved_cs_results     = @@character_set_results */ ;
/*!50003 SET @saved_col_connection = @@collation_connection */ ;
/*!50003 SET character_set_client  = utf8 */ ;
/*!50003 SET character_set_results = utf8 */ ;
/*!50003 SET collation_connection  = utf8_general_ci */ ;
/*!50003 SET @saved_sql_mode       = @@sql_mode */ ;
/*!50003 SET sql_mode              = 'NO_AUTO_CREATE_USER,NO_ENGINE_SUBSTITUTION' */ ;
DELIMITER ;;
CREATE DEFINER=`root`@`localhost` PROCEDURE `getSectionsBySchoolYearAndGradeLevel`(aSchoolYearId INT, aGradeLevelId INT)
BEGIN

SELECT 
s.section_id,
s.sectionName,
s.isActive,
sslt.session_id,
ss.title,
sslt.capacity,
sslt.schoolyear_id,
sy.yearFrom,
sy.yearTo,
sslt.gradelevel_id,
gl.grade_level 
FROM section_mt s
INNER JOIN schoolyear_section_lt sslt ON s.section_id = sslt.section_id
INNER JOIN session_mt ss ON sslt.session_id = ss.session_id
INNER JOIN schoolyear_mt sy ON sslt.schoolyear_id = sy.schoolyear_id
INNER JOIN gradelevel_mt gl ON sslt.gradelevel_id = gl.gradelevel_id
WHERE 
sslt.schoolyear_id = aSchoolYearId
AND
sslt.gradelevel_id = aGradeLevelId ;

END ;;
DELIMITER ;
/*!50003 SET sql_mode              = @saved_sql_mode */ ;
/*!50003 SET character_set_client  = @saved_cs_client */ ;
/*!50003 SET character_set_results = @saved_cs_results */ ;
/*!50003 SET collation_connection  = @saved_col_connection */ ;
/*!50003 DROP PROCEDURE IF EXISTS `getSectionsByWildCard` */;
/*!50003 SET @saved_cs_client      = @@character_set_client */ ;
/*!50003 SET @saved_cs_results     = @@character_set_results */ ;
/*!50003 SET @saved_col_connection = @@collation_connection */ ;
/*!50003 SET character_set_client  = utf8 */ ;
/*!50003 SET character_set_results = utf8 */ ;
/*!50003 SET collation_connection  = utf8_general_ci */ ;
/*!50003 SET @saved_sql_mode       = @@sql_mode */ ;
/*!50003 SET sql_mode              = 'NO_ENGINE_SUBSTITUTION' */ ;
DELIMITER ;;
CREATE DEFINER=`root`@`localhost` PROCEDURE `getSectionsByWildCard`(wildCardChar VARCHAR(255))
BEGIN

SELECT s.*,sy.yearFrom,g.grade_level,sslt.`session`,sslt.capacity,sslt.section_type,
f.faculty_id,f.lastName,f.firstName,f.middleName
FROM section_mt s
INNER JOIN section_settings_lt sslt ON s.section_id = sslt.section_id
INNER JOIN faculty_mt f ON sslt.adviser_id = f.faculty_id
INNER JOIN schoolyear_mt sy ON sslt.schoolyear_id = sy.schoolyear_id
INNER JOIN gradelevel_mt g ON sslt.gradelevel_id = g.gradelevel_id
WHERE 
s.section_id LIKE CONCAT('%',wildCardChar,'%') OR
s.sectionName LIKE CONCAT('%',wildCardChar,'%') OR 
sy.yearFrom = wildCardChar OR 
sslt.`session` = wildCardChar

ORDER BY g.grade_level;

END ;;
DELIMITER ;
/*!50003 SET sql_mode              = @saved_sql_mode */ ;
/*!50003 SET character_set_client  = @saved_cs_client */ ;
/*!50003 SET character_set_results = @saved_cs_results */ ;
/*!50003 SET collation_connection  = @saved_col_connection */ ;
/*!50003 DROP PROCEDURE IF EXISTS `getSectionSchoolYearId` */;
/*!50003 SET @saved_cs_client      = @@character_set_client */ ;
/*!50003 SET @saved_cs_results     = @@character_set_results */ ;
/*!50003 SET @saved_col_connection = @@collation_connection */ ;
/*!50003 SET character_set_client  = utf8 */ ;
/*!50003 SET character_set_results = utf8 */ ;
/*!50003 SET collation_connection  = utf8_general_ci */ ;
/*!50003 SET @saved_sql_mode       = @@sql_mode */ ;
/*!50003 SET sql_mode              = 'NO_ENGINE_SUBSTITUTION' */ ;
DELIMITER ;;
CREATE DEFINER=`root`@`localhost` PROCEDURE `getSectionSchoolYearId`(IN pIN_sectionName VARCHAR(150))
BEGIN
	
    SELECT section_settings_lt.schoolyear_id FROM section_mt
		INNER JOIN section_settings_lt ON section_settings_lt.section_id = section_mt.section_id
			WHERE section_mt.sectionName = pIN_sectionName;
    

END ;;
DELIMITER ;
/*!50003 SET sql_mode              = @saved_sql_mode */ ;
/*!50003 SET character_set_client  = @saved_cs_client */ ;
/*!50003 SET character_set_results = @saved_cs_results */ ;
/*!50003 SET collation_connection  = @saved_col_connection */ ;
/*!50003 DROP PROCEDURE IF EXISTS `getSectionsHandledByFacultyUsingFacultyIdAndSyId` */;
/*!50003 SET @saved_cs_client      = @@character_set_client */ ;
/*!50003 SET @saved_cs_results     = @@character_set_results */ ;
/*!50003 SET @saved_col_connection = @@collation_connection */ ;
/*!50003 SET character_set_client  = utf8 */ ;
/*!50003 SET character_set_results = utf8 */ ;
/*!50003 SET collation_connection  = utf8_general_ci */ ;
/*!50003 SET @saved_sql_mode       = @@sql_mode */ ;
/*!50003 SET sql_mode              = 'NO_ENGINE_SUBSTITUTION' */ ;
DELIMITER ;;
CREATE DEFINER=`root`@`localhost` PROCEDURE `getSectionsHandledByFacultyUsingFacultyIdAndSyId`(
aFacultyId INT, aSchoolYearId INT
)
BEGIN

SELECT sslt.*,g.*,f.*, smt.section_id,s.sectionName, s.isActive,s.date_created FROM 
schedule_mt smt LEFT JOIN section_mt s ON smt.section_id = s.section_id
LEFT JOIN section_settings_lt sslt ON s.section_id = sslt.section_id 
LEFT JOIN faculty_mt f ON sslt.adviser_id = f.faculty_id
LEFT JOIN gradelevel_mt g ON sslt.gradelevel_id = g.gradelevel_id
WHERE smt.faculty_id = aFacultyId AND smt.schoolyear_id = aSchoolYearId
GROUP BY smt.section_id;

END ;;
DELIMITER ;
/*!50003 SET sql_mode              = @saved_sql_mode */ ;
/*!50003 SET character_set_client  = @saved_cs_client */ ;
/*!50003 SET character_set_results = @saved_cs_results */ ;
/*!50003 SET collation_connection  = @saved_col_connection */ ;
/*!50003 DROP PROCEDURE IF EXISTS `getSectionStudents` */;
/*!50003 SET @saved_cs_client      = @@character_set_client */ ;
/*!50003 SET @saved_cs_results     = @@character_set_results */ ;
/*!50003 SET @saved_col_connection = @@collation_connection */ ;
/*!50003 SET character_set_client  = utf8 */ ;
/*!50003 SET character_set_results = utf8 */ ;
/*!50003 SET collation_connection  = utf8_general_ci */ ;
/*!50003 SET @saved_sql_mode       = @@sql_mode */ ;
/*!50003 SET sql_mode              = 'NO_ENGINE_SUBSTITUTION' */ ;
DELIMITER ;;
CREATE DEFINER=`root`@`localhost` PROCEDURE `getSectionStudents`(aSectionId VARCHAR(255), aSchoolYearId INT)
BEGIN
	SELECT std.*
    from
    section_student ss 
    INNER JOIN section s ON ss.section_id = s.section_id
    INNER JOIN students std ON ss.student_id = std.student_id
    INNER JOIN schoolyear sy ON ss.schoolyear_id = sy.id
    
    WHERE ss.section_id = aSectionId
    AND   ss.schoolyear_id = aSchoolYearId;
END ;;
DELIMITER ;
/*!50003 SET sql_mode              = @saved_sql_mode */ ;
/*!50003 SET character_set_client  = @saved_cs_client */ ;
/*!50003 SET character_set_results = @saved_cs_results */ ;
/*!50003 SET collation_connection  = @saved_col_connection */ ;
/*!50003 DROP PROCEDURE IF EXISTS `getSectionStudentsBySectionIdAndSchoolYearId` */;
/*!50003 SET @saved_cs_client      = @@character_set_client */ ;
/*!50003 SET @saved_cs_results     = @@character_set_results */ ;
/*!50003 SET @saved_col_connection = @@collation_connection */ ;
/*!50003 SET character_set_client  = utf8 */ ;
/*!50003 SET character_set_results = utf8 */ ;
/*!50003 SET collation_connection  = utf8_general_ci */ ;
/*!50003 SET @saved_sql_mode       = @@sql_mode */ ;
/*!50003 SET sql_mode              = 'NO_ENGINE_SUBSTITUTION' */ ;
DELIMITER ;;
CREATE DEFINER=`root`@`localhost` PROCEDURE `getSectionStudentsBySectionIdAndSchoolYearId`(aSectionId INT, aSchoolYearId INT)
BEGIN

SELECT *,s.student_type as finalStudentType, g.grade_level as currentGradeLevel 
FROM student_mt s 
LEFT JOIN admission_mt a ON s.admission_id = a.admission_id
LEFT JOIN registration_mt r ON a.registration_id = r.registration_id
LEFT JOIN schoolyear_student_lt sslt ON s.student_id = sslt.student_id
LEFT JOIN section_settings_lt secset ON sslt.gradelevel_id = secset.gradelevel_id
LEFT JOIN section_mt smt ON secset.section_id = smt.section_id
LEFT JOIN section_student ss ON s.student_id = ss.student_id
LEFT JOIN gradelevel_mt g ON secset.gradelevel_id = g.gradelevel_id
WHERE secset.section_id = aSectionId
AND ss.section_id = aSectionId
AND ss.schoolyear_id = aSchoolYearId;

END ;;
DELIMITER ;
/*!50003 SET sql_mode              = @saved_sql_mode */ ;
/*!50003 SET character_set_client  = @saved_cs_client */ ;
/*!50003 SET character_set_results = @saved_cs_results */ ;
/*!50003 SET collation_connection  = @saved_col_connection */ ;
/*!50003 DROP PROCEDURE IF EXISTS `getSectionsWithNoAssignedSchedBySYIdGradeLevelAndSectionType` */;
/*!50003 SET @saved_cs_client      = @@character_set_client */ ;
/*!50003 SET @saved_cs_results     = @@character_set_results */ ;
/*!50003 SET @saved_col_connection = @@collation_connection */ ;
/*!50003 SET character_set_client  = utf8 */ ;
/*!50003 SET character_set_results = utf8 */ ;
/*!50003 SET collation_connection  = utf8_general_ci */ ;
/*!50003 SET @saved_sql_mode       = @@sql_mode */ ;
/*!50003 SET sql_mode              = 'NO_ENGINE_SUBSTITUTION' */ ;
DELIMITER ;;
CREATE DEFINER=`root`@`localhost` PROCEDURE `getSectionsWithNoAssignedSchedBySYIdGradeLevelAndSectionType`(
aSchoolYearId INT, aGradeLevelId INT, aSectionType VARCHAR(1)
)
BEGIN

SELECT s.*,sslt.* FROM section_mt s 
INNER JOIN section_settings_lt sslt ON s.section_id = sslt.section_id
WHERE s.section_id
NOT IN (SELECT s2.section_id FROM section_mt s2
LEFT JOIN schedule_mt smt ON s2.section_id = smt.section_id
WHERE smt.schoolyear_id = aSchoolYearId)
AND sslt.gradelevel_id = aGradeLevelId
AND sslt.section_type = aSectionType;


END ;;
DELIMITER ;
/*!50003 SET sql_mode              = @saved_sql_mode */ ;
/*!50003 SET character_set_client  = @saved_cs_client */ ;
/*!50003 SET character_set_results = @saved_cs_results */ ;
/*!50003 SET collation_connection  = @saved_col_connection */ ;
/*!50003 DROP PROCEDURE IF EXISTS `getSectionsWithNoAssignedScheduleBySchoolYearIdGradeLevelId` */;
/*!50003 SET @saved_cs_client      = @@character_set_client */ ;
/*!50003 SET @saved_cs_results     = @@character_set_results */ ;
/*!50003 SET @saved_col_connection = @@collation_connection */ ;
/*!50003 SET character_set_client  = utf8 */ ;
/*!50003 SET character_set_results = utf8 */ ;
/*!50003 SET collation_connection  = utf8_general_ci */ ;
/*!50003 SET @saved_sql_mode       = @@sql_mode */ ;
/*!50003 SET sql_mode              = 'NO_ENGINE_SUBSTITUTION' */ ;
DELIMITER ;;
CREATE DEFINER=`root`@`localhost` PROCEDURE `getSectionsWithNoAssignedScheduleBySchoolYearIdGradeLevelId`(
aStatus INT, aSchoolYearId INT, aGradeLevelId INT
)
BEGIN

SELECT s.*,sslt.* FROM section_mt s
INNER JOIN section_settings_lt sslt ON s.section_id = sslt.section_id
WHERE s.section_id 
NOT IN 
(SELECT smt.section_id FROM schedule_mt smt WHERE smt.schoolyear_id = aSchoolYearId)
AND s.isActive = aStatus AND sslt.schoolyear_id = aSchoolYearId AND sslt.gradelevel_id = aGradeLevelId;

END ;;
DELIMITER ;
/*!50003 SET sql_mode              = @saved_sql_mode */ ;
/*!50003 SET character_set_client  = @saved_cs_client */ ;
/*!50003 SET character_set_results = @saved_cs_results */ ;
/*!50003 SET collation_connection  = @saved_col_connection */ ;
/*!50003 DROP PROCEDURE IF EXISTS `getSectionsWithNoAssignedScheduleByStatusAndSchoolYearId` */;
/*!50003 SET @saved_cs_client      = @@character_set_client */ ;
/*!50003 SET @saved_cs_results     = @@character_set_results */ ;
/*!50003 SET @saved_col_connection = @@collation_connection */ ;
/*!50003 SET character_set_client  = utf8 */ ;
/*!50003 SET character_set_results = utf8 */ ;
/*!50003 SET collation_connection  = utf8_general_ci */ ;
/*!50003 SET @saved_sql_mode       = @@sql_mode */ ;
/*!50003 SET sql_mode              = 'NO_ENGINE_SUBSTITUTION' */ ;
DELIMITER ;;
CREATE DEFINER=`root`@`localhost` PROCEDURE `getSectionsWithNoAssignedScheduleByStatusAndSchoolYearId`(
aIsActive INT(1), aSchoolYearId INT
)
BEGIN

SELECT s.*,sslt.`session` FROM section_mt s
INNER JOIN section_settings_lt sslt ON s.section_id = sslt.section_id
WHERE s.section_id 
NOT IN 
(SELECT smt.section_id FROM schedule_mt smt WHERE smt.schoolyear_id = aSchoolYearId)
AND s.isActive = aIsActive 
AND sslt.schoolyear_id = aSchoolYearId; 

END ;;
DELIMITER ;
/*!50003 SET sql_mode              = @saved_sql_mode */ ;
/*!50003 SET character_set_client  = @saved_cs_client */ ;
/*!50003 SET character_set_results = @saved_cs_results */ ;
/*!50003 SET collation_connection  = @saved_col_connection */ ;
/*!50003 DROP PROCEDURE IF EXISTS `getSessionId` */;
/*!50003 SET @saved_cs_client      = @@character_set_client */ ;
/*!50003 SET @saved_cs_results     = @@character_set_results */ ;
/*!50003 SET @saved_col_connection = @@collation_connection */ ;
/*!50003 SET character_set_client  = utf8 */ ;
/*!50003 SET character_set_results = utf8 */ ;
/*!50003 SET collation_connection  = utf8_general_ci */ ;
/*!50003 SET @saved_sql_mode       = @@sql_mode */ ;
/*!50003 SET sql_mode              = 'NO_ENGINE_SUBSTITUTION' */ ;
DELIMITER ;;
CREATE DEFINER=`root`@`localhost` PROCEDURE `getSessionId`(aSessionType VARCHAR(11))
BEGIN
	SELECT id FROM `session` WHERE title = aSessionType;
END ;;
DELIMITER ;
/*!50003 SET sql_mode              = @saved_sql_mode */ ;
/*!50003 SET character_set_client  = @saved_cs_client */ ;
/*!50003 SET character_set_results = @saved_cs_results */ ;
/*!50003 SET collation_connection  = @saved_col_connection */ ;
/*!50003 DROP PROCEDURE IF EXISTS `getSessionIdBySectionId` */;
/*!50003 SET @saved_cs_client      = @@character_set_client */ ;
/*!50003 SET @saved_cs_results     = @@character_set_results */ ;
/*!50003 SET @saved_col_connection = @@collation_connection */ ;
/*!50003 SET character_set_client  = utf8 */ ;
/*!50003 SET character_set_results = utf8 */ ;
/*!50003 SET collation_connection  = utf8_general_ci */ ;
/*!50003 SET @saved_sql_mode       = @@sql_mode */ ;
/*!50003 SET sql_mode              = 'NO_ENGINE_SUBSTITUTION' */ ;
DELIMITER ;;
CREATE DEFINER=`root`@`localhost` PROCEDURE `getSessionIdBySectionId`(IN pIN_sectionId INT)
BEGIN

	SELECT session_mt.session_id
	FROM section_settings_lt
	INNER JOIN session_mt ON session_mt.session_id = section_settings_lt.session_id
	WHERE section_settings_lt.section_id = pIN_sectionId;
END ;;
DELIMITER ;
/*!50003 SET sql_mode              = @saved_sql_mode */ ;
/*!50003 SET character_set_client  = @saved_cs_client */ ;
/*!50003 SET character_set_results = @saved_cs_results */ ;
/*!50003 SET collation_connection  = @saved_col_connection */ ;
/*!50003 DROP PROCEDURE IF EXISTS `getSessions` */;
/*!50003 SET @saved_cs_client      = @@character_set_client */ ;
/*!50003 SET @saved_cs_results     = @@character_set_results */ ;
/*!50003 SET @saved_col_connection = @@collation_connection */ ;
/*!50003 SET character_set_client  = utf8 */ ;
/*!50003 SET character_set_results = utf8 */ ;
/*!50003 SET collation_connection  = utf8_general_ci */ ;
/*!50003 SET @saved_sql_mode       = @@sql_mode */ ;
/*!50003 SET sql_mode              = 'NO_AUTO_CREATE_USER,NO_ENGINE_SUBSTITUTION' */ ;
DELIMITER ;;
CREATE DEFINER=`root`@`localhost` PROCEDURE `getSessions`()
BEGIN

SELECT title FROM session_mt;

END ;;
DELIMITER ;
/*!50003 SET sql_mode              = @saved_sql_mode */ ;
/*!50003 SET character_set_client  = @saved_cs_client */ ;
/*!50003 SET character_set_results = @saved_cs_results */ ;
/*!50003 SET collation_connection  = @saved_col_connection */ ;
/*!50003 DROP PROCEDURE IF EXISTS `getSpecializationById` */;
/*!50003 SET @saved_cs_client      = @@character_set_client */ ;
/*!50003 SET @saved_cs_results     = @@character_set_results */ ;
/*!50003 SET @saved_col_connection = @@collation_connection */ ;
/*!50003 SET character_set_client  = utf8 */ ;
/*!50003 SET character_set_results = utf8 */ ;
/*!50003 SET collation_connection  = utf8_general_ci */ ;
/*!50003 SET @saved_sql_mode       = @@sql_mode */ ;
/*!50003 SET sql_mode              = 'NO_ENGINE_SUBSTITUTION' */ ;
DELIMITER ;;
CREATE DEFINER=`root`@`localhost` PROCEDURE `getSpecializationById`(
	IN s_id int
)
BEGIN
	SELECT * FROM specialization WHERE specialization_id = s_id;
END ;;
DELIMITER ;
/*!50003 SET sql_mode              = @saved_sql_mode */ ;
/*!50003 SET character_set_client  = @saved_cs_client */ ;
/*!50003 SET character_set_results = @saved_cs_results */ ;
/*!50003 SET collation_connection  = @saved_col_connection */ ;
/*!50003 DROP PROCEDURE IF EXISTS `getSpecializationId` */;
/*!50003 SET @saved_cs_client      = @@character_set_client */ ;
/*!50003 SET @saved_cs_results     = @@character_set_results */ ;
/*!50003 SET @saved_col_connection = @@collation_connection */ ;
/*!50003 SET character_set_client  = utf8 */ ;
/*!50003 SET character_set_results = utf8 */ ;
/*!50003 SET collation_connection  = utf8_general_ci */ ;
/*!50003 SET @saved_sql_mode       = @@sql_mode */ ;
/*!50003 SET sql_mode              = 'NO_ENGINE_SUBSTITUTION' */ ;
DELIMITER ;;
CREATE DEFINER=`root`@`localhost` PROCEDURE `getSpecializationId`(
	IN p_title VARCHAR(45)
 )
BEGIN

SELECT S.specialization_id FROM specialization S
WHERE specialization_title = p_title;

END ;;
DELIMITER ;
/*!50003 SET sql_mode              = @saved_sql_mode */ ;
/*!50003 SET character_set_client  = @saved_cs_client */ ;
/*!50003 SET character_set_results = @saved_cs_results */ ;
/*!50003 SET collation_connection  = @saved_col_connection */ ;
/*!50003 DROP PROCEDURE IF EXISTS `getSpecializationIdByName` */;
/*!50003 SET @saved_cs_client      = @@character_set_client */ ;
/*!50003 SET @saved_cs_results     = @@character_set_results */ ;
/*!50003 SET @saved_col_connection = @@collation_connection */ ;
/*!50003 SET character_set_client  = utf8 */ ;
/*!50003 SET character_set_results = utf8 */ ;
/*!50003 SET collation_connection  = utf8_general_ci */ ;
/*!50003 SET @saved_sql_mode       = @@sql_mode */ ;
/*!50003 SET sql_mode              = 'NO_ENGINE_SUBSTITUTION' */ ;
DELIMITER ;;
CREATE DEFINER=`root`@`localhost` PROCEDURE `getSpecializationIdByName`(aSpecializationName VARCHAR(255))
BEGIN

SELECT * FROM specialization WHERE specialization_title = aSpecializationName;

END ;;
DELIMITER ;
/*!50003 SET sql_mode              = @saved_sql_mode */ ;
/*!50003 SET character_set_client  = @saved_cs_client */ ;
/*!50003 SET character_set_results = @saved_cs_results */ ;
/*!50003 SET collation_connection  = @saved_col_connection */ ;
/*!50003 DROP PROCEDURE IF EXISTS `getStudentByStudentId` */;
/*!50003 SET @saved_cs_client      = @@character_set_client */ ;
/*!50003 SET @saved_cs_results     = @@character_set_results */ ;
/*!50003 SET @saved_col_connection = @@collation_connection */ ;
/*!50003 SET character_set_client  = utf8 */ ;
/*!50003 SET character_set_results = utf8 */ ;
/*!50003 SET collation_connection  = utf8_general_ci */ ;
/*!50003 SET @saved_sql_mode       = @@sql_mode */ ;
/*!50003 SET sql_mode              = 'NO_ENGINE_SUBSTITUTION' */ ;
DELIMITER ;;
CREATE DEFINER=`root`@`localhost` PROCEDURE `getStudentByStudentId`(
aStudentId INT)
BEGIN

SELECT 
r.*,a.admission_id,
a.isComplete AS isAdmissionComplete,
s.student_id,s.student_no,s.isActive AS isStudentActive,s.student_type AS finalStudentType,
g.grade_level AS currentGradeLevel
FROM registration_mt r
LEFT JOIN admission_mt a ON r.registration_id = a.registration_id
LEFT JOIN student_mt s ON a.admission_id = s.admission_id
LEFT JOIN schoolyear_student_lt ss ON s.student_id = ss.student_id
LEFT JOIN gradelevel_mt g ON ss.gradelevel_id = g.gradelevel_id

WHERE s.student_id = aStudentId 
AND ss.isActiveGradeLevel = 1;

END ;;
DELIMITER ;
/*!50003 SET sql_mode              = @saved_sql_mode */ ;
/*!50003 SET character_set_client  = @saved_cs_client */ ;
/*!50003 SET character_set_results = @saved_cs_results */ ;
/*!50003 SET collation_connection  = @saved_col_connection */ ;
/*!50003 DROP PROCEDURE IF EXISTS `getStudentByStudentNo` */;
/*!50003 SET @saved_cs_client      = @@character_set_client */ ;
/*!50003 SET @saved_cs_results     = @@character_set_results */ ;
/*!50003 SET @saved_col_connection = @@collation_connection */ ;
/*!50003 SET character_set_client  = utf8 */ ;
/*!50003 SET character_set_results = utf8 */ ;
/*!50003 SET collation_connection  = utf8_general_ci */ ;
/*!50003 SET @saved_sql_mode       = @@sql_mode */ ;
/*!50003 SET sql_mode              = 'NO_ENGINE_SUBSTITUTION' */ ;
DELIMITER ;;
CREATE DEFINER=`root`@`localhost` PROCEDURE `getStudentByStudentNo`(aStudentNo INT)
BEGIN

SELECT 
r.*,a.admission_id,
a.isComplete AS isAdmissionComplete,
s.student_id,
s.student_no,
s.isActive AS isStudentActive,
s.student_type AS finalStudentType,
g.grade_level AS currentGradeLevel
FROM registration_mt r
LEFT JOIN admission_mt a ON r.registration_id = a.registration_id
LEFT JOIN student_mt s ON a.admission_id = s.admission_id
LEFT JOIN schoolyear_student_lt ss ON s.student_id = ss.student_id
LEFT JOIN gradelevel_mt g ON ss.gradelevel_id = g.gradelevel_id

WHERE s.student_no = aStudentNo 
AND ss.isActiveGradeLevel = 1;

END ;;
DELIMITER ;
/*!50003 SET sql_mode              = @saved_sql_mode */ ;
/*!50003 SET character_set_client  = @saved_cs_client */ ;
/*!50003 SET character_set_results = @saved_cs_results */ ;
/*!50003 SET collation_connection  = @saved_col_connection */ ;
/*!50003 DROP PROCEDURE IF EXISTS `getStudentDiscountBy` */;
/*!50003 SET @saved_cs_client      = @@character_set_client */ ;
/*!50003 SET @saved_cs_results     = @@character_set_results */ ;
/*!50003 SET @saved_col_connection = @@collation_connection */ ;
/*!50003 SET character_set_client  = utf8 */ ;
/*!50003 SET character_set_results = utf8 */ ;
/*!50003 SET collation_connection  = utf8_general_ci */ ;
/*!50003 SET @saved_sql_mode       = @@sql_mode */ ;
/*!50003 SET sql_mode              = 'NO_ENGINE_SUBSTITUTION' */ ;
DELIMITER ;;
CREATE DEFINER=`root`@`localhost` PROCEDURE `getStudentDiscountBy`(
aStudentId INT, aSchoolYearId INT
)
BEGIN

SELECT * FROM discount_mt d 
INNER JOIN student_discount sd ON d.discount_id = sd.discount_id
INNER JOIN schoolyear_mt sy ON sd.schoolyear_id = sy.schoolyear_id
WHERE sd.student_id = aStudentId
AND sd.schoolyear_id = aSchoolYearId;

END ;;
DELIMITER ;
/*!50003 SET sql_mode              = @saved_sql_mode */ ;
/*!50003 SET character_set_client  = @saved_cs_client */ ;
/*!50003 SET character_set_results = @saved_cs_results */ ;
/*!50003 SET collation_connection  = @saved_col_connection */ ;
/*!50003 DROP PROCEDURE IF EXISTS `getStudentFinalGradeForSchoolYear` */;
/*!50003 SET @saved_cs_client      = @@character_set_client */ ;
/*!50003 SET @saved_cs_results     = @@character_set_results */ ;
/*!50003 SET @saved_col_connection = @@collation_connection */ ;
/*!50003 SET character_set_client  = utf8 */ ;
/*!50003 SET character_set_results = utf8 */ ;
/*!50003 SET collation_connection  = utf8_general_ci */ ;
/*!50003 SET @saved_sql_mode       = @@sql_mode */ ;
/*!50003 SET sql_mode              = 'NO_ENGINE_SUBSTITUTION' */ ;
DELIMITER ;;
CREATE DEFINER=`root`@`localhost` PROCEDURE `getStudentFinalGradeForSchoolYear`(
aStudentId INT, aSchoolYearId INT
)
BEGIN

SELECT 
CASE WHEN COUNT(*) > 0 THEN SUM(gradevalue)/COUNT(*) 
WHEN COUNT(*) = 0 THEN 0 END    AS schoolYearAverage, 
student_id, schoolyear_id FROM grade 
WHERE student_id = aStudentId AND
schoolyear_id = aSchoolYearId;

END ;;
DELIMITER ;
/*!50003 SET sql_mode              = @saved_sql_mode */ ;
/*!50003 SET character_set_client  = @saved_cs_client */ ;
/*!50003 SET character_set_results = @saved_cs_results */ ;
/*!50003 SET collation_connection  = @saved_col_connection */ ;
/*!50003 DROP PROCEDURE IF EXISTS `getStudentsAndGradesBySectionIdAndSchoolYearId` */;
/*!50003 SET @saved_cs_client      = @@character_set_client */ ;
/*!50003 SET @saved_cs_results     = @@character_set_results */ ;
/*!50003 SET @saved_col_connection = @@collation_connection */ ;
/*!50003 SET character_set_client  = utf8 */ ;
/*!50003 SET character_set_results = utf8 */ ;
/*!50003 SET collation_connection  = utf8_general_ci */ ;
/*!50003 SET @saved_sql_mode       = @@sql_mode */ ;
/*!50003 SET sql_mode              = 'NO_ENGINE_SUBSTITUTION' */ ;
DELIMITER ;;
CREATE DEFINER=`root`@`localhost` PROCEDURE `getStudentsAndGradesBySectionIdAndSchoolYearId`(
aSectionId INT, aSchoolYearId INT 
)
BEGIN

SELECT s.*,r.lastname,r.firstname,r.middlename, ss.*,g.* FROM section_student ss
LEFT JOIN student_mt s ON ss.student_id = s.student_id
LEFT JOIN admission_mt a ON s.admission_id = a.admission_id
LEFT JOIN registration_mt r ON a.registration_id = r.registration_id
LEFT JOIN grade g ON ss.student_id = g.student_id
WHERE ss.schoolyear_id = aSchoolYearId AND ss.section_id = aSectionId;

END ;;
DELIMITER ;
/*!50003 SET sql_mode              = @saved_sql_mode */ ;
/*!50003 SET character_set_client  = @saved_cs_client */ ;
/*!50003 SET character_set_results = @saved_cs_results */ ;
/*!50003 SET collation_connection  = @saved_col_connection */ ;
/*!50003 DROP PROCEDURE IF EXISTS `getStudentsByKeyword` */;
/*!50003 SET @saved_cs_client      = @@character_set_client */ ;
/*!50003 SET @saved_cs_results     = @@character_set_results */ ;
/*!50003 SET @saved_col_connection = @@collation_connection */ ;
/*!50003 SET character_set_client  = utf8 */ ;
/*!50003 SET character_set_results = utf8 */ ;
/*!50003 SET collation_connection  = utf8_general_ci */ ;
/*!50003 SET @saved_sql_mode       = @@sql_mode */ ;
/*!50003 SET sql_mode              = 'NO_ENGINE_SUBSTITUTION' */ ;
DELIMITER ;;
CREATE DEFINER=`root`@`localhost` PROCEDURE `getStudentsByKeyword`(
aKeyword VARCHAR(255)
)
BEGIN

SELECT r.*,a.admission_id,
CASE WHEN a.isComplete IS NULL THEN 0
ELSE a.isComplete END AS isAdmissionComplete,
s.student_id,
s.student_no,
CASE WHEN s.isActive IS NULL THEN 0
ELSE s.isActive END AS isStudentActive,
CASE WHEN s.student_type IS NULL THEN r.student_type
ELSE s.student_type
END AS finalStudentType,
CASE WHEN ss.gradelevel_id IS NULL 
THEN r.gradelevel_no 
ELSE (
SELECT g2.grade_level FROM schoolyear_student_lt sslt 
INNER JOIN gradelevel_mt g2 ON sslt.gradelevel_id = g2.gradelevel_id
WHERE sslt.isActiveGradeLevel = 1 LIMIT 1
)
END AS currentGradeLevel
 
FROM registration_mt r 
LEFT JOIN admission_mt a ON a.registration_id = r.registration_id
LEFT JOIN student_mt s ON a.admission_id = s.admission_id 
LEFT JOIN schoolyear_student_lt ss ON s.student_id = ss.student_id
LEFT JOIN gradelevel_mt g ON ss.gradelevel_id = g.gradelevel_id
WHERE 
r.lastName LIKE concat('%',aKeyword,'%') OR
r.registration_id LIKE concat('%',aKeyword,'%') OR 
s.student_no LIKE CONCAT('%',aKeyword,'%')
GROUP BY r.registration_id ;

END ;;
DELIMITER ;
/*!50003 SET sql_mode              = @saved_sql_mode */ ;
/*!50003 SET character_set_client  = @saved_cs_client */ ;
/*!50003 SET character_set_results = @saved_cs_results */ ;
/*!50003 SET collation_connection  = @saved_col_connection */ ;
/*!50003 DROP PROCEDURE IF EXISTS `getStudentsBySectionIdAndSchoolYearId` */;
/*!50003 SET @saved_cs_client      = @@character_set_client */ ;
/*!50003 SET @saved_cs_results     = @@character_set_results */ ;
/*!50003 SET @saved_col_connection = @@collation_connection */ ;
/*!50003 SET character_set_client  = utf8 */ ;
/*!50003 SET character_set_results = utf8 */ ;
/*!50003 SET collation_connection  = utf8_general_ci */ ;
/*!50003 SET @saved_sql_mode       = @@sql_mode */ ;
/*!50003 SET sql_mode              = 'NO_ENGINE_SUBSTITUTION' */ ;
DELIMITER ;;
CREATE DEFINER=`root`@`localhost` PROCEDURE `getStudentsBySectionIdAndSchoolYearId`(
aSectionId INT, aSchoolYearId INT 
)
BEGIN

SELECT s.*,r.lastname,r.firstname,r.middlename, ss.* FROM section_student ss
LEFT JOIN student_mt s ON ss.student_id = s.student_id
LEFT JOIN admission_mt a ON s.admission_id = a.admission_id
LEFT JOIN registration_mt r ON a.registration_id = r.registration_id
WHERE ss.schoolyear_id = aSchoolYearId AND ss.section_id = aSectionId;

END ;;
DELIMITER ;
/*!50003 SET sql_mode              = @saved_sql_mode */ ;
/*!50003 SET character_set_client  = @saved_cs_client */ ;
/*!50003 SET character_set_results = @saved_cs_results */ ;
/*!50003 SET collation_connection  = @saved_col_connection */ ;
/*!50003 DROP PROCEDURE IF EXISTS `getStudentsOfAdviser` */;
/*!50003 SET @saved_cs_client      = @@character_set_client */ ;
/*!50003 SET @saved_cs_results     = @@character_set_results */ ;
/*!50003 SET @saved_col_connection = @@collation_connection */ ;
/*!50003 SET character_set_client  = utf8 */ ;
/*!50003 SET character_set_results = utf8 */ ;
/*!50003 SET collation_connection  = utf8_general_ci */ ;
/*!50003 SET @saved_sql_mode       = @@sql_mode */ ;
/*!50003 SET sql_mode              = 'NO_ENGINE_SUBSTITUTION' */ ;
DELIMITER ;;
CREATE DEFINER=`root`@`localhost` PROCEDURE `getStudentsOfAdviser`(
aAdviserId INT, aSchoolYearId INT
)
BEGIN

SELECT 
sslt.adviser_id,
sslt.section_id,
sslt.schoolyear_id,
s.student_id,
s.student_no,
r.lastname,
r.firstname,
r.middlename,
g.*,
smt.section_id,
smt.sectionName
FROM section_settings_lt sslt 
LEFT JOIN section_mt smt ON sslt.section_id = smt.section_id
LEFT JOIN section_student ss ON sslt.section_id = ss.section_id
LEFT JOIN student_mt s ON ss.student_id = s.student_id
LEFT JOIN admission_mt a ON s.admission_id = a.admission_id
LEFT JOIN registration_mt r ON a.registration_id = r.registration_id
LEFT JOIN schoolyear_student_lt systud ON s.student_id = systud.student_id
LEFT JOIN gradelevel_mt g ON systud.gradelevel_id = g.gradelevel_id
WHERE 
sslt.adviser_id = aAdviserId
AND ss.schoolyear_id = aSchoolYearId
AND sslt.schoolyear_id = aSchoolYearId GROUP BY s.student_id;

END ;;
DELIMITER ;
/*!50003 SET sql_mode              = @saved_sql_mode */ ;
/*!50003 SET character_set_client  = @saved_cs_client */ ;
/*!50003 SET character_set_results = @saved_cs_results */ ;
/*!50003 SET collation_connection  = @saved_col_connection */ ;
/*!50003 DROP PROCEDURE IF EXISTS `getStudentsWithTuitionBalance` */;
/*!50003 SET @saved_cs_client      = @@character_set_client */ ;
/*!50003 SET @saved_cs_results     = @@character_set_results */ ;
/*!50003 SET @saved_col_connection = @@collation_connection */ ;
/*!50003 SET character_set_client  = utf8 */ ;
/*!50003 SET character_set_results = utf8 */ ;
/*!50003 SET collation_connection  = utf8_general_ci */ ;
/*!50003 SET @saved_sql_mode       = @@sql_mode */ ;
/*!50003 SET sql_mode              = 'NO_ENGINE_SUBSTITUTION' */ ;
DELIMITER ;;
CREATE DEFINER=`root`@`localhost` PROCEDURE `getStudentsWithTuitionBalance`()
BEGIN

SELECT *,
(SELECT SUM(amount_charged) FROM transaction_mt WHERE student_id = smt.student_id) as total_payment,
(SELECT SUM(balancebreakdown_amount) FROM balancebreakdown WHERE student_id = smt.student_id) as tuition_total
from student_mt smt INNER JOIN
balancebreakdown b ON smt.student_id = b.student_id INNER JOIN
transaction_mt t ON smt.student_id = t.student_id INNER JOIN 
admission_mt a ON smt.admission_id = a.admission_id INNER JOIN 
registration_mt r ON a.registration_id = r.registration_id
WHERE (SELECT SUM(amount_charged) FROM transaction_mt WHERE student_id = smt.student_id) <
(SELECT SUM(balancebreakdown_amount) FROM balancebreakdown WHERE student_id = smt.student_id) GROUP BY smt.student_id
ORDER BY r.lastname;


END ;;
DELIMITER ;
/*!50003 SET sql_mode              = @saved_sql_mode */ ;
/*!50003 SET character_set_client  = @saved_cs_client */ ;
/*!50003 SET character_set_results = @saved_cs_results */ ;
/*!50003 SET collation_connection  = @saved_col_connection */ ;
/*!50003 DROP PROCEDURE IF EXISTS `getSubjectCategoryAssignedSubjectsById` */;
/*!50003 SET @saved_cs_client      = @@character_set_client */ ;
/*!50003 SET @saved_cs_results     = @@character_set_results */ ;
/*!50003 SET @saved_col_connection = @@collation_connection */ ;
/*!50003 SET character_set_client  = utf8 */ ;
/*!50003 SET character_set_results = utf8 */ ;
/*!50003 SET collation_connection  = utf8_general_ci */ ;
/*!50003 SET @saved_sql_mode       = @@sql_mode */ ;
/*!50003 SET sql_mode              = 'NO_ENGINE_SUBSTITUTION' */ ;
DELIMITER ;;
CREATE DEFINER=`root`@`localhost` PROCEDURE `getSubjectCategoryAssignedSubjectsById`(aSubjectCategoryId INT)
BEGIN

SELECT scs.subjectcategory_id, s.*
FROM subject_mt s 
INNER JOIN subjectcategory_subject scs ON s.subject_id = scs.subject_id
WHERE scs.subjectcategory_id = aSubjectCategoryId;

END ;;
DELIMITER ;
/*!50003 SET sql_mode              = @saved_sql_mode */ ;
/*!50003 SET character_set_client  = @saved_cs_client */ ;
/*!50003 SET character_set_results = @saved_cs_results */ ;
/*!50003 SET collation_connection  = @saved_col_connection */ ;
/*!50003 DROP PROCEDURE IF EXISTS `getSubjectId` */;
/*!50003 SET @saved_cs_client      = @@character_set_client */ ;
/*!50003 SET @saved_cs_results     = @@character_set_results */ ;
/*!50003 SET @saved_col_connection = @@collation_connection */ ;
/*!50003 SET character_set_client  = utf8 */ ;
/*!50003 SET character_set_results = utf8 */ ;
/*!50003 SET collation_connection  = utf8_general_ci */ ;
/*!50003 SET @saved_sql_mode       = @@sql_mode */ ;
/*!50003 SET sql_mode              = 'NO_ENGINE_SUBSTITUTION' */ ;
DELIMITER ;;
CREATE DEFINER=`root`@`localhost` PROCEDURE `getSubjectId`(IN p_subjectCode VARCHAR(20))
BEGIN
	SELECT s.subject_id FROM subjects s
    WHERE s.`code` = p_subjectCode;
END ;;
DELIMITER ;
/*!50003 SET sql_mode              = @saved_sql_mode */ ;
/*!50003 SET character_set_client  = @saved_cs_client */ ;
/*!50003 SET character_set_results = @saved_cs_results */ ;
/*!50003 SET collation_connection  = @saved_col_connection */ ;
/*!50003 DROP PROCEDURE IF EXISTS `getSubjectIdByCode` */;
/*!50003 SET @saved_cs_client      = @@character_set_client */ ;
/*!50003 SET @saved_cs_results     = @@character_set_results */ ;
/*!50003 SET @saved_col_connection = @@collation_connection */ ;
/*!50003 SET character_set_client  = utf8 */ ;
/*!50003 SET character_set_results = utf8 */ ;
/*!50003 SET collation_connection  = utf8_general_ci */ ;
/*!50003 SET @saved_sql_mode       = @@sql_mode */ ;
/*!50003 SET sql_mode              = 'NO_ENGINE_SUBSTITUTION' */ ;
DELIMITER ;;
CREATE DEFINER=`root`@`localhost` PROCEDURE `getSubjectIdByCode`(IN p_subjectCode VARCHAR(20))
BEGIN
	SELECT s.subject_id FROM subject_mt s
    WHERE s.`code` = p_subjectCode;
END ;;
DELIMITER ;
/*!50003 SET sql_mode              = @saved_sql_mode */ ;
/*!50003 SET character_set_client  = @saved_cs_client */ ;
/*!50003 SET character_set_results = @saved_cs_results */ ;
/*!50003 SET collation_connection  = @saved_col_connection */ ;
/*!50003 DROP PROCEDURE IF EXISTS `getSubjectIdByName` */;
/*!50003 SET @saved_cs_client      = @@character_set_client */ ;
/*!50003 SET @saved_cs_results     = @@character_set_results */ ;
/*!50003 SET @saved_col_connection = @@collation_connection */ ;
/*!50003 SET character_set_client  = utf8 */ ;
/*!50003 SET character_set_results = utf8 */ ;
/*!50003 SET collation_connection  = utf8_general_ci */ ;
/*!50003 SET @saved_sql_mode       = @@sql_mode */ ;
/*!50003 SET sql_mode              = 'NO_ENGINE_SUBSTITUTION' */ ;
DELIMITER ;;
CREATE DEFINER=`root`@`localhost` PROCEDURE `getSubjectIdByName`(IN aSubjectName VARCHAR(255))
BEGIN
SELECT s.subject_id FROM subject_mt s WHERE 
title = aSubjectName;
	
END ;;
DELIMITER ;
/*!50003 SET sql_mode              = @saved_sql_mode */ ;
/*!50003 SET character_set_client  = @saved_cs_client */ ;
/*!50003 SET character_set_results = @saved_cs_results */ ;
/*!50003 SET collation_connection  = @saved_col_connection */ ;
/*!50003 DROP PROCEDURE IF EXISTS `getSubjectInfoById` */;
/*!50003 SET @saved_cs_client      = @@character_set_client */ ;
/*!50003 SET @saved_cs_results     = @@character_set_results */ ;
/*!50003 SET @saved_col_connection = @@collation_connection */ ;
/*!50003 SET character_set_client  = utf8 */ ;
/*!50003 SET character_set_results = utf8 */ ;
/*!50003 SET collation_connection  = utf8_general_ci */ ;
/*!50003 SET @saved_sql_mode       = @@sql_mode */ ;
/*!50003 SET sql_mode              = 'NO_ENGINE_SUBSTITUTION' */ ;
DELIMITER ;;
CREATE DEFINER=`root`@`localhost` PROCEDURE `getSubjectInfoById`(aSubjectId INT)
BEGIN

SELECT 
    s.subject_id, s.title, s.`code`, s.description, s.isActive, g.grade_level 
    FROM subject_gradelevel_lt sglt
	INNER JOIN subject_mt s ON sglt.subject_id = s.subject_id
    INNER JOIN gradelevel_mt g ON sglt.gradelevel_id = g.gradelevel_id
    WHERE s.subject_id = aSubjectId
    ORDER BY g.grade_level ASC;

END ;;
DELIMITER ;
/*!50003 SET sql_mode              = @saved_sql_mode */ ;
/*!50003 SET character_set_client  = @saved_cs_client */ ;
/*!50003 SET character_set_results = @saved_cs_results */ ;
/*!50003 SET collation_connection  = @saved_col_connection */ ;
/*!50003 DROP PROCEDURE IF EXISTS `getSubjectInfoByWildCard` */;
/*!50003 SET @saved_cs_client      = @@character_set_client */ ;
/*!50003 SET @saved_cs_results     = @@character_set_results */ ;
/*!50003 SET @saved_col_connection = @@collation_connection */ ;
/*!50003 SET character_set_client  = utf8 */ ;
/*!50003 SET character_set_results = utf8 */ ;
/*!50003 SET collation_connection  = utf8_general_ci */ ;
/*!50003 SET @saved_sql_mode       = @@sql_mode */ ;
/*!50003 SET sql_mode              = 'NO_ENGINE_SUBSTITUTION' */ ;
DELIMITER ;;
CREATE DEFINER=`root`@`localhost` PROCEDURE `getSubjectInfoByWildCard`(aWildCardChar VARCHAR(255))
BEGIN

   SELECT
	s.subject_id, s.title, s.`code`, s.description, s.isActive, g.grade_level 
    FROM subject_gradelevel_lt sglt
	INNER JOIN subject_mt s ON sglt.subject_id = s.subject_id
    INNER JOIN gradelevel_mt g ON sglt.gradelevel_id = g.gradelevel_id
    WHERE 
    s.title LIKE CONCAT('%',aWildCardChar,'%') OR
    s.subject_id LIKE CONCAT('%',aWildCardChar,'%') OR 
    s.`code` LIKE CONCAT('%',aWildCardChar,'%')
    ORDER BY g.grade_level ASC;
END ;;
DELIMITER ;
/*!50003 SET sql_mode              = @saved_sql_mode */ ;
/*!50003 SET character_set_client  = @saved_cs_client */ ;
/*!50003 SET character_set_results = @saved_cs_results */ ;
/*!50003 SET collation_connection  = @saved_col_connection */ ;
/*!50003 DROP PROCEDURE IF EXISTS `getSubjectMinutesPerWeekOf` */;
/*!50003 SET @saved_cs_client      = @@character_set_client */ ;
/*!50003 SET @saved_cs_results     = @@character_set_results */ ;
/*!50003 SET @saved_col_connection = @@collation_connection */ ;
/*!50003 SET character_set_client  = utf8 */ ;
/*!50003 SET character_set_results = utf8 */ ;
/*!50003 SET collation_connection  = utf8_general_ci */ ;
/*!50003 SET @saved_sql_mode       = @@sql_mode */ ;
/*!50003 SET sql_mode              = 'NO_ENGINE_SUBSTITUTION' */ ;
DELIMITER ;;
CREATE DEFINER=`root`@`localhost` PROCEDURE `getSubjectMinutesPerWeekOf`(
aSubjectId INT)
BEGIN

SELECT subject_minutes_per_week FROM curriculum_subject_lt
WHERE subject_id = aSubjectId;

END ;;
DELIMITER ;
/*!50003 SET sql_mode              = @saved_sql_mode */ ;
/*!50003 SET character_set_client  = @saved_cs_client */ ;
/*!50003 SET character_set_results = @saved_cs_results */ ;
/*!50003 SET collation_connection  = @saved_col_connection */ ;
/*!50003 DROP PROCEDURE IF EXISTS `getSubjectsByGradeLevel` */;
/*!50003 SET @saved_cs_client      = @@character_set_client */ ;
/*!50003 SET @saved_cs_results     = @@character_set_results */ ;
/*!50003 SET @saved_col_connection = @@collation_connection */ ;
/*!50003 SET character_set_client  = utf8 */ ;
/*!50003 SET character_set_results = utf8 */ ;
/*!50003 SET collation_connection  = utf8_general_ci */ ;
/*!50003 SET @saved_sql_mode       = @@sql_mode */ ;
/*!50003 SET sql_mode              = 'NO_ENGINE_SUBSTITUTION' */ ;
DELIMITER ;;
CREATE DEFINER=`root`@`localhost` PROCEDURE `getSubjectsByGradeLevel`(IN p_gradeLevelId INT)
BEGIN

SELECT 
s.`code`, 
s.`name`, 
s.units, 
s.description,
gl.`level` 
 
FROM 		subjects 				s 
INNER JOIN 	subjects_gradelevel 	sgl 	ON s.subjects_id = sgl.subjectId
INNER JOIN	gradelevel 				gl	 	ON sgl.gradeLevelId = gl.gradelevel_id

WHERE sgl.gradeLevelId = p_gradeLevelId;



END ;;
DELIMITER ;
/*!50003 SET sql_mode              = @saved_sql_mode */ ;
/*!50003 SET character_set_client  = @saved_cs_client */ ;
/*!50003 SET character_set_results = @saved_cs_results */ ;
/*!50003 SET collation_connection  = @saved_col_connection */ ;
/*!50003 DROP PROCEDURE IF EXISTS `getSubjectsHandledByFacultyBySectionIdFacultyIdAndSyId` */;
/*!50003 SET @saved_cs_client      = @@character_set_client */ ;
/*!50003 SET @saved_cs_results     = @@character_set_results */ ;
/*!50003 SET @saved_col_connection = @@collation_connection */ ;
/*!50003 SET character_set_client  = utf8 */ ;
/*!50003 SET character_set_results = utf8 */ ;
/*!50003 SET collation_connection  = utf8_general_ci */ ;
/*!50003 SET @saved_sql_mode       = @@sql_mode */ ;
/*!50003 SET sql_mode              = 'NO_ENGINE_SUBSTITUTION' */ ;
DELIMITER ;;
CREATE DEFINER=`root`@`localhost` PROCEDURE `getSubjectsHandledByFacultyBySectionIdFacultyIdAndSyId`(
aFacultyId INT, aSectionId INT, aSchoolYearId INT
)
BEGIN

SELECT smt.*, s.*, g.* FROM schedule_mt smt 
LEFT JOIN section_mt sec ON smt.section_id = sec.section_id
LEFT JOIN section_settings_lt sslt ON sec.section_id = sslt.section_id
LEFT JOIN gradelevel_mt g ON sslt.gradelevel_id = g.gradelevel_id
LEFT JOIN subject_mt s ON smt.subject_id = s.subject_id

WHERE smt.faculty_id = aFacultyId AND 
smt.section_id = aSectionId AND 
smt.schoolyear_id = aSchoolYearId
GROUP BY s.subject_id;


END ;;
DELIMITER ;
/*!50003 SET sql_mode              = @saved_sql_mode */ ;
/*!50003 SET character_set_client  = @saved_cs_client */ ;
/*!50003 SET character_set_results = @saved_cs_results */ ;
/*!50003 SET collation_connection  = @saved_col_connection */ ;
/*!50003 DROP PROCEDURE IF EXISTS `getSubjectsHandledByFacultyUsingFacultyIdSectionIdAndSyId` */;
/*!50003 SET @saved_cs_client      = @@character_set_client */ ;
/*!50003 SET @saved_cs_results     = @@character_set_results */ ;
/*!50003 SET @saved_col_connection = @@collation_connection */ ;
/*!50003 SET character_set_client  = utf8 */ ;
/*!50003 SET character_set_results = utf8 */ ;
/*!50003 SET collation_connection  = utf8_general_ci */ ;
/*!50003 SET @saved_sql_mode       = @@sql_mode */ ;
/*!50003 SET sql_mode              = 'NO_ENGINE_SUBSTITUTION' */ ;
DELIMITER ;;
CREATE DEFINER=`root`@`localhost` PROCEDURE `getSubjectsHandledByFacultyUsingFacultyIdSectionIdAndSyId`(
aFacultyId INT, aSectionId INT, aSchoolYearId INT
)
BEGIN

SELECT smt.*, s.*, g.* FROM schedule_mt smt 
LEFT JOIN section_mt sec ON smt.section_id = sec.section_id
LEFT JOIN section_settings_lt sslt ON sec.section_id = sslt.section_id
LEFT JOIN gradelevel_mt g ON sslt.gradelevel_id = g.gradelevel_id
LEFT JOIN subject_mt s ON smt.subject_id = s.subject_id

WHERE smt.faculty_id = aFacultyId AND 
smt.section_id = aSectionId AND 
smt.schoolyear_id = aSchoolYearId
GROUP BY s.subject_id;


END ;;
DELIMITER ;
/*!50003 SET sql_mode              = @saved_sql_mode */ ;
/*!50003 SET character_set_client  = @saved_cs_client */ ;
/*!50003 SET character_set_results = @saved_cs_results */ ;
/*!50003 SET collation_connection  = @saved_col_connection */ ;
/*!50003 DROP PROCEDURE IF EXISTS `getSummerFeePerSubject` */;
/*!50003 SET @saved_cs_client      = @@character_set_client */ ;
/*!50003 SET @saved_cs_results     = @@character_set_results */ ;
/*!50003 SET @saved_col_connection = @@collation_connection */ ;
/*!50003 SET character_set_client  = utf8 */ ;
/*!50003 SET character_set_results = utf8 */ ;
/*!50003 SET collation_connection  = utf8_general_ci */ ;
/*!50003 SET @saved_sql_mode       = @@sql_mode */ ;
/*!50003 SET sql_mode              = 'NO_ENGINE_SUBSTITUTION' */ ;
DELIMITER ;;
CREATE DEFINER=`root`@`localhost` PROCEDURE `getSummerFeePerSubject`()
BEGIN

SELECT * FROM fee_mt f 
INNER JOIN fee_schoolyear_lt fslt ON f.fee_id = fslt.fee_id
INNER JOIN fee_category_mt fc ON f.fee_category_id = fc.fee_category_id
WHERE fee_name like CONCAT('%','per subject','%') or 
fee_name like CONCAT('%','summer','%')
GROUP BY f.fee_id;

END ;;
DELIMITER ;
/*!50003 SET sql_mode              = @saved_sql_mode */ ;
/*!50003 SET character_set_client  = @saved_cs_client */ ;
/*!50003 SET character_set_results = @saved_cs_results */ ;
/*!50003 SET collation_connection  = @saved_col_connection */ ;
/*!50003 DROP PROCEDURE IF EXISTS `getSummerGradeLevelsOf` */;
/*!50003 SET @saved_cs_client      = @@character_set_client */ ;
/*!50003 SET @saved_cs_results     = @@character_set_results */ ;
/*!50003 SET @saved_col_connection = @@collation_connection */ ;
/*!50003 SET character_set_client  = utf8 */ ;
/*!50003 SET character_set_results = utf8 */ ;
/*!50003 SET collation_connection  = utf8_general_ci */ ;
/*!50003 SET @saved_sql_mode       = @@sql_mode */ ;
/*!50003 SET sql_mode              = 'NO_ENGINE_SUBSTITUTION' */ ;
DELIMITER ;;
CREATE DEFINER=`root`@`localhost` PROCEDURE `getSummerGradeLevelsOf`(
aSchoolYearId INT)
BEGIN

SELECT s.*,g.* FROM summer s
INNER JOIN gradelevel_mt g ON s.gradelevel_id_summer = g.gradelevel_id
WHERE s.schoolyear_id = aSchoolYearId;

END ;;
DELIMITER ;
/*!50003 SET sql_mode              = @saved_sql_mode */ ;
/*!50003 SET character_set_client  = @saved_cs_client */ ;
/*!50003 SET character_set_results = @saved_cs_results */ ;
/*!50003 SET collation_connection  = @saved_col_connection */ ;
/*!50003 DROP PROCEDURE IF EXISTS `getSummerSubjectsOf` */;
/*!50003 SET @saved_cs_client      = @@character_set_client */ ;
/*!50003 SET @saved_cs_results     = @@character_set_results */ ;
/*!50003 SET @saved_col_connection = @@collation_connection */ ;
/*!50003 SET character_set_client  = utf8 */ ;
/*!50003 SET character_set_results = utf8 */ ;
/*!50003 SET collation_connection  = utf8_general_ci */ ;
/*!50003 SET @saved_sql_mode       = @@sql_mode */ ;
/*!50003 SET sql_mode              = 'NO_ENGINE_SUBSTITUTION' */ ;
DELIMITER ;;
CREATE DEFINER=`root`@`localhost` PROCEDURE `getSummerSubjectsOf`(
aStudentId INT, aSchoolYearId INT
)
BEGIN

SELECT g.subject_id,g.gradevalue,g.schoolyear_id,s.* FROM grade g
LEFT JOIN subject_mt s ON g.subject_id = s.subject_id
WHERE g.gradevalue < 75
AND g.student_id = aStudentId AND g.schoolyear_id = aSchoolYearId AND g.grade_type = 'R'
GROUP BY g.subject_id;

END ;;
DELIMITER ;
/*!50003 SET sql_mode              = @saved_sql_mode */ ;
/*!50003 SET character_set_client  = @saved_cs_client */ ;
/*!50003 SET character_set_results = @saved_cs_results */ ;
/*!50003 SET collation_connection  = @saved_col_connection */ ;
/*!50003 DROP PROCEDURE IF EXISTS `getSumOfMiscFeesByGradeLeveLId` */;
/*!50003 SET @saved_cs_client      = @@character_set_client */ ;
/*!50003 SET @saved_cs_results     = @@character_set_results */ ;
/*!50003 SET @saved_col_connection = @@collation_connection */ ;
/*!50003 SET character_set_client  = utf8 */ ;
/*!50003 SET character_set_results = utf8 */ ;
/*!50003 SET collation_connection  = utf8_general_ci */ ;
/*!50003 SET @saved_sql_mode       = @@sql_mode */ ;
/*!50003 SET sql_mode              = 'NO_ENGINE_SUBSTITUTION' */ ;
DELIMITER ;;
CREATE DEFINER=`root`@`localhost` PROCEDURE `getSumOfMiscFeesByGradeLeveLId`(
aGradeLevelId INT
)
BEGIN

SELECT SUM(fslt.fee_amount) as sum FROM fee_mt f INNER JOIN fee_schoolyear_lt fslt
ON f.fee_id = fslt.fee_id INNER JOIN gradelevel_mt g ON fslt.gradelevel_id = g.gradelevel_id
INNER JOIN fee_category_mt fcmt ON f.fee_category_id = fcmt.fee_category_id
WHERE fslt.gradelevel_id = aGradeLevelId AND fee_category = 'Miscellaneous';

END ;;
DELIMITER ;
/*!50003 SET sql_mode              = @saved_sql_mode */ ;
/*!50003 SET character_set_client  = @saved_cs_client */ ;
/*!50003 SET character_set_results = @saved_cs_results */ ;
/*!50003 SET collation_connection  = @saved_col_connection */ ;
/*!50003 DROP PROCEDURE IF EXISTS `getSumOfOthersFeeByGradeLevelId` */;
/*!50003 SET @saved_cs_client      = @@character_set_client */ ;
/*!50003 SET @saved_cs_results     = @@character_set_results */ ;
/*!50003 SET @saved_col_connection = @@collation_connection */ ;
/*!50003 SET character_set_client  = utf8 */ ;
/*!50003 SET character_set_results = utf8 */ ;
/*!50003 SET collation_connection  = utf8_general_ci */ ;
/*!50003 SET @saved_sql_mode       = @@sql_mode */ ;
/*!50003 SET sql_mode              = 'NO_ENGINE_SUBSTITUTION' */ ;
DELIMITER ;;
CREATE DEFINER=`root`@`localhost` PROCEDURE `getSumOfOthersFeeByGradeLevelId`(
aGradeLevelId INT
)
BEGIN

SELECT SUM(fslt.fee_amount) as sum FROM fee_mt f INNER JOIN fee_schoolyear_lt fslt
ON f.fee_id = fslt.fee_id INNER JOIN gradelevel_mt g ON fslt.gradelevel_id = g.gradelevel_id
INNER JOIN fee_category_mt fcmt ON f.fee_category_id = fcmt.fee_category_id
WHERE fslt.gradelevel_id = aGradeLevelId AND fee_category = 'Others';

END ;;
DELIMITER ;
/*!50003 SET sql_mode              = @saved_sql_mode */ ;
/*!50003 SET character_set_client  = @saved_cs_client */ ;
/*!50003 SET character_set_results = @saved_cs_results */ ;
/*!50003 SET collation_connection  = @saved_col_connection */ ;
/*!50003 DROP PROCEDURE IF EXISTS `getTransactionInfoByOrNo` */;
/*!50003 SET @saved_cs_client      = @@character_set_client */ ;
/*!50003 SET @saved_cs_results     = @@character_set_results */ ;
/*!50003 SET @saved_col_connection = @@collation_connection */ ;
/*!50003 SET character_set_client  = utf8 */ ;
/*!50003 SET character_set_results = utf8 */ ;
/*!50003 SET collation_connection  = utf8_general_ci */ ;
/*!50003 SET @saved_sql_mode       = @@sql_mode */ ;
/*!50003 SET sql_mode              = 'NO_ENGINE_SUBSTITUTION' */ ;
DELIMITER ;;
CREATE DEFINER=`root`@`localhost` PROCEDURE `getTransactionInfoByOrNo`(pInOrNo INT)
BEGIN

SELECT
t.student_id,
t.amount_received, t.amount_charged, 
CASE WHEN (t.amount_charged - b.balancebreakdown_amount) < 0 THEN 0.00 
ELSE ABS(b.balancebreakdown_amount - t.amount_charged) END AS change_amount,
t.processed_by_user_id,
u.*,date_charged,
t.or_no_attached,
o.schoolyear_id, sy.yearFrom, sy.yearTo
FROM transaction_mt t 
LEFT JOIN user_mt u ON t.processed_by_user_id = u.user_id
INNER JOIN transaction_balancebreakdown tb ON t.transaction_id = tb.transaction_id
INNER JOIN balancebreakdown b ON tb.balancebreakdown_id = b.balancebreakdown_id
INNER JOIN or_no_mt o ON t.or_no_attached = o.or_no
LEFT JOIN schoolyear_mt sy ON o.schoolyear_id = sy.schoolyear_id
WHERE t.or_no_attached = pInOrNo
GROUP BY t.or_no_attached;

END ;;
DELIMITER ;
/*!50003 SET sql_mode              = @saved_sql_mode */ ;
/*!50003 SET character_set_client  = @saved_cs_client */ ;
/*!50003 SET character_set_results = @saved_cs_results */ ;
/*!50003 SET collation_connection  = @saved_col_connection */ ;
/*!50003 DROP PROCEDURE IF EXISTS `getTuitionBalanceOf` */;
/*!50003 SET @saved_cs_client      = @@character_set_client */ ;
/*!50003 SET @saved_cs_results     = @@character_set_results */ ;
/*!50003 SET @saved_col_connection = @@collation_connection */ ;
/*!50003 SET character_set_client  = utf8 */ ;
/*!50003 SET character_set_results = utf8 */ ;
/*!50003 SET collation_connection  = utf8_general_ci */ ;
/*!50003 SET @saved_sql_mode       = @@sql_mode */ ;
/*!50003 SET sql_mode              = 'NO_ENGINE_SUBSTITUTION' */ ;
DELIMITER ;;
CREATE DEFINER=`root`@`localhost` PROCEDURE `getTuitionBalanceOf`(aStudentId INt, aSchoolYearId INt)
BEGIN

DECLARE totalTuition DECIMAL(10,2);
DECLARE totalPaid DECIMAL(10,2);
DECLARE tuitionBalance DECIMAL(10,2);

SELECT SUM(b.balancebreakdown_amount) INTO totalTuition FROM balancebreakdown b
WHERE b.student_id = aStudentId AND b.schoolyear_id = aSchoolYearId;
SELECT SUM(tb.amount_paid) INTO totalPaid FROM 
transaction_mt t INNER JOIN transaction_balancebreakdown tb ON t.transaction_id = tb.transaction_id
INNER JOIN balancebreakdown b ON tb.balancebreakdown_id = b.balancebreakdown_id
WHERE t.student_id = aStudentId AND b.student_id = aStudentId AND b.schoolyear_id = aSchoolYearId;

IF (totalTuition - totalPaid) <= 0
THEN SELECT 0.00 INTO tuitionBalance;
ELSE SELECT (totalTuition - totalPaid) INTO tuitionBalance;
END IF;

SELECT tuitionBalance;

/*
SELECT (SELECT SUM(b.balancebreakdown_amount) FROM balancebreakdown b
WHERE b.student_id = aStudentId AND b.schoolyear_id = aSchoolYearId) -
(SELECT SUM(t.amount_charged) FROM transaction_mt t INNER JOIN transaction_balancebreakdown tb ON t.transaction_id = tb.transaction_id
INNER JOIN balancebreakdown bb ON tb.balancebreakdown_id = bb.balancebreakdown_id WHERE bb.student_id = aStudentId AND bb.schoolyear_id = aSchoolYearId)
AS tuitionBalance;
*/


END ;;
DELIMITER ;
/*!50003 SET sql_mode              = @saved_sql_mode */ ;
/*!50003 SET character_set_client  = @saved_cs_client */ ;
/*!50003 SET character_set_results = @saved_cs_results */ ;
/*!50003 SET collation_connection  = @saved_col_connection */ ;
/*!50003 DROP PROCEDURE IF EXISTS `getTuitionByStudentIdAndSchoolYearId` */;
/*!50003 SET @saved_cs_client      = @@character_set_client */ ;
/*!50003 SET @saved_cs_results     = @@character_set_results */ ;
/*!50003 SET @saved_col_connection = @@collation_connection */ ;
/*!50003 SET character_set_client  = utf8 */ ;
/*!50003 SET character_set_results = utf8 */ ;
/*!50003 SET collation_connection  = utf8_general_ci */ ;
/*!50003 SET @saved_sql_mode       = @@sql_mode */ ;
/*!50003 SET sql_mode              = 'NO_ENGINE_SUBSTITUTION' */ ;
DELIMITER ;;
CREATE DEFINER=`root`@`localhost` PROCEDURE `getTuitionByStudentIdAndSchoolYearId`(aStudentId INT, aSchoolYearId INT)
BEGIN
SELECT 
bb.student_id, bb.schoolyear_id,bb.balancebreakdown_id,
bb.balancebreakdown_name,bb.balancebreakdown_amount, bb.category,bb.due_date,
tb.amount_paid,

CASE WHEN 
(SELECT SUM(ibb.balancebreakdown_amount) FROM balancebreakdown ibb WHERE ibb.balancebreakdown_id = bb.balancebreakdown_id) -
(SELECT SUM(itb.amount_paid) FROM transaction_balancebreakdown itb WHERE itb.balancebreakdown_id = bb.balancebreakdown_id) 
IS NULL THEN (SELECT SUM(ibb.balancebreakdown_amount) FROM balancebreakdown ibb WHERE ibb.balancebreakdown_id = bb.balancebreakdown_id)
ELSE (SELECT SUM(ibb.balancebreakdown_amount) FROM balancebreakdown ibb WHERE ibb.balancebreakdown_id = bb.balancebreakdown_id) -
(SELECT SUM(itb.amount_paid) FROM transaction_balancebreakdown itb WHERE itb.balancebreakdown_id = bb.balancebreakdown_id)
END AS balance,

CASE WHEN
(SELECT SUM(ibb.balancebreakdown_amount) FROM balancebreakdown ibb WHERE ibb.balancebreakdown_id = bb.balancebreakdown_id) -
(SELECT SUM(itb.amount_paid) FROM transaction_balancebreakdown itb WHERE itb.balancebreakdown_id = bb.balancebreakdown_id)
 = 0 THEN 1 
 WHEN (SELECT SUM(ibb.balancebreakdown_amount) FROM balancebreakdown ibb WHERE ibb.balancebreakdown_id = bb.balancebreakdown_id) -
(SELECT SUM(itb.amount_paid) FROM transaction_balancebreakdown itb WHERE itb.balancebreakdown_id = bb.balancebreakdown_id)
IS NULL THEN 0 END AS isPaid
,

CASE WHEN bb.due_date < DATE(NOW()) THEN 1 ELSE 0 END AS hasPenalty,
CASE WHEN DATE(NOW()) > bb.due_date THEN 1 ELSE 0 END AS isPastDueDate,

CASE WHEN 
(SELECT SUM(itb.amount_paid) FROM transaction_balancebreakdown itb WHERE itb.balancebreakdown_id = bb.balancebreakdown_id)
IS null THEN 0.00 ELSE 
(SELECT SUM(itb.amount_paid) FROM transaction_balancebreakdown itb WHERE itb.balancebreakdown_id = bb.balancebreakdown_id)
END AS totalPaid

FROM balancebreakdown bb 
LEFT JOIN transaction_balancebreakdown tb ON bb.balancebreakdown_id = bb.balancebreakdown_id
LEFT JOIN transaction_mt t ON tb.transaction_id = t.transaction_id
WHERE bb.student_id = aStudentId and bb.schoolyear_id = aSchoolYearId

GROUP BY bb.balancebreakdown_id
-- ORDER BY FIELD(category,'D','B','O');
ORDER BY bb.due_date ASC;

 
END ;;
DELIMITER ;
/*!50003 SET sql_mode              = @saved_sql_mode */ ;
/*!50003 SET character_set_client  = @saved_cs_client */ ;
/*!50003 SET character_set_results = @saved_cs_results */ ;
/*!50003 SET collation_connection  = @saved_col_connection */ ;
/*!50003 DROP PROCEDURE IF EXISTS `getTuitionPaymentTermByStudentIdAndSchoolYearId` */;
/*!50003 SET @saved_cs_client      = @@character_set_client */ ;
/*!50003 SET @saved_cs_results     = @@character_set_results */ ;
/*!50003 SET @saved_col_connection = @@collation_connection */ ;
/*!50003 SET character_set_client  = utf8 */ ;
/*!50003 SET character_set_results = utf8 */ ;
/*!50003 SET collation_connection  = utf8_general_ci */ ;
/*!50003 SET @saved_sql_mode       = @@sql_mode */ ;
/*!50003 SET sql_mode              = 'NO_ENGINE_SUBSTITUTION' */ ;
DELIMITER ;;
CREATE DEFINER=`root`@`localhost` PROCEDURE `getTuitionPaymentTermByStudentIdAndSchoolYearId`(
aStudentId INT, aSchoolYearId INT
)
BEGIN

SELECT p.paymentterm_id,p.paymentterm_name, p.isPaymentTermActive, p.divisor,pp.* FROM balancebreakdown bb 
INNER JOIN paymentterm_mt p ON bb.paymentterm_id = p.paymentterm_id
INNER JOIN paymentterm_penalty pp ON p.paymentterm_id = pp.paymentterm_id
WHERE bb.student_id = aStudentId AND bb.schoolyear_id = aSchoolYearId
GROUP BY p.paymentterm_id;

END ;;
DELIMITER ;
/*!50003 SET sql_mode              = @saved_sql_mode */ ;
/*!50003 SET character_set_client  = @saved_cs_client */ ;
/*!50003 SET character_set_results = @saved_cs_results */ ;
/*!50003 SET collation_connection  = @saved_col_connection */ ;
/*!50003 DROP PROCEDURE IF EXISTS `getTuitionSumByStudentIdAndSchoolYearId` */;
/*!50003 SET @saved_cs_client      = @@character_set_client */ ;
/*!50003 SET @saved_cs_results     = @@character_set_results */ ;
/*!50003 SET @saved_col_connection = @@collation_connection */ ;
/*!50003 SET character_set_client  = utf8 */ ;
/*!50003 SET character_set_results = utf8 */ ;
/*!50003 SET collation_connection  = utf8_general_ci */ ;
/*!50003 SET @saved_sql_mode       = @@sql_mode */ ;
/*!50003 SET sql_mode              = 'NO_ENGINE_SUBSTITUTION' */ ;
DELIMITER ;;
CREATE DEFINER=`root`@`localhost` PROCEDURE `getTuitionSumByStudentIdAndSchoolYearId`(aStudentId INT, aSchoolYearId INT)
BEGIN

SELECT SUM(b.balancebreakdown_amount) AS tuitionSum FROM balancebreakdown b
WHERE b.student_id = aStudentId AND b.schoolyear_id = aSchoolYearId;

END ;;
DELIMITER ;
/*!50003 SET sql_mode              = @saved_sql_mode */ ;
/*!50003 SET character_set_client  = @saved_cs_client */ ;
/*!50003 SET character_set_results = @saved_cs_results */ ;
/*!50003 SET collation_connection  = @saved_col_connection */ ;
/*!50003 DROP PROCEDURE IF EXISTS `getTuitionTotalPaidAndRemainingBalance` */;
/*!50003 SET @saved_cs_client      = @@character_set_client */ ;
/*!50003 SET @saved_cs_results     = @@character_set_results */ ;
/*!50003 SET @saved_col_connection = @@collation_connection */ ;
/*!50003 SET character_set_client  = utf8 */ ;
/*!50003 SET character_set_results = utf8 */ ;
/*!50003 SET collation_connection  = utf8_general_ci */ ;
/*!50003 SET @saved_sql_mode       = @@sql_mode */ ;
/*!50003 SET sql_mode              = 'NO_ENGINE_SUBSTITUTION' */ ;
DELIMITER ;;
CREATE DEFINER=`root`@`localhost` PROCEDURE `getTuitionTotalPaidAndRemainingBalance`(
aStudentId INT, aSchoolYearId INT
)
BEGIN

SELECT SUM(b.balancebreakdown_amount) AS totalFees FROM balancebreakdown b
WHERE b.student_id = aStudentId AND b.schoolyear_id = aSchoolYearId ;


END ;;
DELIMITER ;
/*!50003 SET sql_mode              = @saved_sql_mode */ ;
/*!50003 SET character_set_client  = @saved_cs_client */ ;
/*!50003 SET character_set_results = @saved_cs_results */ ;
/*!50003 SET collation_connection  = @saved_col_connection */ ;
/*!50003 DROP PROCEDURE IF EXISTS `getUserById` */;
/*!50003 SET @saved_cs_client      = @@character_set_client */ ;
/*!50003 SET @saved_cs_results     = @@character_set_results */ ;
/*!50003 SET @saved_col_connection = @@collation_connection */ ;
/*!50003 SET character_set_client  = utf8 */ ;
/*!50003 SET character_set_results = utf8 */ ;
/*!50003 SET collation_connection  = utf8_general_ci */ ;
/*!50003 SET @saved_sql_mode       = @@sql_mode */ ;
/*!50003 SET sql_mode              = 'NO_ENGINE_SUBSTITUTION' */ ;
DELIMITER ;;
CREATE DEFINER=`root`@`localhost` PROCEDURE `getUserById`(aUserId INT)
BEGIN

SELECT * FROM user_mt WHERE user_id = aUserId;

END ;;
DELIMITER ;
/*!50003 SET sql_mode              = @saved_sql_mode */ ;
/*!50003 SET character_set_client  = @saved_cs_client */ ;
/*!50003 SET character_set_results = @saved_cs_results */ ;
/*!50003 SET collation_connection  = @saved_col_connection */ ;
/*!50003 DROP PROCEDURE IF EXISTS `getUserCompleteName` */;
/*!50003 SET @saved_cs_client      = @@character_set_client */ ;
/*!50003 SET @saved_cs_results     = @@character_set_results */ ;
/*!50003 SET @saved_col_connection = @@collation_connection */ ;
/*!50003 SET character_set_client  = utf8 */ ;
/*!50003 SET character_set_results = utf8 */ ;
/*!50003 SET collation_connection  = utf8_general_ci */ ;
/*!50003 SET @saved_sql_mode       = @@sql_mode */ ;
/*!50003 SET sql_mode              = 'NO_ENGINE_SUBSTITUTION' */ ;
DELIMITER ;;
CREATE DEFINER=`root`@`localhost` PROCEDURE `getUserCompleteName`(aUserName VARCHAR(20))
BEGIN
 SELECT CONCAT(u.firstname,' ',u.lastname) AS completeName
 FROM user_mt u WHERE u.username = aUserName;
END ;;
DELIMITER ;
/*!50003 SET sql_mode              = @saved_sql_mode */ ;
/*!50003 SET character_set_client  = @saved_cs_client */ ;
/*!50003 SET character_set_results = @saved_cs_results */ ;
/*!50003 SET collation_connection  = @saved_col_connection */ ;
/*!50003 DROP PROCEDURE IF EXISTS `getUserId` */;
/*!50003 SET @saved_cs_client      = @@character_set_client */ ;
/*!50003 SET @saved_cs_results     = @@character_set_results */ ;
/*!50003 SET @saved_col_connection = @@collation_connection */ ;
/*!50003 SET character_set_client  = utf8 */ ;
/*!50003 SET character_set_results = utf8 */ ;
/*!50003 SET collation_connection  = utf8_general_ci */ ;
/*!50003 SET @saved_sql_mode       = @@sql_mode */ ;
/*!50003 SET sql_mode              = 'NO_ENGINE_SUBSTITUTION' */ ;
DELIMITER ;;
CREATE DEFINER=`root`@`localhost` PROCEDURE `getUserId`(IN p_userName VARCHAR(10))
BEGIN
	SELECT id FROM user_mt WHERE username = p_userName;
END ;;
DELIMITER ;
/*!50003 SET sql_mode              = @saved_sql_mode */ ;
/*!50003 SET character_set_client  = @saved_cs_client */ ;
/*!50003 SET character_set_results = @saved_cs_results */ ;
/*!50003 SET collation_connection  = @saved_col_connection */ ;
/*!50003 DROP PROCEDURE IF EXISTS `getUserIdByUserName` */;
/*!50003 SET @saved_cs_client      = @@character_set_client */ ;
/*!50003 SET @saved_cs_results     = @@character_set_results */ ;
/*!50003 SET @saved_col_connection = @@collation_connection */ ;
/*!50003 SET character_set_client  = utf8 */ ;
/*!50003 SET character_set_results = utf8 */ ;
/*!50003 SET collation_connection  = utf8_general_ci */ ;
/*!50003 SET @saved_sql_mode       = @@sql_mode */ ;
/*!50003 SET sql_mode              = 'NO_ENGINE_SUBSTITUTION' */ ;
DELIMITER ;;
CREATE DEFINER=`root`@`localhost` PROCEDURE `getUserIdByUserName`(aUserName VARCHAR(255))
BEGIN
SELECT user_id FROM user_mt WHERE username = aUserName;

END ;;
DELIMITER ;
/*!50003 SET sql_mode              = @saved_sql_mode */ ;
/*!50003 SET character_set_client  = @saved_cs_client */ ;
/*!50003 SET character_set_results = @saved_cs_results */ ;
/*!50003 SET collation_connection  = @saved_col_connection */ ;
/*!50003 DROP PROCEDURE IF EXISTS `getUserLastLogin` */;
/*!50003 SET @saved_cs_client      = @@character_set_client */ ;
/*!50003 SET @saved_cs_results     = @@character_set_results */ ;
/*!50003 SET @saved_col_connection = @@collation_connection */ ;
/*!50003 SET character_set_client  = utf8 */ ;
/*!50003 SET character_set_results = utf8 */ ;
/*!50003 SET collation_connection  = utf8_general_ci */ ;
/*!50003 SET @saved_sql_mode       = @@sql_mode */ ;
/*!50003 SET sql_mode              = 'NO_ENGINE_SUBSTITUTION' */ ;
DELIMITER ;;
CREATE DEFINER=`root`@`localhost` PROCEDURE `getUserLastLogin`(IN p_username varchar(50))
BEGIN
	SELECT lastLoginDate FROM users WHERE username = p_username;
END ;;
DELIMITER ;
/*!50003 SET sql_mode              = @saved_sql_mode */ ;
/*!50003 SET character_set_client  = @saved_cs_client */ ;
/*!50003 SET character_set_results = @saved_cs_results */ ;
/*!50003 SET collation_connection  = @saved_col_connection */ ;
/*!50003 DROP PROCEDURE IF EXISTS `getUsernameByLastName` */;
/*!50003 SET @saved_cs_client      = @@character_set_client */ ;
/*!50003 SET @saved_cs_results     = @@character_set_results */ ;
/*!50003 SET @saved_col_connection = @@collation_connection */ ;
/*!50003 SET character_set_client  = utf8 */ ;
/*!50003 SET character_set_results = utf8 */ ;
/*!50003 SET collation_connection  = utf8_general_ci */ ;
/*!50003 SET @saved_sql_mode       = @@sql_mode */ ;
/*!50003 SET sql_mode              = 'NO_ENGINE_SUBSTITUTION' */ ;
DELIMITER ;;
CREATE DEFINER=`root`@`localhost` PROCEDURE `getUsernameByLastName`(IN p_lastName varchar(50))
BEGIN
	select username from users where lastname = lower(p_lastname);
END ;;
DELIMITER ;
/*!50003 SET sql_mode              = @saved_sql_mode */ ;
/*!50003 SET character_set_client  = @saved_cs_client */ ;
/*!50003 SET character_set_results = @saved_cs_results */ ;
/*!50003 SET collation_connection  = @saved_col_connection */ ;
/*!50003 DROP PROCEDURE IF EXISTS `hasExistingPenaltyFor` */;
/*!50003 SET @saved_cs_client      = @@character_set_client */ ;
/*!50003 SET @saved_cs_results     = @@character_set_results */ ;
/*!50003 SET @saved_col_connection = @@collation_connection */ ;
/*!50003 SET character_set_client  = utf8 */ ;
/*!50003 SET character_set_results = utf8 */ ;
/*!50003 SET collation_connection  = utf8_general_ci */ ;
/*!50003 SET @saved_sql_mode       = @@sql_mode */ ;
/*!50003 SET sql_mode              = 'NO_ENGINE_SUBSTITUTION' */ ;
DELIMITER ;;
CREATE DEFINER=`root`@`localhost` PROCEDURE `hasExistingPenaltyFor`(
balanceBreakDownName VARCHAR(255),
aSchoolYearId INT,
aRegistrationId INT
)
BEGIN

SELECT 
 CASE WHEN COUNT(*) > 0 THEN 1 ELSE 0 END AS hasExistingPenalty
FROM penalty p 
INNER JOIN transaction_penalty tp ON p.penalty_id = tp.penalty_id
INNER JOIN balancebreakdown b ON p.balancebreakdown_id = b.balancebreakdown_id
WHERE b.balancebreakdown_name = balanceBreakDownName 
AND b.schoolyear_id = aSchoolYearId 
AND p.registration_id = aRegistrationId;

END ;;
DELIMITER ;
/*!50003 SET sql_mode              = @saved_sql_mode */ ;
/*!50003 SET character_set_client  = @saved_cs_client */ ;
/*!50003 SET character_set_results = @saved_cs_results */ ;
/*!50003 SET collation_connection  = @saved_col_connection */ ;
/*!50003 DROP PROCEDURE IF EXISTS `hasTuitionBalance` */;
/*!50003 SET @saved_cs_client      = @@character_set_client */ ;
/*!50003 SET @saved_cs_results     = @@character_set_results */ ;
/*!50003 SET @saved_col_connection = @@collation_connection */ ;
/*!50003 SET character_set_client  = utf8 */ ;
/*!50003 SET character_set_results = utf8 */ ;
/*!50003 SET collation_connection  = utf8_general_ci */ ;
/*!50003 SET @saved_sql_mode       = @@sql_mode */ ;
/*!50003 SET sql_mode              = 'NO_ENGINE_SUBSTITUTION' */ ;
DELIMITER ;;
CREATE DEFINER=`root`@`localhost` PROCEDURE `hasTuitionBalance`(aStudentId INT)
BEGIN

DECLARE tuitionTotal DECIMAL(10,2);
DECLARE totalPaid DECIMAL(10,2);

SELECT SUM(b.balancebreakdown_amount) INTO tuitionTotal FROM balancebreakdown b WHERE b.student_id = aStudentId;
SELECT SUM(t.amount_charged) INTO totalPaid FROM transaction_mt t WHERE t.student_id = aStudentId;

IF (tuitionTotal - totalPaid) > 0 THEN 
SELECT 1 AS hasTuitionBalance; 
ELSE SELECT 0 AS hasTuitionBalance;
END IF;

/*
SELECT 
CASE WHEN 
((SELECT SUM(b.balancebreakdown_amount) FROM balancebreakdown b
WHERE b.student_id = aStudentId) -
(SELECT SUM(t.amount_charged) FROM transaction_mt t INNER JOIN transaction_balancebreakdown tb ON t.transaction_id = tb.transaction_id
INNER JOIN balancebreakdown bb ON tb.balancebreakdown_id = bb.balancebreakdown_id WHERE bb.student_id = aStudentId) ) > 0
THEN 1 ELSE 0 END As hasTuitionBalance;
*/


END ;;
DELIMITER ;
/*!50003 SET sql_mode              = @saved_sql_mode */ ;
/*!50003 SET character_set_client  = @saved_cs_client */ ;
/*!50003 SET character_set_results = @saved_cs_results */ ;
/*!50003 SET collation_connection  = @saved_col_connection */ ;
/*!50003 DROP PROCEDURE IF EXISTS `hasTuitionOnSchoolYear` */;
/*!50003 SET @saved_cs_client      = @@character_set_client */ ;
/*!50003 SET @saved_cs_results     = @@character_set_results */ ;
/*!50003 SET @saved_col_connection = @@collation_connection */ ;
/*!50003 SET character_set_client  = utf8 */ ;
/*!50003 SET character_set_results = utf8 */ ;
/*!50003 SET collation_connection  = utf8_general_ci */ ;
/*!50003 SET @saved_sql_mode       = @@sql_mode */ ;
/*!50003 SET sql_mode              = 'NO_ENGINE_SUBSTITUTION' */ ;
DELIMITER ;;
CREATE DEFINER=`root`@`localhost` PROCEDURE `hasTuitionOnSchoolYear`(aStudentId INT, aSchoolYearId INT)
BEGIN

SELECT CASE WHEN COUNT(*) > 0 THEN 1 ELSE 0 END AS hasTuitionOnSchoolYear
FROM balancebreakdown WHERE student_id = aStudentId AND schoolyear_id = aSchoolYearId;

END ;;
DELIMITER ;
/*!50003 SET sql_mode              = @saved_sql_mode */ ;
/*!50003 SET character_set_client  = @saved_cs_client */ ;
/*!50003 SET character_set_results = @saved_cs_results */ ;
/*!50003 SET collation_connection  = @saved_col_connection */ ;
/*!50003 DROP PROCEDURE IF EXISTS `hasTuitionRecord` */;
/*!50003 SET @saved_cs_client      = @@character_set_client */ ;
/*!50003 SET @saved_cs_results     = @@character_set_results */ ;
/*!50003 SET @saved_col_connection = @@collation_connection */ ;
/*!50003 SET character_set_client  = utf8 */ ;
/*!50003 SET character_set_results = utf8 */ ;
/*!50003 SET collation_connection  = utf8_general_ci */ ;
/*!50003 SET @saved_sql_mode       = @@sql_mode */ ;
/*!50003 SET sql_mode              = 'NO_ENGINE_SUBSTITUTION' */ ;
DELIMITER ;;
CREATE DEFINER=`root`@`localhost` PROCEDURE `hasTuitionRecord`(aStudentNo INT, aSchoolYearId INT)
BEGIN

SELECT CASE WHEN COUNT(*) <= 0
THEN FALSE 
ELSE TRUE 
END AS hasTuition
FROM balancebreakdown bb
INNER JOIN student_mt s ON bb.student_id = s.student_id
WHERE s.student_no = aStudentNo
AND bb.schoolyear_id = aSchoolYearId;

END ;;
DELIMITER ;
/*!50003 SET sql_mode              = @saved_sql_mode */ ;
/*!50003 SET character_set_client  = @saved_cs_client */ ;
/*!50003 SET character_set_results = @saved_cs_results */ ;
/*!50003 SET collation_connection  = @saved_col_connection */ ;
/*!50003 DROP PROCEDURE IF EXISTS `isAdmissionCompleteFor` */;
/*!50003 SET @saved_cs_client      = @@character_set_client */ ;
/*!50003 SET @saved_cs_results     = @@character_set_results */ ;
/*!50003 SET @saved_col_connection = @@collation_connection */ ;
/*!50003 SET character_set_client  = utf8 */ ;
/*!50003 SET character_set_results = utf8 */ ;
/*!50003 SET collation_connection  = utf8_general_ci */ ;
/*!50003 SET @saved_sql_mode       = @@sql_mode */ ;
/*!50003 SET sql_mode              = 'NO_ENGINE_SUBSTITUTION' */ ;
DELIMITER ;;
CREATE DEFINER=`root`@`localhost` PROCEDURE `isAdmissionCompleteFor`(
aRegistrationId INT
)
BEGIN

SELECT 
CASE WHEN COUNT(*) > 0 THEN TRUE 
ELSE FALSE
END AS admissionComplete
FROM admission_mt a WHERE registration_id = aRegistrationId;

END ;;
DELIMITER ;
/*!50003 SET sql_mode              = @saved_sql_mode */ ;
/*!50003 SET character_set_client  = @saved_cs_client */ ;
/*!50003 SET character_set_results = @saved_cs_results */ ;
/*!50003 SET collation_connection  = @saved_col_connection */ ;
/*!50003 DROP PROCEDURE IF EXISTS `isFacultyAvailableAdviserFor` */;
/*!50003 SET @saved_cs_client      = @@character_set_client */ ;
/*!50003 SET @saved_cs_results     = @@character_set_results */ ;
/*!50003 SET @saved_col_connection = @@collation_connection */ ;
/*!50003 SET character_set_client  = utf8 */ ;
/*!50003 SET character_set_results = utf8 */ ;
/*!50003 SET collation_connection  = utf8_general_ci */ ;
/*!50003 SET @saved_sql_mode       = @@sql_mode */ ;
/*!50003 SET sql_mode              = 'NO_ENGINE_SUBSTITUTION' */ ;
DELIMITER ;;
CREATE DEFINER=`root`@`localhost` PROCEDURE `isFacultyAvailableAdviserFor`(
aSectionId INT, aSession VARCHAR(2), aSectionType VARCHAR(2),
aAdviserId INT, aSchoolYearId INT
)
BEGIN

DECLARE onSameSection BOOLEAN;
DECLARE hasOtherAm BOOLEAN;
DECLARE hasOtherPm BOOLEAN;
DECLARE hasOtherWd BOOLEAN;
DECLARE hasWdOnSameSection BOOLEAN;

SELECT CASE WHEN COUNT(*) = 1 
THEN TRUE ELSE FALSE END INTO onSameSection 
FROM section_settings_lt ss 
WHERE section_id = aSectionId 
AND ss.adviser_id = aAdviserId 
AND ss.schoolyear_id = aSchoolYearId
AND ss.section_type = aSectionType; 

IF aSession = 'AM' THEN
	SELECT CASE WHEN COUNT(*) >= 1 
	THEN TRUE ELSE FALSE END INTO hasOtherAm 
	FROM section_settings_lt ss 
	WHERE section_id != aSectionId 
	AND ss.adviser_id = aAdviserId 
	AND ss.schoolyear_id = aSchoolYearId
	AND ss.`session` = 'AM'; -- hasOtherAM
    
    SELECT CASE WHEN COUNT(*) >= 1
	THEN TRUE ELSE FALSE END INTO hasOtherWd
	FROM section_settings_lt ss
	WHERE section_id != aSectionId 
    AND ss.adviser_id = aAdviserId 
    AND ss.schoolyear_id = aSchoolYearId
	AND ss.`session` = 'WD'; -- hasOtherWD
        
    SELECT (NOT(hasOtherAm) AND NOT(hasOtherWd)) AS isFacultyAvailable;
END IF;

IF aSession = 'PM' THEN
	SELECT CASE WHEN COUNT(*) >= 1 
	THEN TRUE ELSE FALSE END INTO hasOtherPm 
	FROM section_settings_lt ss 
	WHERE section_id != aSectionId 
	AND ss.adviser_id = aAdviserId 
	AND ss.schoolyear_id = aSchoolYearId
	AND ss.`session` = 'PM';
    
    SELECT CASE WHEN COUNT(*) >= 1
	THEN TRUE ELSE FALSE END INTO hasOtherWd
	FROM section_settings_lt ss
	WHERE section_id != aSectionId 
    AND ss.adviser_id = aAdviserId 
    AND ss.schoolyear_id = aSchoolYearId
	AND ss.`session` = 'WD'; -- hasOtherWD

    SELECT (NOT(hasOtherPm) AND NOT(hasOtherWd)) AS isFacultyAvailable;
END IF;


IF aSession = 'WD' THEN
	SELECT CASE WHEN COUNT(*) >= 1 
	THEN TRUE ELSE FALSE END INTO hasOtherAm 
	FROM section_settings_lt ss 
	WHERE section_id != aSectionId 
	AND ss.adviser_id = aAdviserId 
	AND ss.schoolyear_id = aSchoolYearId
	AND ss.`session` = 'AM'; -- hasOtherAM
    
    SELECT CASE WHEN COUNT(*) >= 1 
	THEN TRUE ELSE FALSE END INTO hasOtherPm 
	FROM section_settings_lt ss 
	WHERE section_id != aSectionId 
	AND ss.adviser_id = aAdviserId 
	AND ss.schoolyear_id = aSchoolYearId
	AND ss.`session` = 'PM'; -- hasOtherPM
    
    SELECT CASE WHEN COUNT(*) >= 1
	THEN TRUE ELSE FALSE END INTO hasOtherWd
	FROM section_settings_lt ss
	WHERE section_id != aSectionId 
    AND ss.adviser_id = aAdviserId 
    AND ss.schoolyear_id = aSchoolYearId
	AND ss.`session` = 'WD' 
    AND ss.section_type = aSectionType; -- hasOtherWD
    
    SELECT (NOT(hasOtherPm) AND NOT(hasOtherAm) AND NOT(hasOtherWd)) AS isFacultyAvailable;
END IF;

END ;;
DELIMITER ;
/*!50003 SET sql_mode              = @saved_sql_mode */ ;
/*!50003 SET character_set_client  = @saved_cs_client */ ;
/*!50003 SET character_set_results = @saved_cs_results */ ;
/*!50003 SET collation_connection  = @saved_col_connection */ ;
/*!50003 DROP PROCEDURE IF EXISTS `isGradeLevelActive` */;
/*!50003 SET @saved_cs_client      = @@character_set_client */ ;
/*!50003 SET @saved_cs_results     = @@character_set_results */ ;
/*!50003 SET @saved_col_connection = @@collation_connection */ ;
/*!50003 SET character_set_client  = utf8 */ ;
/*!50003 SET character_set_results = utf8 */ ;
/*!50003 SET collation_connection  = utf8_general_ci */ ;
/*!50003 SET @saved_sql_mode       = @@sql_mode */ ;
/*!50003 SET sql_mode              = 'NO_ENGINE_SUBSTITUTION' */ ;
DELIMITER ;;
CREATE DEFINER=`root`@`localhost` PROCEDURE `isGradeLevelActive`(IN aGradeLevel INT)
BEGIN
	SELECT isActive FROM gradelevel_mt
    WHERE grade_level = aGradeLevel;
END ;;
DELIMITER ;
/*!50003 SET sql_mode              = @saved_sql_mode */ ;
/*!50003 SET character_set_client  = @saved_cs_client */ ;
/*!50003 SET character_set_results = @saved_cs_results */ ;
/*!50003 SET collation_connection  = @saved_col_connection */ ;
/*!50003 DROP PROCEDURE IF EXISTS `isStudentPromotedTo` */;
/*!50003 SET @saved_cs_client      = @@character_set_client */ ;
/*!50003 SET @saved_cs_results     = @@character_set_results */ ;
/*!50003 SET @saved_col_connection = @@collation_connection */ ;
/*!50003 SET character_set_client  = utf8 */ ;
/*!50003 SET character_set_results = utf8 */ ;
/*!50003 SET collation_connection  = utf8_general_ci */ ;
/*!50003 SET @saved_sql_mode       = @@sql_mode */ ;
/*!50003 SET sql_mode              = 'NO_ENGINE_SUBSTITUTION' */ ;
DELIMITER ;;
CREATE DEFINER=`root`@`localhost` PROCEDURE `isStudentPromotedTo`(
aStudentId INT, aSchoolYearId INT, aGradeLevelId INT
)
BEGIN

SELECT 
CASE WHEN COUNT(*) = 0 THEN FALSE ELSE TRUE END AS isPromoted
FROM promotion WHERE student_id = aStudentId AND gradelevel_id_to = aGradeLevelId
AND yearpromoted_schoolyear_id = aSchoolYearId;

END ;;
DELIMITER ;
/*!50003 SET sql_mode              = @saved_sql_mode */ ;
/*!50003 SET character_set_client  = @saved_cs_client */ ;
/*!50003 SET character_set_results = @saved_cs_results */ ;
/*!50003 SET collation_connection  = @saved_col_connection */ ;
/*!50003 DROP PROCEDURE IF EXISTS `isStudentRecommendedToTakeSummer` */;
/*!50003 SET @saved_cs_client      = @@character_set_client */ ;
/*!50003 SET @saved_cs_results     = @@character_set_results */ ;
/*!50003 SET @saved_col_connection = @@collation_connection */ ;
/*!50003 SET character_set_client  = utf8 */ ;
/*!50003 SET character_set_results = utf8 */ ;
/*!50003 SET collation_connection  = utf8_general_ci */ ;
/*!50003 SET @saved_sql_mode       = @@sql_mode */ ;
/*!50003 SET sql_mode              = 'NO_ENGINE_SUBSTITUTION' */ ;
DELIMITER ;;
CREATE DEFINER=`root`@`localhost` PROCEDURE `isStudentRecommendedToTakeSummer`(
aStudentNo INT, aSchoolYearId INT
)
BEGIN

SELECT CASE WHEN COUNT(*) > 0 THEN TRUE
ELSE FALSE END AS isRecommendedToTakeSummer
FROM summer s
INNER JOIN student_mt smt ON s.student_id = smt.student_id
WHERE smt.student_no = aStudentNo AND s.schoolyear_id = aSchoolYearId
AND s.is_enrolled_in_summer = 0;

END ;;
DELIMITER ;
/*!50003 SET sql_mode              = @saved_sql_mode */ ;
/*!50003 SET character_set_client  = @saved_cs_client */ ;
/*!50003 SET character_set_results = @saved_cs_results */ ;
/*!50003 SET collation_connection  = @saved_col_connection */ ;
/*!50003 DROP PROCEDURE IF EXISTS `isUserActive` */;
/*!50003 SET @saved_cs_client      = @@character_set_client */ ;
/*!50003 SET @saved_cs_results     = @@character_set_results */ ;
/*!50003 SET @saved_col_connection = @@collation_connection */ ;
/*!50003 SET character_set_client  = utf8 */ ;
/*!50003 SET character_set_results = utf8 */ ;
/*!50003 SET collation_connection  = utf8_general_ci */ ;
/*!50003 SET @saved_sql_mode       = @@sql_mode */ ;
/*!50003 SET sql_mode              = 'NO_ENGINE_SUBSTITUTION' */ ;
DELIMITER ;;
CREATE DEFINER=`root`@`localhost` PROCEDURE `isUserActive`(IN p_username varchar(50), OUT p_boolIsActive INT)
BEGIN

	SELECT isActive INTO p_boolIsActive
    FROM users
    WHERE username = lower(p_username);
    
    SELECT p_boolIsActive;
END ;;
DELIMITER ;
/*!50003 SET sql_mode              = @saved_sql_mode */ ;
/*!50003 SET character_set_client  = @saved_cs_client */ ;
/*!50003 SET character_set_results = @saved_cs_results */ ;
/*!50003 SET collation_connection  = @saved_col_connection */ ;
/*!50003 DROP PROCEDURE IF EXISTS `isUserLocked` */;
/*!50003 SET @saved_cs_client      = @@character_set_client */ ;
/*!50003 SET @saved_cs_results     = @@character_set_results */ ;
/*!50003 SET @saved_col_connection = @@collation_connection */ ;
/*!50003 SET character_set_client  = utf8 */ ;
/*!50003 SET character_set_results = utf8 */ ;
/*!50003 SET collation_connection  = utf8_general_ci */ ;
/*!50003 SET @saved_sql_mode       = @@sql_mode */ ;
/*!50003 SET sql_mode              = 'NO_ENGINE_SUBSTITUTION' */ ;
DELIMITER ;;
CREATE DEFINER=`root`@`localhost` PROCEDURE `isUserLocked`(IN p_username varchar(20), OUT p_boolIsLocked SMALLINT)
BEGIN
	SELECT isLocked INTO p_boolIsLocked
    FROM users 
    WHERE username = lower(p_username);
    
    SELECT p_boolIsLocked;
END ;;
DELIMITER ;
/*!50003 SET sql_mode              = @saved_sql_mode */ ;
/*!50003 SET character_set_client  = @saved_cs_client */ ;
/*!50003 SET character_set_results = @saved_cs_results */ ;
/*!50003 SET collation_connection  = @saved_col_connection */ ;
/*!50003 DROP PROCEDURE IF EXISTS `loadFacultySpecialization` */;
/*!50003 SET @saved_cs_client      = @@character_set_client */ ;
/*!50003 SET @saved_cs_results     = @@character_set_results */ ;
/*!50003 SET @saved_col_connection = @@collation_connection */ ;
/*!50003 SET character_set_client  = utf8 */ ;
/*!50003 SET character_set_results = utf8 */ ;
/*!50003 SET collation_connection  = utf8_general_ci */ ;
/*!50003 SET @saved_sql_mode       = @@sql_mode */ ;
/*!50003 SET sql_mode              = 'NO_ENGINE_SUBSTITUTION' */ ;
DELIMITER ;;
CREATE DEFINER=`root`@`localhost` PROCEDURE `loadFacultySpecialization`(IN pIN_facultyId INT)
BEGIN

SELECT subjectcategory_mt.subjectcategory_id, subjectcategory_mt.subjectcategory_name, subjectcategory_mt.description, subjectcategory_mt.isActive FROM faculty_specialization
	INNER JOIN subjectcategory_mt ON subjectcategory_mt.subjectcategory_id = faculty_specialization.specialization_id
	INNER JOIN faculty_mt ON faculty_mt.faculty_id = faculty_specialization.faculty_id
	WHERE faculty_mt.faculty_id = pIN_facultyId;

END ;;
DELIMITER ;
/*!50003 SET sql_mode              = @saved_sql_mode */ ;
/*!50003 SET character_set_client  = @saved_cs_client */ ;
/*!50003 SET character_set_results = @saved_cs_results */ ;
/*!50003 SET collation_connection  = @saved_col_connection */ ;
/*!50003 DROP PROCEDURE IF EXISTS `markAllNewStudentsToOld` */;
/*!50003 SET @saved_cs_client      = @@character_set_client */ ;
/*!50003 SET @saved_cs_results     = @@character_set_results */ ;
/*!50003 SET @saved_col_connection = @@collation_connection */ ;
/*!50003 SET character_set_client  = utf8 */ ;
/*!50003 SET character_set_results = utf8 */ ;
/*!50003 SET collation_connection  = utf8_general_ci */ ;
/*!50003 SET @saved_sql_mode       = @@sql_mode */ ;
/*!50003 SET sql_mode              = 'NO_ENGINE_SUBSTITUTION' */ ;
DELIMITER ;;
CREATE DEFINER=`root`@`localhost` PROCEDURE `markAllNewStudentsToOld`()
BEGIN

UPDATE student_mt SET student_type = 'O' WHERE
(student_id >= 1 AND (student_type = 'N' OR student_type = 'T') );

END ;;
DELIMITER ;
/*!50003 SET sql_mode              = @saved_sql_mode */ ;
/*!50003 SET character_set_client  = @saved_cs_client */ ;
/*!50003 SET character_set_results = @saved_cs_results */ ;
/*!50003 SET collation_connection  = @saved_col_connection */ ;
/*!50003 DROP PROCEDURE IF EXISTS `markOrNoAsUsed` */;
/*!50003 SET @saved_cs_client      = @@character_set_client */ ;
/*!50003 SET @saved_cs_results     = @@character_set_results */ ;
/*!50003 SET @saved_col_connection = @@collation_connection */ ;
/*!50003 SET character_set_client  = utf8 */ ;
/*!50003 SET character_set_results = utf8 */ ;
/*!50003 SET collation_connection  = utf8_general_ci */ ;
/*!50003 SET @saved_sql_mode       = @@sql_mode */ ;
/*!50003 SET sql_mode              = 'NO_ENGINE_SUBSTITUTION' */ ;
DELIMITER ;;
CREATE DEFINER=`root`@`localhost` PROCEDURE `markOrNoAsUsed`(pInOrNo INT)
BEGIN

UPDATE or_no_mt SET is_used = 1 WHERE or_no = pInOrNo;

END ;;
DELIMITER ;
/*!50003 SET sql_mode              = @saved_sql_mode */ ;
/*!50003 SET character_set_client  = @saved_cs_client */ ;
/*!50003 SET character_set_results = @saved_cs_results */ ;
/*!50003 SET collation_connection  = @saved_col_connection */ ;
/*!50003 DROP PROCEDURE IF EXISTS `markStudentGradeLevelAsPassed` */;
/*!50003 SET @saved_cs_client      = @@character_set_client */ ;
/*!50003 SET @saved_cs_results     = @@character_set_results */ ;
/*!50003 SET @saved_col_connection = @@collation_connection */ ;
/*!50003 SET character_set_client  = utf8 */ ;
/*!50003 SET character_set_results = utf8 */ ;
/*!50003 SET collation_connection  = utf8_general_ci */ ;
/*!50003 SET @saved_sql_mode       = @@sql_mode */ ;
/*!50003 SET sql_mode              = 'NO_ENGINE_SUBSTITUTION' */ ;
DELIMITER ;;
CREATE DEFINER=`root`@`localhost` PROCEDURE `markStudentGradeLevelAsPassed`(
aStudentId INT, aGradeLevelId INT, aSchoolYearId INT
)
BEGIN

UPDATE schoolyear_student_lt 
SET passed = 1,
isActiveGradeLevel = 0
WHERE student_id = aStudentId 
AND gradelevel_id = aGradeLevelId
AND schoolyear_id = aSchoolYearId;

END ;;
DELIMITER ;
/*!50003 SET sql_mode              = @saved_sql_mode */ ;
/*!50003 SET character_set_client  = @saved_cs_client */ ;
/*!50003 SET character_set_results = @saved_cs_results */ ;
/*!50003 SET collation_connection  = @saved_col_connection */ ;
/*!50003 DROP PROCEDURE IF EXISTS `markSummerStudentAsEnrolled` */;
/*!50003 SET @saved_cs_client      = @@character_set_client */ ;
/*!50003 SET @saved_cs_results     = @@character_set_results */ ;
/*!50003 SET @saved_col_connection = @@collation_connection */ ;
/*!50003 SET character_set_client  = utf8 */ ;
/*!50003 SET character_set_results = utf8 */ ;
/*!50003 SET collation_connection  = utf8_general_ci */ ;
/*!50003 SET @saved_sql_mode       = @@sql_mode */ ;
/*!50003 SET sql_mode              = 'NO_ENGINE_SUBSTITUTION' */ ;
DELIMITER ;;
CREATE DEFINER=`root`@`localhost` PROCEDURE `markSummerStudentAsEnrolled`(
aStudentId INT, aSchoolYearId INT
)
BEGIN

UPDATE summer SET is_enrolled_in_summer = 1
WHERE student_id = aStudentId AND 
schoolyear_id = aSchoolYearId;

END ;;
DELIMITER ;
/*!50003 SET sql_mode              = @saved_sql_mode */ ;
/*!50003 SET character_set_client  = @saved_cs_client */ ;
/*!50003 SET character_set_results = @saved_cs_results */ ;
/*!50003 SET collation_connection  = @saved_col_connection */ ;
/*!50003 DROP PROCEDURE IF EXISTS `openSchoolYear` */;
/*!50003 SET @saved_cs_client      = @@character_set_client */ ;
/*!50003 SET @saved_cs_results     = @@character_set_results */ ;
/*!50003 SET @saved_col_connection = @@collation_connection */ ;
/*!50003 SET character_set_client  = utf8 */ ;
/*!50003 SET character_set_results = utf8 */ ;
/*!50003 SET collation_connection  = utf8_general_ci */ ;
/*!50003 SET @saved_sql_mode       = @@sql_mode */ ;
/*!50003 SET sql_mode              = 'NO_ENGINE_SUBSTITUTION' */ ;
DELIMITER ;;
CREATE DEFINER=`root`@`localhost` PROCEDURE `openSchoolYear`(aSchoolYearId INT)
BEGIN

UPDATE schoolyear_mt SET isActive = 1, isCurrentSchoolYear = 1
WHERE schoolyear_id = aSchoolYearId;

END ;;
DELIMITER ;
/*!50003 SET sql_mode              = @saved_sql_mode */ ;
/*!50003 SET character_set_client  = @saved_cs_client */ ;
/*!50003 SET character_set_results = @saved_cs_results */ ;
/*!50003 SET collation_connection  = @saved_col_connection */ ;
/*!50003 DROP PROCEDURE IF EXISTS `promoteStudentById` */;
/*!50003 SET @saved_cs_client      = @@character_set_client */ ;
/*!50003 SET @saved_cs_results     = @@character_set_results */ ;
/*!50003 SET @saved_col_connection = @@collation_connection */ ;
/*!50003 SET character_set_client  = utf8 */ ;
/*!50003 SET character_set_results = utf8 */ ;
/*!50003 SET collation_connection  = utf8_general_ci */ ;
/*!50003 SET @saved_sql_mode       = @@sql_mode */ ;
/*!50003 SET sql_mode              = 'NO_ENGINE_SUBSTITUTION' */ ;
DELIMITER ;;
CREATE DEFINER=`root`@`localhost` PROCEDURE `promoteStudentById`(
IN pIN_schoolyearId INT,
IN pIN_studentId INT,
IN pIN_gradeLevelId INT,
IN pIN_setIsPassed BOOLEAN
)
BEGIN
 
 	
    START TRANSACTION;
    
    IF (pIN_setIsPassed = TRUE) THEN
    
		UPDATE schoolyear_student_lt 
		SET passed = 1, isActive = 0
		WHERE schoolyear_id = pIN_schoolyearId
		AND student_id = pIN_studentId
		AND gradelevel_id = pIN_gradeLevelId;
        
        UPDATE section_student
        SET isActive = 0
        WHERE schoolyear_id = pIN_schoolyearId
        AND student_id = pIN_studentId;
		
        UPDATE student_grade
        SET isActive = 0
        WHERE student_id = pIN_studentId;
        
		INSERT INTO schoolyear_student_lt (schoolyear_id, student_id, gradelevel_id, passed, isActive)
		VALUES (pIN_schoolyearId, pIN_studentId, pIN_gradeLevelId + 1, null, true);
    
    ELSE
		
        UPDATE schoolyear_student_lt 
		SET passed = 0, isActive = 1
		WHERE schoolyear_id = pIN_schoolyearId
		AND student_id = pIN_studentId
		AND gradelevel_id = pIN_gradeLevelId;
        
    END IF;
    
	
    
	COMMIT;
 
END ;;
DELIMITER ;
/*!50003 SET sql_mode              = @saved_sql_mode */ ;
/*!50003 SET character_set_client  = @saved_cs_client */ ;
/*!50003 SET character_set_results = @saved_cs_results */ ;
/*!50003 SET collation_connection  = @saved_col_connection */ ;
/*!50003 DROP PROCEDURE IF EXISTS `registrationExists` */;
/*!50003 SET @saved_cs_client      = @@character_set_client */ ;
/*!50003 SET @saved_cs_results     = @@character_set_results */ ;
/*!50003 SET @saved_col_connection = @@collation_connection */ ;
/*!50003 SET character_set_client  = utf8 */ ;
/*!50003 SET character_set_results = utf8 */ ;
/*!50003 SET collation_connection  = utf8_general_ci */ ;
/*!50003 SET @saved_sql_mode       = @@sql_mode */ ;
/*!50003 SET sql_mode              = 'NO_ENGINE_SUBSTITUTION' */ ;
DELIMITER ;;
CREATE DEFINER=`root`@`localhost` PROCEDURE `registrationExists`(aStudentId INT)
BEGIN

SELECT 
CASE WHEN COUNT(*) > 0 THEN TRUE
WHEN COUNT(*) <= 0 THEN FALSE
END AS registrationExists

FROM student_mt 
WHERE student_id = aStudentId;

END ;;
DELIMITER ;
/*!50003 SET sql_mode              = @saved_sql_mode */ ;
/*!50003 SET character_set_client  = @saved_cs_client */ ;
/*!50003 SET character_set_results = @saved_cs_results */ ;
/*!50003 SET collation_connection  = @saved_col_connection */ ;
/*!50003 DROP PROCEDURE IF EXISTS `removeAllSubjectCategoryAssignedSubjects` */;
/*!50003 SET @saved_cs_client      = @@character_set_client */ ;
/*!50003 SET @saved_cs_results     = @@character_set_results */ ;
/*!50003 SET @saved_col_connection = @@collation_connection */ ;
/*!50003 SET character_set_client  = utf8 */ ;
/*!50003 SET character_set_results = utf8 */ ;
/*!50003 SET collation_connection  = utf8_general_ci */ ;
/*!50003 SET @saved_sql_mode       = @@sql_mode */ ;
/*!50003 SET sql_mode              = 'NO_ENGINE_SUBSTITUTION' */ ;
DELIMITER ;;
CREATE DEFINER=`root`@`localhost` PROCEDURE `removeAllSubjectCategoryAssignedSubjects`(subjectCategoryId INT)
BEGIN

DELETE FROM subjectcategory_subject 
WHERE subjectcategory_id = subjectCategoryId;

END ;;
DELIMITER ;
/*!50003 SET sql_mode              = @saved_sql_mode */ ;
/*!50003 SET character_set_client  = @saved_cs_client */ ;
/*!50003 SET character_set_results = @saved_cs_results */ ;
/*!50003 SET collation_connection  = @saved_col_connection */ ;
/*!50003 DROP PROCEDURE IF EXISTS `removeCredentialById` */;
/*!50003 SET @saved_cs_client      = @@character_set_client */ ;
/*!50003 SET @saved_cs_results     = @@character_set_results */ ;
/*!50003 SET @saved_col_connection = @@collation_connection */ ;
/*!50003 SET character_set_client  = utf8 */ ;
/*!50003 SET character_set_results = utf8 */ ;
/*!50003 SET collation_connection  = utf8_general_ci */ ;
/*!50003 SET @saved_sql_mode       = @@sql_mode */ ;
/*!50003 SET sql_mode              = 'NO_ENGINE_SUBSTITUTION' */ ;
DELIMITER ;;
CREATE DEFINER=`root`@`localhost` PROCEDURE `removeCredentialById`(aCredentialId INT)
BEGIN

DECLARE EXIT HANDLER FOR sqlexception
BEGIN
	ROLLBACK;
	RESIGNAL;
END;

START TRANSACTION;

DELETE FROM credential_requirements_lt WHERE credential_id >= aCredentialId;
DELETE FROM credentials_received_lt WHERE credential_id >= aCredentialId;
DELETE FROM credentials_mt WHERE credential_id >= aCredentialId;

COMMIT;

END ;;
DELIMITER ;
/*!50003 SET sql_mode              = @saved_sql_mode */ ;
/*!50003 SET character_set_client  = @saved_cs_client */ ;
/*!50003 SET character_set_results = @saved_cs_results */ ;
/*!50003 SET collation_connection  = @saved_col_connection */ ;
/*!50003 DROP PROCEDURE IF EXISTS `removeCurriculumSubjectsById` */;
/*!50003 SET @saved_cs_client      = @@character_set_client */ ;
/*!50003 SET @saved_cs_results     = @@character_set_results */ ;
/*!50003 SET @saved_col_connection = @@collation_connection */ ;
/*!50003 SET character_set_client  = utf8 */ ;
/*!50003 SET character_set_results = utf8 */ ;
/*!50003 SET collation_connection  = utf8_general_ci */ ;
/*!50003 SET @saved_sql_mode       = @@sql_mode */ ;
/*!50003 SET sql_mode              = 'NO_ENGINE_SUBSTITUTION' */ ;
DELIMITER ;;
CREATE DEFINER=`root`@`localhost` PROCEDURE `removeCurriculumSubjectsById`(curriculumId INT)
BEGIN

DELETE FROM curriculum_subject_lt
WHERE curriculum_id = curriculumId;

END ;;
DELIMITER ;
/*!50003 SET sql_mode              = @saved_sql_mode */ ;
/*!50003 SET character_set_client  = @saved_cs_client */ ;
/*!50003 SET character_set_results = @saved_cs_results */ ;
/*!50003 SET collation_connection  = @saved_col_connection */ ;
/*!50003 DROP PROCEDURE IF EXISTS `removeStudentsFromSectionBySectionIdandSchoolYearId` */;
/*!50003 SET @saved_cs_client      = @@character_set_client */ ;
/*!50003 SET @saved_cs_results     = @@character_set_results */ ;
/*!50003 SET @saved_col_connection = @@collation_connection */ ;
/*!50003 SET character_set_client  = utf8 */ ;
/*!50003 SET character_set_results = utf8 */ ;
/*!50003 SET collation_connection  = utf8_general_ci */ ;
/*!50003 SET @saved_sql_mode       = @@sql_mode */ ;
/*!50003 SET sql_mode              = 'NO_ENGINE_SUBSTITUTION' */ ;
DELIMITER ;;
CREATE DEFINER=`root`@`localhost` PROCEDURE `removeStudentsFromSectionBySectionIdandSchoolYearId`(
aSectionId INT, aSchoolYearId INT
)
BEGIN

DELETE FROM section_student WHERE section_id = aSectionId AND 
schoolyear_id = aSchoolYearId;

END ;;
DELIMITER ;
/*!50003 SET sql_mode              = @saved_sql_mode */ ;
/*!50003 SET character_set_client  = @saved_cs_client */ ;
/*!50003 SET character_set_results = @saved_cs_results */ ;
/*!50003 SET collation_connection  = @saved_col_connection */ ;
/*!50003 DROP PROCEDURE IF EXISTS `sampleStoredProc` */;
/*!50003 SET @saved_cs_client      = @@character_set_client */ ;
/*!50003 SET @saved_cs_results     = @@character_set_results */ ;
/*!50003 SET @saved_col_connection = @@collation_connection */ ;
/*!50003 SET character_set_client  = utf8 */ ;
/*!50003 SET character_set_results = utf8 */ ;
/*!50003 SET collation_connection  = utf8_general_ci */ ;
/*!50003 SET @saved_sql_mode       = @@sql_mode */ ;
/*!50003 SET sql_mode              = 'NO_ENGINE_SUBSTITUTION' */ ;
DELIMITER ;;
CREATE DEFINER=`root`@`localhost` PROCEDURE `sampleStoredProc`()
BEGIN

-- SELECT * FROM
-- SELECT * FROM
-- SELECT * FROM
-- SELECT * FROM
-- SELECT * FROM
-- SELECT * FROM
-- SELECT * FROM-- SELECT * FROM
-- SELECT * FROM-- SELECT * FROM-- SELECT * FROM-- SELECT * FROM-- SELECT * FROM 

END ;;
DELIMITER ;
/*!50003 SET sql_mode              = @saved_sql_mode */ ;
/*!50003 SET character_set_client  = @saved_cs_client */ ;
/*!50003 SET character_set_results = @saved_cs_results */ ;
/*!50003 SET collation_connection  = @saved_col_connection */ ;
/*!50003 DROP PROCEDURE IF EXISTS `sectionExists` */;
/*!50003 SET @saved_cs_client      = @@character_set_client */ ;
/*!50003 SET @saved_cs_results     = @@character_set_results */ ;
/*!50003 SET @saved_col_connection = @@collation_connection */ ;
/*!50003 SET character_set_client  = utf8 */ ;
/*!50003 SET character_set_results = utf8 */ ;
/*!50003 SET collation_connection  = utf8_general_ci */ ;
/*!50003 SET @saved_sql_mode       = @@sql_mode */ ;
/*!50003 SET sql_mode              = 'NO_ENGINE_SUBSTITUTION' */ ;
DELIMITER ;;
CREATE DEFINER=`root`@`localhost` PROCEDURE `sectionExists`(aSectionName VARCHAR(255))
BEGIN

DECLARE countOfRecord INT;
DECLARE sectionExists BOOLEAN;

SELECT COUNT(*) INTO countOfRecord FROM section_mt WHERE 
sectionName = TRIM(aSectionName);

IF countOfRecord > 1
THEN SELECT TRUE INTO sectionExists;
ELSE SELECT FALSE INTO sectionExists;
END IF;

SELECT sectionExists;

END ;;
DELIMITER ;
/*!50003 SET sql_mode              = @saved_sql_mode */ ;
/*!50003 SET character_set_client  = @saved_cs_client */ ;
/*!50003 SET character_set_results = @saved_cs_results */ ;
/*!50003 SET collation_connection  = @saved_col_connection */ ;
/*!50003 DROP PROCEDURE IF EXISTS `sectionhasSchedule` */;
/*!50003 SET @saved_cs_client      = @@character_set_client */ ;
/*!50003 SET @saved_cs_results     = @@character_set_results */ ;
/*!50003 SET @saved_col_connection = @@collation_connection */ ;
/*!50003 SET character_set_client  = utf8 */ ;
/*!50003 SET character_set_results = utf8 */ ;
/*!50003 SET collation_connection  = utf8_general_ci */ ;
/*!50003 SET @saved_sql_mode       = @@sql_mode */ ;
/*!50003 SET sql_mode              = 'NO_ENGINE_SUBSTITUTION' */ ;
DELIMITER ;;
CREATE DEFINER=`root`@`localhost` PROCEDURE `sectionhasSchedule`(aSectionId INT, aSchoolYearId INT)
BEGIN

DECLARE recordCount INT;

SELECT COUNT(*) INTO recordCount
FROM schedule_mt WHERE section_id = aSectionId
AND schoolyear_id = aSchoolYearId;

SELECT recordCount;

END ;;
DELIMITER ;
/*!50003 SET sql_mode              = @saved_sql_mode */ ;
/*!50003 SET character_set_client  = @saved_cs_client */ ;
/*!50003 SET character_set_results = @saved_cs_results */ ;
/*!50003 SET collation_connection  = @saved_col_connection */ ;
/*!50003 DROP PROCEDURE IF EXISTS `setAdmissionGradeLevel` */;
/*!50003 SET @saved_cs_client      = @@character_set_client */ ;
/*!50003 SET @saved_cs_results     = @@character_set_results */ ;
/*!50003 SET @saved_col_connection = @@collation_connection */ ;
/*!50003 SET character_set_client  = utf8 */ ;
/*!50003 SET character_set_results = utf8 */ ;
/*!50003 SET collation_connection  = utf8_general_ci */ ;
/*!50003 SET @saved_sql_mode       = @@sql_mode */ ;
/*!50003 SET sql_mode              = 'NO_ENGINE_SUBSTITUTION' */ ;
DELIMITER ;;
CREATE DEFINER=`root`@`localhost` PROCEDURE `setAdmissionGradeLevel`(aGradeLevelId INT, aRegistrationId INT)
BEGIN

UPDATE registration_mt r 
SET r.gradelevel_id = aGradeLevelId 
WHERE r.registration_id = aRegistrationId;

END ;;
DELIMITER ;
/*!50003 SET sql_mode              = @saved_sql_mode */ ;
/*!50003 SET character_set_client  = @saved_cs_client */ ;
/*!50003 SET character_set_results = @saved_cs_results */ ;
/*!50003 SET collation_connection  = @saved_col_connection */ ;
/*!50003 DROP PROCEDURE IF EXISTS `setAllStudentsInactive` */;
/*!50003 SET @saved_cs_client      = @@character_set_client */ ;
/*!50003 SET @saved_cs_results     = @@character_set_results */ ;
/*!50003 SET @saved_col_connection = @@collation_connection */ ;
/*!50003 SET character_set_client  = utf8 */ ;
/*!50003 SET character_set_results = utf8 */ ;
/*!50003 SET collation_connection  = utf8_general_ci */ ;
/*!50003 SET @saved_sql_mode       = @@sql_mode */ ;
/*!50003 SET sql_mode              = 'NO_ENGINE_SUBSTITUTION' */ ;
DELIMITER ;;
CREATE DEFINER=`root`@`localhost` PROCEDURE `setAllStudentsInactive`()
BEGIN

DECLARE EXIT HANDLER FOR sqlexception
	BEGIN
		ROLLBACK;
		RESIGNAL;
	END;

START TRANSACTION;

 
IF (  SELECT COUNT(sy.schoolyear_id) 
		FROM schoolyear_mt sy 
		WHERE CURDATE() >= sy.start_date AND 
		CURDATE() <= sy.end_date) = 0 
THEN 
		SELECT 'CURDATE() is not within any schoolyear'; 
        IF(SELECT COUNT(s.schoolyear_id)
			FROM schoolyear_mt s
			WHERE CURDATE() > s.end_date) > 0
		THEN
			UPDATE enrollment_student_lt SET isEarlyEnrollment = 0;
			UPDATE student_mt SET isActive = 0;
            SELECT 'CURDATE() greater than s.end_date';
		END IF;
		 
        IF  (SELECT COUNT(s.schoolyear_id)
			 FROM schoolyear_mt s
			 WHERE CURDATE() < s.start_date) > 0
        THEN 
			UPDATE student_mt SET isActive = 0;
            SELECT 'CURDATE() less than s.start_date';
		END IF;
    
END IF;


COMMIT;

END ;;
DELIMITER ;
/*!50003 SET sql_mode              = @saved_sql_mode */ ;
/*!50003 SET character_set_client  = @saved_cs_client */ ;
/*!50003 SET character_set_results = @saved_cs_results */ ;
/*!50003 SET collation_connection  = @saved_col_connection */ ;
/*!50003 DROP PROCEDURE IF EXISTS `setCurrentSchoolYear` */;
/*!50003 SET @saved_cs_client      = @@character_set_client */ ;
/*!50003 SET @saved_cs_results     = @@character_set_results */ ;
/*!50003 SET @saved_col_connection = @@collation_connection */ ;
/*!50003 SET character_set_client  = utf8 */ ;
/*!50003 SET character_set_results = utf8 */ ;
/*!50003 SET collation_connection  = utf8_general_ci */ ;
/*!50003 SET @saved_sql_mode       = @@sql_mode */ ;
/*!50003 SET sql_mode              = 'NO_ENGINE_SUBSTITUTION' */ ;
DELIMITER ;;
CREATE DEFINER=`root`@`localhost` PROCEDURE `setCurrentSchoolYear`()
BEGIN

DECLARE aCurDateSyId INT;

DECLARE EXIT HANDLER FOR sqlexception
	BEGIN
		ROLLBACK;
		RESIGNAL;
	END;

START TRANSACTION;
	
    
	SELECT schoolyear_id INTO aCurDateSyId FROM schoolyear_mt
    WHERE curdate() >= start_date AND curdate() <= end_date;
    
    IF aCurDateSyId IS NOT NULL 
    THEN
		UPDATE schoolyear_mt SET isCurrentSchoolYear = 0 
        WHERE schoolyear_id != aCurDateSyId;
        
        UPDATE schoolyear_mt SET isActive = 0 
        WHERE schoolyear_id != aCurDateSyId; 
			
		UPDATE schoolyear_mt SET isCurrentSchoolYear = 1
		WHERE schoolyear_id = aCurDateSyId;
	ELSEIF aCurDateSyId IS NULL
    THEN
		SELECT 'CURRENT DATE is NOT part of any schoolyear';
        UPDATE schoolyear_mt SET isCurrentSchoolYear = 0;
	END IF;
    
COMMIT;

END ;;
DELIMITER ;
/*!50003 SET sql_mode              = @saved_sql_mode */ ;
/*!50003 SET character_set_client  = @saved_cs_client */ ;
/*!50003 SET character_set_results = @saved_cs_results */ ;
/*!50003 SET collation_connection  = @saved_col_connection */ ;
/*!50003 DROP PROCEDURE IF EXISTS `setPaymentTermDownPayment` */;
/*!50003 SET @saved_cs_client      = @@character_set_client */ ;
/*!50003 SET @saved_cs_results     = @@character_set_results */ ;
/*!50003 SET @saved_col_connection = @@collation_connection */ ;
/*!50003 SET character_set_client  = utf8 */ ;
/*!50003 SET character_set_results = utf8 */ ;
/*!50003 SET collation_connection  = utf8_general_ci */ ;
/*!50003 SET @saved_sql_mode       = @@sql_mode */ ;
/*!50003 SET sql_mode              = 'NO_ENGINE_SUBSTITUTION' */ ;
DELIMITER ;;
CREATE DEFINER=`root`@`localhost` PROCEDURE `setPaymentTermDownPayment`(aPaymentTermId INT, aDownPaymentAmount DECIMAL, aSchoolYearId INT)
BEGIN
	DECLARE myPaymentTermDownPaymentId INT;
	DECLARE EXIT HANDLER FOR sqlexception
    BEGIN
		ROLLBACK;
        RESIGNAL;
    END;

	START transaction;
	INSERT INTO paymentterm_downpayment(paymentterm_id, downpayment)
	VALUES(aPaymentTermId, aDownPaymentAmount);
    SELECT LAST_INSERT_ID() INTO myPaymentTermDownPaymentId;
    
    INSERT INTO paymentterm_downpayment_schoolyear(paymentterm_downpayment_id, schoolyear_id)
    VALUES(myPaymentTermDownPaymentId, aSchoolYearId);
    
    COMMIT;
END ;;
DELIMITER ;
/*!50003 SET sql_mode              = @saved_sql_mode */ ;
/*!50003 SET character_set_client  = @saved_cs_client */ ;
/*!50003 SET character_set_results = @saved_cs_results */ ;
/*!50003 SET collation_connection  = @saved_col_connection */ ;
/*!50003 DROP PROCEDURE IF EXISTS `spUtil_add_default_admin_user` */;
/*!50003 SET @saved_cs_client      = @@character_set_client */ ;
/*!50003 SET @saved_cs_results     = @@character_set_results */ ;
/*!50003 SET @saved_col_connection = @@collation_connection */ ;
/*!50003 SET character_set_client  = utf8 */ ;
/*!50003 SET character_set_results = utf8 */ ;
/*!50003 SET collation_connection  = utf8_general_ci */ ;
/*!50003 SET @saved_sql_mode       = @@sql_mode */ ;
/*!50003 SET sql_mode              = 'NO_ENGINE_SUBSTITUTION' */ ;
DELIMITER ;;
CREATE DEFINER=`root`@`localhost` PROCEDURE `spUtil_add_default_admin_user`()
BEGIN

DECLARE aUserId INT;

DECLARE EXIT HANDLER FOR sqlexception
BEGIN
	rollback;
    resignal;
    SELECT 'Failed to add default admin user';
END;

START TRANSACTION;

	INSERT INTO user_mt(username, `password`, lastname, firstname, middlename, addedBy)
	VALUES('admin','admin','Default','Admin','Login','DB Administrator');
	SELECT last_insert_id() INTO aUserId;
	INSERT INTO user_role(user_id, role_id)
	VALUES(aUserId, 1);

COMMIT;

END ;;
DELIMITER ;
/*!50003 SET sql_mode              = @saved_sql_mode */ ;
/*!50003 SET character_set_client  = @saved_cs_client */ ;
/*!50003 SET character_set_results = @saved_cs_results */ ;
/*!50003 SET collation_connection  = @saved_col_connection */ ;
/*!50003 DROP PROCEDURE IF EXISTS `spUtil_add_subjects` */;
/*!50003 SET @saved_cs_client      = @@character_set_client */ ;
/*!50003 SET @saved_cs_results     = @@character_set_results */ ;
/*!50003 SET @saved_col_connection = @@collation_connection */ ;
/*!50003 SET character_set_client  = utf8 */ ;
/*!50003 SET character_set_results = utf8 */ ;
/*!50003 SET collation_connection  = utf8_general_ci */ ;
/*!50003 SET @saved_sql_mode       = @@sql_mode */ ;
/*!50003 SET sql_mode              = 'NO_ENGINE_SUBSTITUTION' */ ;
DELIMITER ;;
CREATE DEFINER=`root`@`localhost` PROCEDURE `spUtil_add_subjects`(
aCode VARCHAR(255),
aTitle varchar(255), 
aDescription VARCHAR(255),
aGradeLevelId INT
)
BEGIN

DECLARE aSubjectId INT;
    
    DECLARE EXIT HANDLER FOR sqlexception
    BEGIN
		ROLLBACK;
        RESIGNAL;
    END;

START TRANSACTION;

INSERT INTO `enrollmentdb`.`subject_mt`
(
`code`,
`title`,
`description`)
VALUES
(aCode,
aTitle,
aDescription
);

SELECT last_insert_id() INTO aSubjectId;

INSERT INTO subject_gradelevel_lt(subject_id,gradelevel_id)
VALUES(aSubjectId, aGradeLevelId); 

COMMIT;

END ;;
DELIMITER ;
/*!50003 SET sql_mode              = @saved_sql_mode */ ;
/*!50003 SET character_set_client  = @saved_cs_client */ ;
/*!50003 SET character_set_results = @saved_cs_results */ ;
/*!50003 SET collation_connection  = @saved_col_connection */ ;
/*!50003 DROP PROCEDURE IF EXISTS `spUtil_deactivate_all_students` */;
/*!50003 SET @saved_cs_client      = @@character_set_client */ ;
/*!50003 SET @saved_cs_results     = @@character_set_results */ ;
/*!50003 SET @saved_col_connection = @@collation_connection */ ;
/*!50003 SET character_set_client  = utf8 */ ;
/*!50003 SET character_set_results = utf8 */ ;
/*!50003 SET collation_connection  = utf8_general_ci */ ;
/*!50003 SET @saved_sql_mode       = @@sql_mode */ ;
/*!50003 SET sql_mode              = 'NO_ENGINE_SUBSTITUTION' */ ;
DELIMITER ;;
CREATE DEFINER=`root`@`localhost` PROCEDURE `spUtil_deactivate_all_students`()
BEGIN

UPDATE student_mt SET isActive = 0 WHERE
isActive = 1;

END ;;
DELIMITER ;
/*!50003 SET sql_mode              = @saved_sql_mode */ ;
/*!50003 SET character_set_client  = @saved_cs_client */ ;
/*!50003 SET character_set_results = @saved_cs_results */ ;
/*!50003 SET collation_connection  = @saved_col_connection */ ;
/*!50003 DROP PROCEDURE IF EXISTS `spUtil_generate_rooms` */;
/*!50003 SET @saved_cs_client      = @@character_set_client */ ;
/*!50003 SET @saved_cs_results     = @@character_set_results */ ;
/*!50003 SET @saved_col_connection = @@collation_connection */ ;
/*!50003 SET character_set_client  = utf8 */ ;
/*!50003 SET character_set_results = utf8 */ ;
/*!50003 SET collation_connection  = utf8_general_ci */ ;
/*!50003 SET @saved_sql_mode       = @@sql_mode */ ;
/*!50003 SET sql_mode              = 'NO_ENGINE_SUBSTITUTION' */ ;
DELIMITER ;;
CREATE DEFINER=`root`@`localhost` PROCEDURE `spUtil_generate_rooms`()
BEGIN

DECLARE roomNo INT DEFAULT 300;

WHILE roomNo <= 350 DO
	INSERT INTO room_mt(room_name_or_num, bldg_name_or_num, capacity)
    VALUES(roomNo, CONCAT('Building ',' ',roomNo),30);
    SET roomNo = roomNo + 1;
	END WHILE;
    
END ;;
DELIMITER ;
/*!50003 SET sql_mode              = @saved_sql_mode */ ;
/*!50003 SET character_set_client  = @saved_cs_client */ ;
/*!50003 SET character_set_results = @saved_cs_results */ ;
/*!50003 SET collation_connection  = @saved_col_connection */ ;
/*!50003 DROP PROCEDURE IF EXISTS `spUtil_wipeout_allstudent_record` */;
/*!50003 SET @saved_cs_client      = @@character_set_client */ ;
/*!50003 SET @saved_cs_results     = @@character_set_results */ ;
/*!50003 SET @saved_col_connection = @@collation_connection */ ;
/*!50003 SET character_set_client  = utf8 */ ;
/*!50003 SET character_set_results = utf8 */ ;
/*!50003 SET collation_connection  = utf8_general_ci */ ;
/*!50003 SET @saved_sql_mode       = @@sql_mode */ ;
/*!50003 SET sql_mode              = 'NO_ENGINE_SUBSTITUTION' */ ;
DELIMITER ;;
CREATE DEFINER=`root`@`localhost` PROCEDURE `spUtil_wipeout_allstudent_record`()
BEGIN

DECLARE EXIT HANDLER FOR sqlexception
    BEGIN
		ROLLBACK;
        SELECT 'Error encountered';
        RESIGNAL;
    END;
    
START TRANSACTION;
DELETE FROM student_grade WHERE student_id >= 1;
DELETE FROM admission_mt WHERE admission_id >= 1;
DELETE FROM credentials_received_lt WHERE credential_id >= 1;
DELETE FROM enrollment_student_lt WHERE enrollment_id >= 1;

DELETE FROM schoolyear_student_lt WHERE student_id >= 1;
-- Tuition Fee and Payment --
DELETE FROM balance_breakdown_fee WHERE balance_breakdown_fee_id >= 1;
DELETE FROM tuition_fee WHERE balance_breakdown_fee_id >= 1;
DELETE FROM student_discount_lt WHERE student_id >= 1;
DELETE FROM student_paymentterm_lt WHERE student_id >= 1;
DELETE FROM transaction_mt WHERE transaction_id >= 1;
DELETE FROM payment WHERE payment_id >= 1;
DELETE FROM transaction_payment_lt WHERE payment_id >= 1;
-- end of Tuition Fee and Payment

DELETE FROM transferee_grade WHERE student_id >= 1;
DELETE FROM transferee_student WHERE student_id >= 1;
DELETE FROM student_fee WHERE student_id >= 1;
DELETE FROM student_mt WHERE student_id >= 1;
DELETE FROM registration_mt WHERE registration_id >= 1;
DELETE FROM schoolyear_student_lt WHERE student_id >= 1;
DELETE FROM section_student WHERE student_id >= 1;
DELETE FROM student_address_lt WHERE student_id >= 1;
DELETE FROM student_fee WHERE student_id >= 1;
DELETE FROM student_grade WHERE student_id >= 1;
DELETE FROM student_promotion WHERE student_id >= 1;
DELETE FROM student_summer WHERE student_id >= 1;
DELETE FROM transferee_grade WHERE student_id >= 1;
DELETE FROM transferee_student WHERE student_id >= 1;

COMMIT;

END ;;
DELIMITER ;
/*!50003 SET sql_mode              = @saved_sql_mode */ ;
/*!50003 SET character_set_client  = @saved_cs_client */ ;
/*!50003 SET character_set_results = @saved_cs_results */ ;
/*!50003 SET collation_connection  = @saved_col_connection */ ;
/*!50003 DROP PROCEDURE IF EXISTS `spUtil_wipeout_all_faculty_record` */;
/*!50003 SET @saved_cs_client      = @@character_set_client */ ;
/*!50003 SET @saved_cs_results     = @@character_set_results */ ;
/*!50003 SET @saved_col_connection = @@collation_connection */ ;
/*!50003 SET character_set_client  = utf8 */ ;
/*!50003 SET character_set_results = utf8 */ ;
/*!50003 SET collation_connection  = utf8_general_ci */ ;
/*!50003 SET @saved_sql_mode       = @@sql_mode */ ;
/*!50003 SET sql_mode              = 'NO_ENGINE_SUBSTITUTION' */ ;
DELIMITER ;;
CREATE DEFINER=`root`@`localhost` PROCEDURE `spUtil_wipeout_all_faculty_record`()
BEGIN

DECLARE EXIT HANDLER FOR sqlexception
BEGIN
	ROLLBACK;
    RESIGNAL;
END;

START TRANSACTION;
DELETE FROM section_settings_lt WHERE adviser_id >= 1;
DELETE FROM faculty_schedule WHERE faculty_id >= 1;
DELETE FROM faculty_specialization WHERE faculty_id >= 1;
DELETE FROM faculty_mt WHERE faculty_id >= 1;

COMMIT;

END ;;
DELIMITER ;
/*!50003 SET sql_mode              = @saved_sql_mode */ ;
/*!50003 SET character_set_client  = @saved_cs_client */ ;
/*!50003 SET character_set_results = @saved_cs_results */ ;
/*!50003 SET collation_connection  = @saved_col_connection */ ;
/*!50003 DROP PROCEDURE IF EXISTS `spUtil_wipeout_all_payment_and_tuition_record` */;
/*!50003 SET @saved_cs_client      = @@character_set_client */ ;
/*!50003 SET @saved_cs_results     = @@character_set_results */ ;
/*!50003 SET @saved_col_connection = @@collation_connection */ ;
/*!50003 SET character_set_client  = utf8 */ ;
/*!50003 SET character_set_results = utf8 */ ;
/*!50003 SET collation_connection  = utf8_general_ci */ ;
/*!50003 SET @saved_sql_mode       = @@sql_mode */ ;
/*!50003 SET sql_mode              = 'NO_ENGINE_SUBSTITUTION' */ ;
DELIMITER ;;
CREATE DEFINER=`root`@`localhost` PROCEDURE `spUtil_wipeout_all_payment_and_tuition_record`()
BEGIN

DECLARE EXIT HANDLER FOR sqlexception
BEGIN
	ROLLBACK;
    RESIGNAL;
END;

start transaction;

DELETE FROM balance_breakdown_fee WHERE balance_breakdown_fee_id >= 1;
DELETE FROM tuition_fee WHERE balance_breakdown_fee_id >= 1;
DELETE FROM student_discount_lt WHERE student_id >= 1;
DELETE FROM student_paymentterm_lt WHERE student_id >= 1;
DELETE FROM transaction_mt WHERE transaction_id >= 1;
DELETE FROM payment WHERE payment_id >= 1;
DELETE FROM transaction_payment_lt WHERE payment_id >= 1;

COMMIT;

END ;;
DELIMITER ;
/*!50003 SET sql_mode              = @saved_sql_mode */ ;
/*!50003 SET character_set_client  = @saved_cs_client */ ;
/*!50003 SET character_set_results = @saved_cs_results */ ;
/*!50003 SET collation_connection  = @saved_col_connection */ ;
/*!50003 DROP PROCEDURE IF EXISTS `spUtil_wipeout_all_room_record` */;
/*!50003 SET @saved_cs_client      = @@character_set_client */ ;
/*!50003 SET @saved_cs_results     = @@character_set_results */ ;
/*!50003 SET @saved_col_connection = @@collation_connection */ ;
/*!50003 SET character_set_client  = utf8 */ ;
/*!50003 SET character_set_results = utf8 */ ;
/*!50003 SET collation_connection  = utf8_general_ci */ ;
/*!50003 SET @saved_sql_mode       = @@sql_mode */ ;
/*!50003 SET sql_mode              = 'NO_ENGINE_SUBSTITUTION' */ ;
DELIMITER ;;
CREATE DEFINER=`root`@`localhost` PROCEDURE `spUtil_wipeout_all_room_record`()
BEGIN

DELETE FROM room_mt WHERE room_id >= 1;

END ;;
DELIMITER ;
/*!50003 SET sql_mode              = @saved_sql_mode */ ;
/*!50003 SET character_set_client  = @saved_cs_client */ ;
/*!50003 SET character_set_results = @saved_cs_results */ ;
/*!50003 SET collation_connection  = @saved_col_connection */ ;
/*!50003 DROP PROCEDURE IF EXISTS `spUtil_wipeout_all_schedule_record` */;
/*!50003 SET @saved_cs_client      = @@character_set_client */ ;
/*!50003 SET @saved_cs_results     = @@character_set_results */ ;
/*!50003 SET @saved_col_connection = @@collation_connection */ ;
/*!50003 SET character_set_client  = utf8 */ ;
/*!50003 SET character_set_results = utf8 */ ;
/*!50003 SET collation_connection  = utf8_general_ci */ ;
/*!50003 SET @saved_sql_mode       = @@sql_mode */ ;
/*!50003 SET sql_mode              = 'NO_ENGINE_SUBSTITUTION' */ ;
DELIMITER ;;
CREATE DEFINER=`root`@`localhost` PROCEDURE `spUtil_wipeout_all_schedule_record`()
BEGIN

DELETE FROM schedule_mt WHERE schedule_id >= 1;

END ;;
DELIMITER ;
/*!50003 SET sql_mode              = @saved_sql_mode */ ;
/*!50003 SET character_set_client  = @saved_cs_client */ ;
/*!50003 SET character_set_results = @saved_cs_results */ ;
/*!50003 SET collation_connection  = @saved_col_connection */ ;
/*!50003 DROP PROCEDURE IF EXISTS `spUtil_wipeout_all_subjects` */;
/*!50003 SET @saved_cs_client      = @@character_set_client */ ;
/*!50003 SET @saved_cs_results     = @@character_set_results */ ;
/*!50003 SET @saved_col_connection = @@collation_connection */ ;
/*!50003 SET character_set_client  = utf8 */ ;
/*!50003 SET character_set_results = utf8 */ ;
/*!50003 SET collation_connection  = utf8_general_ci */ ;
/*!50003 SET @saved_sql_mode       = @@sql_mode */ ;
/*!50003 SET sql_mode              = 'NO_ENGINE_SUBSTITUTION' */ ;
DELIMITER ;;
CREATE DEFINER=`root`@`localhost` PROCEDURE `spUtil_wipeout_all_subjects`()
BEGIN

DECLARE EXIT HANDLER FOR sqlexception
BEGIN
	RESIGNAL;
    ROLLBACK;
END;

START TRANSACTION;

DELETE FROM subject_gradelevel_lt WHERE subject_id >= 1;
DELETE FROM curriculum_subject_lt WHERE subject_id >= 1;
DELETE FROM grade WHERE subject_id >= 1;
DELETE FROM subject_mt WHERE subject_id >= 1;

COMMIT;

END ;;
DELIMITER ;
/*!50003 SET sql_mode              = @saved_sql_mode */ ;
/*!50003 SET character_set_client  = @saved_cs_client */ ;
/*!50003 SET character_set_results = @saved_cs_results */ ;
/*!50003 SET collation_connection  = @saved_col_connection */ ;
/*!50003 DROP PROCEDURE IF EXISTS `spUtil_wipeout_all_users` */;
/*!50003 SET @saved_cs_client      = @@character_set_client */ ;
/*!50003 SET @saved_cs_results     = @@character_set_results */ ;
/*!50003 SET @saved_col_connection = @@collation_connection */ ;
/*!50003 SET character_set_client  = utf8 */ ;
/*!50003 SET character_set_results = utf8 */ ;
/*!50003 SET collation_connection  = utf8_general_ci */ ;
/*!50003 SET @saved_sql_mode       = @@sql_mode */ ;
/*!50003 SET sql_mode              = 'NO_ENGINE_SUBSTITUTION' */ ;
DELIMITER ;;
CREATE DEFINER=`root`@`localhost` PROCEDURE `spUtil_wipeout_all_users`()
BEGIN

DECLARE EXIT HANDLER FOR sqlexception
    BEGIN
		ROLLBACK;
        SELECT 'Error encountered';
        RESIGNAL;
    END;
    
    START TRANSACTION;
    DELETE FROM user_faculty WHERE faculty_id >= 1;
    DELETE FROM user_role WHERE user_id >= 1;
	DELETE FROM user_mt WHERE user_id >= 1;
    
    COMMIT;

END ;;
DELIMITER ;
/*!50003 SET sql_mode              = @saved_sql_mode */ ;
/*!50003 SET character_set_client  = @saved_cs_client */ ;
/*!50003 SET character_set_results = @saved_cs_results */ ;
/*!50003 SET collation_connection  = @saved_col_connection */ ;
/*!50003 DROP PROCEDURE IF EXISTS `studentExist` */;
/*!50003 SET @saved_cs_client      = @@character_set_client */ ;
/*!50003 SET @saved_cs_results     = @@character_set_results */ ;
/*!50003 SET @saved_col_connection = @@collation_connection */ ;
/*!50003 SET character_set_client  = utf8 */ ;
/*!50003 SET character_set_results = utf8 */ ;
/*!50003 SET collation_connection  = utf8_general_ci */ ;
/*!50003 SET @saved_sql_mode       = @@sql_mode */ ;
/*!50003 SET sql_mode              = 'NO_ENGINE_SUBSTITUTION' */ ;
DELIMITER ;;
CREATE DEFINER=`root`@`localhost` PROCEDURE `studentExist`(aStudentNo INT)
BEGIN

SELECT
CASE  
WHEN COUNT(*) = 1 THEN 1 
WHEN COUNT(*) = 0 THEN 0 END AS exist 
FROM student_mt WHERE student_no = aStudentNo;

END ;;
DELIMITER ;
/*!50003 SET sql_mode              = @saved_sql_mode */ ;
/*!50003 SET character_set_client  = @saved_cs_client */ ;
/*!50003 SET character_set_results = @saved_cs_results */ ;
/*!50003 SET collation_connection  = @saved_col_connection */ ;
/*!50003 DROP PROCEDURE IF EXISTS `subjectCategoryNameExists` */;
/*!50003 SET @saved_cs_client      = @@character_set_client */ ;
/*!50003 SET @saved_cs_results     = @@character_set_results */ ;
/*!50003 SET @saved_col_connection = @@collation_connection */ ;
/*!50003 SET character_set_client  = utf8 */ ;
/*!50003 SET character_set_results = utf8 */ ;
/*!50003 SET collation_connection  = utf8_general_ci */ ;
/*!50003 SET @saved_sql_mode       = @@sql_mode */ ;
/*!50003 SET sql_mode              = 'NO_ENGINE_SUBSTITUTION' */ ;
DELIMITER ;;
CREATE DEFINER=`root`@`localhost` PROCEDURE `subjectCategoryNameExists`(subjectCategoryName VARCHAR(255))
BEGIN

SELECT COUNT(*) AS rowCount FROM subjectcategory_mt WHERE subjectcategory_name = subjectCategoryName;

END ;;
DELIMITER ;
/*!50003 SET sql_mode              = @saved_sql_mode */ ;
/*!50003 SET character_set_client  = @saved_cs_client */ ;
/*!50003 SET character_set_results = @saved_cs_results */ ;
/*!50003 SET collation_connection  = @saved_col_connection */ ;
/*!50003 DROP PROCEDURE IF EXISTS `updateAdmissionStatus` */;
/*!50003 SET @saved_cs_client      = @@character_set_client */ ;
/*!50003 SET @saved_cs_results     = @@character_set_results */ ;
/*!50003 SET @saved_col_connection = @@collation_connection */ ;
/*!50003 SET character_set_client  = utf8 */ ;
/*!50003 SET character_set_results = utf8 */ ;
/*!50003 SET collation_connection  = utf8_general_ci */ ;
/*!50003 SET @saved_sql_mode       = @@sql_mode */ ;
/*!50003 SET sql_mode              = 'NO_ENGINE_SUBSTITUTION' */ ;
DELIMITER ;;
CREATE DEFINER=`root`@`localhost` PROCEDURE `updateAdmissionStatus`(aStatus INT, aRegistrationId INT)
BEGIN
	UPDATE registration r SET r.isAdmissionComplete = aStatus
    WHERE r.id = aRegistrationId;
END ;;
DELIMITER ;
/*!50003 SET sql_mode              = @saved_sql_mode */ ;
/*!50003 SET character_set_client  = @saved_cs_client */ ;
/*!50003 SET character_set_results = @saved_cs_results */ ;
/*!50003 SET collation_connection  = @saved_col_connection */ ;
/*!50003 DROP PROCEDURE IF EXISTS `updateCreatedCurriculumById` */;
/*!50003 SET @saved_cs_client      = @@character_set_client */ ;
/*!50003 SET @saved_cs_results     = @@character_set_results */ ;
/*!50003 SET @saved_col_connection = @@collation_connection */ ;
/*!50003 SET character_set_client  = utf8 */ ;
/*!50003 SET character_set_results = utf8 */ ;
/*!50003 SET collation_connection  = utf8_general_ci */ ;
/*!50003 SET @saved_sql_mode       = @@sql_mode */ ;
/*!50003 SET sql_mode              = 'NO_ENGINE_SUBSTITUTION' */ ;
DELIMITER ;;
CREATE DEFINER=`root`@`localhost` PROCEDURE `updateCreatedCurriculumById`(
	IN pIN_curriculumId INT,
    IN pIN_subjectId INT,
    IN pIN_gradeLevelId INT,
    IN pIN_schoolYearId INT,
    IN pIN_curriculumTitle VARCHAR(150),
    IN pIN_curriculumDescription VARCHAR(150)
)
BEGIN
	DECLARE EXIT HANDLER FOR SQLEXCEPTION, SQLWARNING
    BEGIN
		ROLLBACK;
			SELECT "Failed updating Curriculum with Subjects";
        RESIGNAL;
    END;
    
    #DELETE FROM curriculum_subject_lt WHERE curriculum_id = pIN_curriculumId;
    
    START TRANSACTION;

    UPDATE curriculum_mt
    SET gradelevel_id = pIN_gradeLevelId, schoolyear_id = pIN_schoolYearId,
    curriculum_title = pIN_curriculumTitle, description = pIN_curriculumDescription
    
    WHERE curriculum_mt.curriculum_id = pIN_curriculumId;

    INSERT INTO curriculum_subject_lt (curriculum_id, subject_id) 
    VALUES (pIN_curriculumId, pIN_subjectId);
    
    COMMIT;
    
    
END ;;
DELIMITER ;
/*!50003 SET sql_mode              = @saved_sql_mode */ ;
/*!50003 SET character_set_client  = @saved_cs_client */ ;
/*!50003 SET character_set_results = @saved_cs_results */ ;
/*!50003 SET collation_connection  = @saved_col_connection */ ;
/*!50003 DROP PROCEDURE IF EXISTS `updateCreatedSubjectById` */;
/*!50003 SET @saved_cs_client      = @@character_set_client */ ;
/*!50003 SET @saved_cs_results     = @@character_set_results */ ;
/*!50003 SET @saved_col_connection = @@collation_connection */ ;
/*!50003 SET character_set_client  = utf8 */ ;
/*!50003 SET character_set_results = utf8 */ ;
/*!50003 SET collation_connection  = utf8_general_ci */ ;
/*!50003 SET @saved_sql_mode       = @@sql_mode */ ;
/*!50003 SET sql_mode              = 'NO_ENGINE_SUBSTITUTION' */ ;
DELIMITER ;;
CREATE DEFINER=`root`@`localhost` PROCEDURE `updateCreatedSubjectById`(
	IN pIN_subjectId INT,
    IN pIN_gradeLevelId INT,
    IN pIN_subjectCode VARCHAR(150),
    IN pIN_subjectTitle VARCHAR(150),
    IN pIN_subjectDescription VARCHAR(150)
)
BEGIN
	
    UPDATE subject_gradelevel_lt AS sglt
    INNER JOIN subject_mt AS smt ON smt.subject_id = sglt.subject_id
    INNER JOIN gradelevel_mt  AS glmt ON glmt.gradelevel_id = sglt.gradelevel_id
    
		SET smt.code = pIN_subjectCode, smt.title = pIN_subjectTitle, smt.description = pIN_subjectDescription,
        sglt.gradelevel_id = pIN_gradeLevelId
        
        WHERE smt.subject_id = pIN_subjectId;
    
END ;;
DELIMITER ;
/*!50003 SET sql_mode              = @saved_sql_mode */ ;
/*!50003 SET character_set_client  = @saved_cs_client */ ;
/*!50003 SET character_set_results = @saved_cs_results */ ;
/*!50003 SET collation_connection  = @saved_col_connection */ ;
/*!50003 DROP PROCEDURE IF EXISTS `updateCurriculumById` */;
/*!50003 SET @saved_cs_client      = @@character_set_client */ ;
/*!50003 SET @saved_cs_results     = @@character_set_results */ ;
/*!50003 SET @saved_col_connection = @@collation_connection */ ;
/*!50003 SET character_set_client  = utf8 */ ;
/*!50003 SET character_set_results = utf8 */ ;
/*!50003 SET collation_connection  = utf8_general_ci */ ;
/*!50003 SET @saved_sql_mode       = @@sql_mode */ ;
/*!50003 SET sql_mode              = 'NO_ENGINE_SUBSTITUTION' */ ;
DELIMITER ;;
CREATE DEFINER=`root`@`localhost` PROCEDURE `updateCurriculumById`(
	IN pIN_curriculumId INT,
    IN pIN_schoolYearId INT,
    IN pIN_curriculumTitle VARCHAR(150),
    IN pIN_curriculumDescription VARCHAR(150)
)
BEGIN
	DECLARE EXIT HANDLER FOR SQLEXCEPTION, SQLWARNING
    BEGIN
		ROLLBACK;
			SELECT "Failed updating Curriculum";
        RESIGNAL;
    END;

    UPDATE curriculum_mt
    SET schoolyear_id = pIN_schoolYearId,
    curriculum_title = pIN_curriculumTitle, description = pIN_curriculumDescription
    
    WHERE curriculum_mt.curriculum_id = pIN_curriculumId;
    
END ;;
DELIMITER ;
/*!50003 SET sql_mode              = @saved_sql_mode */ ;
/*!50003 SET character_set_client  = @saved_cs_client */ ;
/*!50003 SET character_set_results = @saved_cs_results */ ;
/*!50003 SET collation_connection  = @saved_col_connection */ ;
/*!50003 DROP PROCEDURE IF EXISTS `updateCurriculumDetails` */;
/*!50003 SET @saved_cs_client      = @@character_set_client */ ;
/*!50003 SET @saved_cs_results     = @@character_set_results */ ;
/*!50003 SET @saved_col_connection = @@collation_connection */ ;
/*!50003 SET character_set_client  = utf8 */ ;
/*!50003 SET character_set_results = utf8 */ ;
/*!50003 SET collation_connection  = utf8_general_ci */ ;
/*!50003 SET @saved_sql_mode       = @@sql_mode */ ;
/*!50003 SET sql_mode              = 'NO_ENGINE_SUBSTITUTION' */ ;
DELIMITER ;;
CREATE DEFINER=`root`@`localhost` PROCEDURE `updateCurriculumDetails`(aEducationalStageId INT,p_curriculumDesc VARCHAR(100),
p_gradeLevelId INT, p_curriculumId INT, p_schoolYearId INT,p_editedByUserId INT)
BEGIN

DECLARE EXIT HANDLER FOR sqlexception
BEGIN
	ROLLBACK;
    SELECT 'Error occured' AS Message;
    RESIGNAL;
END;

START TRANSACTION;

UPDATE curriculum c
			SET 	c.educationalstage_id = aEducationalStageId, 
					c.description 	= p_curriculumDesc,
					c.gradeLevelId 	= p_gradeLevelId 
			WHERE 	c.id 			= p_curriculumId;
            
UPDATE curriculum_schoolyears cs
			SET		cs.schoolYearId = p_schoolYearId
            WHERE	cs.curriculumId = p_curriculumId;
            
UPDATE curriculum_hd SET editedBy_UserId 	= p_editedByUserId,
						 dateLastEdited 	= NOW()
			WHERE curriculumId = p_curriculumId;
            
COMMIT;

END ;;
DELIMITER ;
/*!50003 SET sql_mode              = @saved_sql_mode */ ;
/*!50003 SET character_set_client  = @saved_cs_client */ ;
/*!50003 SET character_set_results = @saved_cs_results */ ;
/*!50003 SET collation_connection  = @saved_col_connection */ ;
/*!50003 DROP PROCEDURE IF EXISTS `updateCurriculumInfo` */;
/*!50003 SET @saved_cs_client      = @@character_set_client */ ;
/*!50003 SET @saved_cs_results     = @@character_set_results */ ;
/*!50003 SET @saved_col_connection = @@collation_connection */ ;
/*!50003 SET character_set_client  = utf8 */ ;
/*!50003 SET character_set_results = utf8 */ ;
/*!50003 SET collation_connection  = utf8_general_ci */ ;
/*!50003 SET @saved_sql_mode       = @@sql_mode */ ;
/*!50003 SET sql_mode              = 'NO_ENGINE_SUBSTITUTION' */ ;
DELIMITER ;;
CREATE DEFINER=`root`@`localhost` PROCEDURE `updateCurriculumInfo`(
curriculumId INT,
schoolYearId INT,
curriculumTitle VARCHAR(255),
curriculumDescription TEXT,
curriculumStatus INT
)
BEGIN

UPDATE curriculum_mt 
SET 
schoolyear_id = schoolYearId,
curriculum_title = curriculumTitle, 
description = curriculumDescription, 
isActive = curriculumStatus
WHERE curriculum_id = curriculumId;

END ;;
DELIMITER ;
/*!50003 SET sql_mode              = @saved_sql_mode */ ;
/*!50003 SET character_set_client  = @saved_cs_client */ ;
/*!50003 SET character_set_results = @saved_cs_results */ ;
/*!50003 SET collation_connection  = @saved_col_connection */ ;
/*!50003 DROP PROCEDURE IF EXISTS `updateCurriculumSubjects` */;
/*!50003 SET @saved_cs_client      = @@character_set_client */ ;
/*!50003 SET @saved_cs_results     = @@character_set_results */ ;
/*!50003 SET @saved_col_connection = @@collation_connection */ ;
/*!50003 SET character_set_client  = utf8 */ ;
/*!50003 SET character_set_results = utf8 */ ;
/*!50003 SET collation_connection  = utf8_general_ci */ ;
/*!50003 SET @saved_sql_mode       = @@sql_mode */ ;
/*!50003 SET sql_mode              = 'NO_ENGINE_SUBSTITUTION' */ ;
DELIMITER ;;
CREATE DEFINER=`root`@`localhost` PROCEDURE `updateCurriculumSubjects`(
curriculumId INT, 
subjectId INT, 
subjectHours DECIMAL
)
BEGIN

INSERT INTO 
curriculum_subject_lt (curriculum_id,subject_id,subject_minutes_per_week)
VALUES(curriculumId,subjectId,subjectHours);

END ;;
DELIMITER ;
/*!50003 SET sql_mode              = @saved_sql_mode */ ;
/*!50003 SET character_set_client  = @saved_cs_client */ ;
/*!50003 SET character_set_results = @saved_cs_results */ ;
/*!50003 SET collation_connection  = @saved_col_connection */ ;
/*!50003 DROP PROCEDURE IF EXISTS `updateDiscount` */;
/*!50003 SET @saved_cs_client      = @@character_set_client */ ;
/*!50003 SET @saved_cs_results     = @@character_set_results */ ;
/*!50003 SET @saved_col_connection = @@collation_connection */ ;
/*!50003 SET character_set_client  = utf8 */ ;
/*!50003 SET character_set_results = utf8 */ ;
/*!50003 SET collation_connection  = utf8_general_ci */ ;
/*!50003 SET @saved_sql_mode       = @@sql_mode */ ;
/*!50003 SET sql_mode              = 'NO_ENGINE_SUBSTITUTION' */ ;
DELIMITER ;;
CREATE DEFINER=`root`@`localhost` PROCEDURE `updateDiscount`(
aDiscountName VARCHAR(255), aPercentage INT, aDescription VARCHAR(255),
aIsActive INT, aProvision VARCHAR(255), aDiscountId INT 
)
BEGIN

UPDATE discount_mt SET 
discount_name = aDiscountName, percentage = aPercentage,
description = aDescription, isActive = aIsActive,
provision = aProvision WHERE discount_id = aDiscountId;

END ;;
DELIMITER ;
/*!50003 SET sql_mode              = @saved_sql_mode */ ;
/*!50003 SET character_set_client  = @saved_cs_client */ ;
/*!50003 SET character_set_results = @saved_cs_results */ ;
/*!50003 SET collation_connection  = @saved_col_connection */ ;
/*!50003 DROP PROCEDURE IF EXISTS `updateFaculty` */;
/*!50003 SET @saved_cs_client      = @@character_set_client */ ;
/*!50003 SET @saved_cs_results     = @@character_set_results */ ;
/*!50003 SET @saved_col_connection = @@collation_connection */ ;
/*!50003 SET character_set_client  = utf8 */ ;
/*!50003 SET character_set_results = utf8 */ ;
/*!50003 SET collation_connection  = utf8_general_ci */ ;
/*!50003 SET @saved_sql_mode       = @@sql_mode */ ;
/*!50003 SET sql_mode              = 'NO_ENGINE_SUBSTITUTION' */ ;
DELIMITER ;;
CREATE DEFINER=`root`@`localhost` PROCEDURE `updateFaculty`(
IN pIN_facultyId INT, IN pIN_lastName VARCHAR(150), IN pIN_firstName VARCHAR(150), IN pIN_middleName VARCHAR(50),
IN pIN_contact VARCHAR(255), IN pIN_email VARCHAR(255), IN pIN_status INT
)
BEGIN

	UPDATE faculty_mt 
	SET faculty_mt.lastName = pIN_lastName, faculty_mt.firstName = pIN_firstName, faculty_mt.middleName = pIN_middleName,
	faculty_mt.contactNo = pIN_contact, faculty_mt.email = pIN_email, faculty_mt.status = pIN_status
	WHERE faculty_mt.faculty_id = pIN_facultyId;


END ;;
DELIMITER ;
/*!50003 SET sql_mode              = @saved_sql_mode */ ;
/*!50003 SET character_set_client  = @saved_cs_client */ ;
/*!50003 SET character_set_results = @saved_cs_results */ ;
/*!50003 SET collation_connection  = @saved_col_connection */ ;
/*!50003 DROP PROCEDURE IF EXISTS `updateFee` */;
/*!50003 SET @saved_cs_client      = @@character_set_client */ ;
/*!50003 SET @saved_cs_results     = @@character_set_results */ ;
/*!50003 SET @saved_col_connection = @@collation_connection */ ;
/*!50003 SET character_set_client  = utf8 */ ;
/*!50003 SET character_set_results = utf8 */ ;
/*!50003 SET collation_connection  = utf8_general_ci */ ;
/*!50003 SET @saved_sql_mode       = @@sql_mode */ ;
/*!50003 SET sql_mode              = 'NO_ENGINE_SUBSTITUTION' */ ;
DELIMITER ;;
CREATE DEFINER=`root`@`localhost` PROCEDURE `updateFee`(
aFeeId INT,
aFeeName VARCHAR(255),
aFeeDescription VARCHAR(255),
aFeeCategoryId INT,
aIsActive INT(1)
)
BEGIN

UPDATE fee_mt 
SET 
fee_name = aFeeName, 
fee_description = aFeeDescription,
fee_category_id = aFeeCategoryId,
isActive = aIsActive
WHERE fee_id = aFeeId;

END ;;
DELIMITER ;
/*!50003 SET sql_mode              = @saved_sql_mode */ ;
/*!50003 SET character_set_client  = @saved_cs_client */ ;
/*!50003 SET character_set_results = @saved_cs_results */ ;
/*!50003 SET collation_connection  = @saved_col_connection */ ;
/*!50003 DROP PROCEDURE IF EXISTS `updateRegistration` */;
/*!50003 SET @saved_cs_client      = @@character_set_client */ ;
/*!50003 SET @saved_cs_results     = @@character_set_results */ ;
/*!50003 SET @saved_col_connection = @@collation_connection */ ;
/*!50003 SET character_set_client  = utf8 */ ;
/*!50003 SET character_set_results = utf8 */ ;
/*!50003 SET collation_connection  = utf8_general_ci */ ;
/*!50003 SET @saved_sql_mode       = @@sql_mode */ ;
/*!50003 SET sql_mode              = 'NO_ENGINE_SUBSTITUTION' */ ;
DELIMITER ;;
CREATE DEFINER=`root`@`localhost` PROCEDURE `updateRegistration`(
aStudentType VARCHAR(255),
aStudentLastName VARCHAR(255),
aStudentFirstName VARCHAR(255),
aStudentMiddleName VARCHAR(255),
aDOB DATE,
aPOB VARCHAR(255),
aNationality VARCHAR(255),
aReligion VARCHAR(255),
aGender INT,
aFatherFirstName VARCHAR(255),
aFatherMiddleName VARCHAR(255),
aFatherLastName VARCHAR(255),
aFatherOccupation VARCHAR(255),
aFatherOfficePhoneNo VARCHAR(255),
aFatherMobileNo VARCHAR(255),
aIsFatherContactInCaseEmergency BIT(1),
aMotherFirstName VARCHAR(255),
aMotherMiddleName VARCHAR(255),
aMotherLastName VARCHAR(255),
aMotherOccupation VARCHAR(255),
aMotherOfficePhoneNo VARCHAR(255),
aMotherMobileNo VARCHAR(255),
aIsMotherContactInCaseEmergency BIT(1),
aGuardianLastName VARCHAR(255),
aGuardianFirstName VARCHAR(255),
aGuardianMiddleName VARCHAR(255),
aGuardianOccupation VARCHAR(255),
aGuardianMobileNo VARCHAR(255),
aGuardianRelationToStudent VARCHAR(255),
aIsGuardianContactInCaseEmergency BIT(1),
aSchoolLastAttended VARCHAR(255),
aSchoolLastAttendedAddress VARCHAR(255),
aRoomOrHouseNo VARCHAR(255),
aStreet VARCHAR(255),
aBrgyOrSubd VARCHAR(255),
aCity VARCHAR(255),
aRegion VARCHAR(255),
aGradeLevelNo INT,
aSchoolYearYearFrom INT,
aRegistrationId INT,
aIsRegistrationStatus INT
)
BEGIN

UPDATE registration_mt 
SET
student_type = aStudentType, 
lastname = aStudentLastName, 
firstname = aStudentFirstName, 
middlename = aStudentMiddleName, 
dob = aDOB, 
pob = aPOB, 
nationality = aNationality, 
religion = aReligion, 
gender = aGender, 
father_firstname = aFatherFirstName, 
father_middlename = aFatherMiddleName, 
father_lastname = aFatherLastName, 
father_occupation = aFatherOccupation, 
father_officephone_no = aFatherOfficePhoneNo, 
father_mobile_no = aFatherMobileNo, 
isFatherContactInCaseEmergency = aIsFatherContactInCaseEmergency, 
mother_firstname = aMotherFirstName, 
mother_middlename = aMotherMiddleName, 
mother_lastname = aMotherLastName, 
mother_occupation = aMotherOccupation, 
mother_officephone_no = aMotherOfficePhoneNo, 
mother_mobile_no = aMotherMobileNo, 
isMotherContactInCaseEmergency = aIsMotherContactInCaseEmergency, 
guardian_lastname = aGuardianLastName, 
guardian_firstname = aGuardianFirstName, 
guardian_middlename = aGuardianMiddleName, 
guardian_occupation = aGuardianOccupation,
guardian_mobile_no = aGuardianMobileNo, 
guardian_relation_to_student = aGuardianRelationToStudent, 
isGuardianContactInCaseEmergency = aIsGuardianContactInCaseEmergency, 
school_last_attended = aSchoolLastAttended, 
school_last_attended_address = aSchoolLastAttendedAddress, 
room_or_house_no = aRoomOrHouseNo, 
street = aStreet, 
brgy_or_subd = aBrgyOrSubd, 
city = aCity, 
region = aRegion,
gradelevel_no = aGradeLevelNo,
schoolyear_yearfrom = aSchoolYearYearFrom,
is_registration_active = aIsRegistrationStatus

WHERE registration_id = aRegistrationId;

END ;;
DELIMITER ;
/*!50003 SET sql_mode              = @saved_sql_mode */ ;
/*!50003 SET character_set_client  = @saved_cs_client */ ;
/*!50003 SET character_set_results = @saved_cs_results */ ;
/*!50003 SET collation_connection  = @saved_col_connection */ ;
/*!50003 DROP PROCEDURE IF EXISTS `updateRegistrationDetails` */;
/*!50003 SET @saved_cs_client      = @@character_set_client */ ;
/*!50003 SET @saved_cs_results     = @@character_set_results */ ;
/*!50003 SET @saved_col_connection = @@collation_connection */ ;
/*!50003 SET character_set_client  = utf8 */ ;
/*!50003 SET character_set_results = utf8 */ ;
/*!50003 SET collation_connection  = utf8_general_ci */ ;
/*!50003 SET @saved_sql_mode       = @@sql_mode */ ;
/*!50003 SET sql_mode              = 'NO_ENGINE_SUBSTITUTION' */ ;
DELIMITER ;;
CREATE DEFINER=`root`@`localhost` PROCEDURE `updateRegistrationDetails`(
p_studentType VARCHAR(20), 
p_lastName VARCHAR(100), 
p_firstName VARCHAR(100), 
p_middleName VARCHAR(100), 
p_dateOfBirth DATE, 
p_placeOfBirth VARCHAR(100),
p_nationality VARCHAR(50), 
p_religion VARCHAR(50), 
p_gender INT, 
p_father_firstName VARCHAR(100),
p_father_middleName VARCHAR(100), 
p_father_lastName VARCHAR(100), 
p_father_occupation VARCHAR(100), 
p_father_officePhoneNo VARCHAR(100), 
p_mother_firstName VARCHAR(100), 
p_mother_middleName VARCHAR(100), 
p_mother_lastName VARCHAR(100), 
p_mother_occupation VARCHAR(100), 
p_mother_officePhoneNo VARCHAR(20), 
p_father_mobileNo VARCHAR(20), 
p_mother_mobileNo VARCHAR(20), 
p_guardian_lastName VARCHAR(100), 
p_guardian_firstName VARCHAR(100), 
p_guardian_middleName VARCHAR(100), 
p_guardian_occupation VARCHAR(100), 
p_guardian_officePhoneNo VARCHAR(50), 
p_guardian_mobileNo VARCHAR(50), 
p_guardian_relationToStudent VARCHAR(50), p_isFatherContactInCaseEmergency INT, 
p_isMotherContactInCaseEmergency INT, 
p_isGuardianContactInCaseEmergency INT, 
p_schoolyear_id INT, 
p_gradelevel_id INT,
p_schoolLastAttended VARCHAR(100),
p_schoolAddress VARCHAR(100),
p_lastEditedByUserId INT,
p_roomOrHouseNo VARCHAR(100),
p_street VARCHAR(100),
p_brgyOrSubd VARCHAR(100),
p_city VARCHAR(100),
p_province VARCHAR(100),
p_hasBirthCertificate BIT(1),
p_hasBaptismalCertificate BIT(1),
p_hasMedicalCertificate BIT(1),
p_hasIdPicture BIT(1),
p_hasReportCard BIT(1),
p_hasCertificateOfGoodMoral BIT(1),
p_paymentTermId INT,
p_registrationId INT)
BEGIN

	DECLARE var_registrationId INT;
	DECLARE EXIT HANDLER FOR sqlexception
	BEGIN
		ROLLBACK;
		RESIGNAL;
	END;
    
    START TRANSACTION;
    
    UPDATE registration
    
    SET 
    studentType = p_studentType, 
    lastName = p_lastName, 
    firstName = p_firstName, 
    middleName = p_middleName, 
    dateOfBirth = p_dateOfBirth, 
    placeOfBirth = p_placeOfBirth, 
    nationality = p_nationality, 
    religion = p_religion, 
    gender = p_gender, 
    father_firstName = p_father_firstName, 
    father_middleName = p_father_middleName, 
    father_lastName = p_father_lastName, 
    father_occupation = p_father_occupation, 
    father_officePhoneNo = p_father_officePhoneNo, 
    mother_firstName = p_mother_firstName, 
    mother_middleName = p_mother_middleName, 
    mother_lastName = p_mother_lastName, 
    mother_occupation = p_mother_occupation, 
    mother_officePhoneNo = p_mother_officePhoneNo, 
    father_mobileNo = p_father_mobileNo, 
    mother_mobileNo = p_mother_mobileNo, 
    guardian_lastName = p_guardian_lastName, 
    guardian_firstName = p_guardian_firstName, 
    guardian_middleName = p_guardian_middleName, 
    guardian_occupation = p_guardian_occupation, 
    guardian_officePhoneNo = p_guardian_officePhoneNo, 
    guardian_mobileNo = p_guardian_mobileNo, 
    guardian_relationToStudent = p_guardian_relationToStudent, 
    isFatherContactInCaseEmergency = p_isFatherContactInCaseEmergency, 
    isMotherContactInCaseEmergency = p_isMotherContactInCaseEmergency, 
    isGuardianContactInCaseEmergency = p_isGuardianContactInCaseEmergency, 
    schoolyear_id = p_schoolyear_id, 
    gradelevel_id = p_gradelevel_id,
    schoolLastAttended = p_schoolLastAttended,
    schoolAddress = p_schoolAddress,
    room_or_houseNo = p_roomOrHouseNo,
    street = p_street,
    brgy_subd = p_brgyOrSubd,
    city = p_city,
    province = p_province,
    paymentterm_id = p_paymentTermId
    
    WHERE id = p_registrationId;
    
    UPDATE registration_credentialspresented
    SET hasBirthCertificate = p_hasBirthCertificate, 
    hasBaptismalCertificate = p_hasBaptismalCertificate, 
    hasMedicalCertificate = p_hasMedicalCertificate, 
    hasIdPicture = p_hasIdPicture, 
    hasReportCard = p_hasReportCard, 
    hasCertificateOfGoodMoral = p_hasCertificateOfGoodMoral
    WHERE registration_id = p_registrationId;
    
    
    UPDATE registration_hd SET lastEditedBy_UserId = p_lastEditedByUserId, dateLastEdited = NOW()
    WHERE registration_id = p_registrationId;
    
    COMMIT;

END ;;
DELIMITER ;
/*!50003 SET sql_mode              = @saved_sql_mode */ ;
/*!50003 SET character_set_client  = @saved_cs_client */ ;
/*!50003 SET character_set_results = @saved_cs_results */ ;
/*!50003 SET collation_connection  = @saved_col_connection */ ;
/*!50003 DROP PROCEDURE IF EXISTS `updateRooms` */;
/*!50003 SET @saved_cs_client      = @@character_set_client */ ;
/*!50003 SET @saved_cs_results     = @@character_set_results */ ;
/*!50003 SET @saved_col_connection = @@collation_connection */ ;
/*!50003 SET character_set_client  = utf8 */ ;
/*!50003 SET character_set_results = utf8 */ ;
/*!50003 SET collation_connection  = utf8_general_ci */ ;
/*!50003 SET @saved_sql_mode       = @@sql_mode */ ;
/*!50003 SET sql_mode              = 'NO_ENGINE_SUBSTITUTION' */ ;
DELIMITER ;;
CREATE DEFINER=`root`@`localhost` PROCEDURE `updateRooms`(
	p_room_id INT(11),
    p_roomName VARCHAR(45),
    p_buildingName VARCHAR(45),
    p_capacity VARCHAR(45),
    p_status INT,
    p_description TEXT
)
BEGIN

	UPDATE	room_mt SET 
    room_name_or_num = p_roomName, 
    bldg_name_or_num = p_buildingname,
    capacity = p_capacity,
    `status` = p_status,
    notes = p_description
    WHERE room_id = p_room_id;

END ;;
DELIMITER ;
/*!50003 SET sql_mode              = @saved_sql_mode */ ;
/*!50003 SET character_set_client  = @saved_cs_client */ ;
/*!50003 SET character_set_results = @saved_cs_results */ ;
/*!50003 SET collation_connection  = @saved_col_connection */ ;
/*!50003 DROP PROCEDURE IF EXISTS `updateSchoolYear` */;
/*!50003 SET @saved_cs_client      = @@character_set_client */ ;
/*!50003 SET @saved_cs_results     = @@character_set_results */ ;
/*!50003 SET @saved_col_connection = @@collation_connection */ ;
/*!50003 SET character_set_client  = utf8 */ ;
/*!50003 SET character_set_results = utf8 */ ;
/*!50003 SET collation_connection  = utf8_general_ci */ ;
/*!50003 SET @saved_sql_mode       = @@sql_mode */ ;
/*!50003 SET sql_mode              = 'NO_ENGINE_SUBSTITUTION' */ ;
DELIMITER ;;
CREATE DEFINER=`root`@`localhost` PROCEDURE `updateSchoolYear`(
aYearFrom INT, aYearto INT,
aSyStartDate DATE, aSyEndDate DATE,
aRegEnrollmentStartDate DATE, aRegEnrollmentEndDate DATE,
aSummerEnrollmentStartDate DATE, aSummerEnrollmentEndDate DATE,
aSummerClassStartDate DATE, aSummerClassEndDate DATE,
aSchoolYearId INT,aIsActive INT
)
BEGIN

UPDATE schoolyear_mt 
SET yearFrom = aYearFrom, yearTo = aYearTo,
start_date = aSyStartDate, end_date = aSyEndDate,
reg_enroll_start_date = aRegEnrollmentStartDate, 
reg_enroll_end_date = aRegEnrollmentEndDate, 
summer_enroll_start_date = aSummerEnrollmentStartDate, 
summer_enroll_end_date = aSummerEnrollmentEndDate, 
summer_class_start_date = aSummerClassStartDate, 
summer_class_end_date = aSummerClassEndDate,
isActive = aIsActive
WHERE schoolyear_id = aSchoolYearId;
END ;;
DELIMITER ;
/*!50003 SET sql_mode              = @saved_sql_mode */ ;
/*!50003 SET character_set_client  = @saved_cs_client */ ;
/*!50003 SET character_set_results = @saved_cs_results */ ;
/*!50003 SET collation_connection  = @saved_col_connection */ ;
/*!50003 DROP PROCEDURE IF EXISTS `updateSchoolYearQuarterSchedule` */;
/*!50003 SET @saved_cs_client      = @@character_set_client */ ;
/*!50003 SET @saved_cs_results     = @@character_set_results */ ;
/*!50003 SET @saved_col_connection = @@collation_connection */ ;
/*!50003 SET character_set_client  = utf8 */ ;
/*!50003 SET character_set_results = utf8 */ ;
/*!50003 SET collation_connection  = utf8_general_ci */ ;
/*!50003 SET @saved_sql_mode       = @@sql_mode */ ;
/*!50003 SET sql_mode              = 'NO_ENGINE_SUBSTITUTION' */ ;
DELIMITER ;;
CREATE DEFINER=`root`@`localhost` PROCEDURE `updateSchoolYearQuarterSchedule`(
schoolYearId INT,
quarterNo INT,
startDate DATE,
endDate DATE,
gradingOpenDate DATE,
gradingDueDate DATE
)
BEGIN

UPDATE schoolyear_quarter_lt
SET 
start_date = startDate,
end_date = endDate,
grading_open_date = gradingOpenDate, 
grading_due_date = gradingDueDate
WHERE schoolyear_id = schoolYearId AND quarter_no = quarterNo;


END ;;
DELIMITER ;
/*!50003 SET sql_mode              = @saved_sql_mode */ ;
/*!50003 SET character_set_client  = @saved_cs_client */ ;
/*!50003 SET character_set_results = @saved_cs_results */ ;
/*!50003 SET collation_connection  = @saved_col_connection */ ;
/*!50003 DROP PROCEDURE IF EXISTS `updateSchoolYearStudentById` */;
/*!50003 SET @saved_cs_client      = @@character_set_client */ ;
/*!50003 SET @saved_cs_results     = @@character_set_results */ ;
/*!50003 SET @saved_col_connection = @@collation_connection */ ;
/*!50003 SET character_set_client  = utf8 */ ;
/*!50003 SET character_set_results = utf8 */ ;
/*!50003 SET collation_connection  = utf8_general_ci */ ;
/*!50003 SET @saved_sql_mode       = @@sql_mode */ ;
/*!50003 SET sql_mode              = 'NO_ENGINE_SUBSTITUTION' */ ;
DELIMITER ;;
CREATE DEFINER=`root`@`localhost` PROCEDURE `updateSchoolYearStudentById`(IN pIN_studentId INT)
BEGIN
	
    UPDATE schoolyear_student_lt
		
	SET 
		section_id = pIN_sectionId,
        adviser_id = pIN_adviser_id        
	WHERE student_id = pIN_studentId;

END ;;
DELIMITER ;
/*!50003 SET sql_mode              = @saved_sql_mode */ ;
/*!50003 SET character_set_client  = @saved_cs_client */ ;
/*!50003 SET character_set_results = @saved_cs_results */ ;
/*!50003 SET collation_connection  = @saved_col_connection */ ;
/*!50003 DROP PROCEDURE IF EXISTS `updateSection` */;
/*!50003 SET @saved_cs_client      = @@character_set_client */ ;
/*!50003 SET @saved_cs_results     = @@character_set_results */ ;
/*!50003 SET @saved_col_connection = @@collation_connection */ ;
/*!50003 SET character_set_client  = utf8 */ ;
/*!50003 SET character_set_results = utf8 */ ;
/*!50003 SET collation_connection  = utf8_general_ci */ ;
/*!50003 SET @saved_sql_mode       = @@sql_mode */ ;
/*!50003 SET sql_mode              = 'NO_ENGINE_SUBSTITUTION' */ ;
DELIMITER ;;
CREATE DEFINER=`root`@`localhost` PROCEDURE `updateSection`(
aSectionId INT, 
aSectionName VARCHAR(255),
aSectionStatus INT)
BEGIN

UPDATE section_mt SET 
sectionName = aSectionName,
isActive = aSectionStatus
WHERE section_id = aSectionId;


END ;;
DELIMITER ;
/*!50003 SET sql_mode              = @saved_sql_mode */ ;
/*!50003 SET character_set_client  = @saved_cs_client */ ;
/*!50003 SET character_set_results = @saved_cs_results */ ;
/*!50003 SET collation_connection  = @saved_col_connection */ ;
/*!50003 DROP PROCEDURE IF EXISTS `updateSectionById` */;
/*!50003 SET @saved_cs_client      = @@character_set_client */ ;
/*!50003 SET @saved_cs_results     = @@character_set_results */ ;
/*!50003 SET @saved_col_connection = @@collation_connection */ ;
/*!50003 SET character_set_client  = utf8 */ ;
/*!50003 SET character_set_results = utf8 */ ;
/*!50003 SET collation_connection  = utf8_general_ci */ ;
/*!50003 SET @saved_sql_mode       = @@sql_mode */ ;
/*!50003 SET sql_mode              = 'NO_ENGINE_SUBSTITUTION' */ ;
DELIMITER ;;
CREATE DEFINER=`root`@`localhost` PROCEDURE `updateSectionById`(
IN pIN_gradeLevelId INT, 
IN pIN_sessionId INT,
IN pIN_sectionId INT,
IN pIN_sectionName VARCHAR(150),
IN pIN_studentId INT,
IN pIN_schoolyearId INT,
IN pIN_isChanged BOOLEAN)
BEGIN
	
    START TRANSACTION;
    
    IF(pIN_isChanged = TRUE) THEN
		
        INSERT INTO section_student (section_id, student_id, schoolyear_id)
        VALUES (pIN_sectionId, pIN_studentId, pIN_schoolyearId);
        
		########################################################
        
        UPDATE schoolyear_student_lt
		
        SET 
			section_id = pIN_sectionId
                
        WHERE student_id = pIN_studentId;
        
        ##################################
        
        UPDATE section_settings_lt
        INNER JOIN section_mt ON section_mt.section_id = section_settings_lt.section_id
        
        SET 
			schoolyear_id = pIN_schoolyearId,
			gradelevel_id = pIN_gradeLevelId,
			section_mt.sectionName = pIN_sectionName,
            session_id = pIN_sessionId
            
        WHERE section_settings_lt.section_id = pIN_sectionId;
        
    ELSE
    
		UPDATE section_settings_lt 
		SET gradelevel_id = pIN_gradeLevelId,
		session_id = pIN_sessionId;
        
        UPDATE schoolyear_student_lt
        SET section_id = pIN_sectionId
        WHERE student_id = pIN_studentId;
    
    END IF;
    
	
    
    
    
    COMMIT;
END ;;
DELIMITER ;
/*!50003 SET sql_mode              = @saved_sql_mode */ ;
/*!50003 SET character_set_client  = @saved_cs_client */ ;
/*!50003 SET character_set_results = @saved_cs_results */ ;
/*!50003 SET collation_connection  = @saved_col_connection */ ;
/*!50003 DROP PROCEDURE IF EXISTS `updateSectionName` */;
/*!50003 SET @saved_cs_client      = @@character_set_client */ ;
/*!50003 SET @saved_cs_results     = @@character_set_results */ ;
/*!50003 SET @saved_col_connection = @@collation_connection */ ;
/*!50003 SET character_set_client  = utf8 */ ;
/*!50003 SET character_set_results = utf8 */ ;
/*!50003 SET collation_connection  = utf8_general_ci */ ;
/*!50003 SET @saved_sql_mode       = @@sql_mode */ ;
/*!50003 SET sql_mode              = 'NO_ENGINE_SUBSTITUTION' */ ;
DELIMITER ;;
CREATE DEFINER=`root`@`localhost` PROCEDURE `updateSectionName`(IN pIN_sectionId INT, IN pIN_sectionName VARCHAR(150))
BEGIN
	
    UPDATE section_mt SET sectionName = pIN_sectionName
    WHERE section_id = pIN_sectionId;

END ;;
DELIMITER ;
/*!50003 SET sql_mode              = @saved_sql_mode */ ;
/*!50003 SET character_set_client  = @saved_cs_client */ ;
/*!50003 SET character_set_results = @saved_cs_results */ ;
/*!50003 SET collation_connection  = @saved_col_connection */ ;
/*!50003 DROP PROCEDURE IF EXISTS `updateSectionSettings` */;
/*!50003 SET @saved_cs_client      = @@character_set_client */ ;
/*!50003 SET @saved_cs_results     = @@character_set_results */ ;
/*!50003 SET @saved_col_connection = @@collation_connection */ ;
/*!50003 SET character_set_client  = utf8 */ ;
/*!50003 SET character_set_results = utf8 */ ;
/*!50003 SET collation_connection  = utf8_general_ci */ ;
/*!50003 SET @saved_sql_mode       = @@sql_mode */ ;
/*!50003 SET sql_mode              = 'NO_ENGINE_SUBSTITUTION' */ ;
DELIMITER ;;
CREATE DEFINER=`root`@`localhost` PROCEDURE `updateSectionSettings`(
aSectionId INT, 
aSchoolYearId INT,
aGradeLevelId INT,
aSession VARCHAR(2),
aFacultyId INT,
aCapacity INT,
aSectionType VARCHAR(2)
)
BEGIN

UPDATE section_settings_lt SET
schoolyear_id = aSchoolYearId,
gradelevel_id = aGradeLevelId,
`session` = aSession,
adviser_id = aFacultyId,
capacity = aCapacity,
section_type = aSectionType
WHERE section_id = aSectionId;

END ;;
DELIMITER ;
/*!50003 SET sql_mode              = @saved_sql_mode */ ;
/*!50003 SET character_set_client  = @saved_cs_client */ ;
/*!50003 SET character_set_results = @saved_cs_results */ ;
/*!50003 SET collation_connection  = @saved_col_connection */ ;
/*!50003 DROP PROCEDURE IF EXISTS `updateSectionSettingsById` */;
/*!50003 SET @saved_cs_client      = @@character_set_client */ ;
/*!50003 SET @saved_cs_results     = @@character_set_results */ ;
/*!50003 SET @saved_col_connection = @@collation_connection */ ;
/*!50003 SET character_set_client  = utf8 */ ;
/*!50003 SET character_set_results = utf8 */ ;
/*!50003 SET collation_connection  = utf8_general_ci */ ;
/*!50003 SET @saved_sql_mode       = @@sql_mode */ ;
/*!50003 SET sql_mode              = 'NO_ENGINE_SUBSTITUTION' */ ;
DELIMITER ;;
CREATE DEFINER=`root`@`localhost` PROCEDURE `updateSectionSettingsById`(
IN pIN_schoolyearId INT,
IN pIN_gradeLevelId INT, 
IN pIN_sessionId INT,
IN pIN_adviserId INT,
IN pIN_sectionId INT
)
BEGIN
	
	UPDATE section_settings_lt
	   
	SET 
		schoolyear_id = pIN_schoolyearId,
		gradelevel_id = pIN_gradeLevelId,
		session_id = pIN_sessionId,
		adviser_id = pIN_adviserId
        
	WHERE section_settings_lt.section_id = pIN_sectionId;
	
END ;;
DELIMITER ;
/*!50003 SET sql_mode              = @saved_sql_mode */ ;
/*!50003 SET character_set_client  = @saved_cs_client */ ;
/*!50003 SET character_set_results = @saved_cs_results */ ;
/*!50003 SET collation_connection  = @saved_col_connection */ ;
/*!50003 DROP PROCEDURE IF EXISTS `updateSectionStudent` */;
/*!50003 SET @saved_cs_client      = @@character_set_client */ ;
/*!50003 SET @saved_cs_results     = @@character_set_results */ ;
/*!50003 SET @saved_col_connection = @@collation_connection */ ;
/*!50003 SET character_set_client  = utf8 */ ;
/*!50003 SET character_set_results = utf8 */ ;
/*!50003 SET collation_connection  = utf8_general_ci */ ;
/*!50003 SET @saved_sql_mode       = @@sql_mode */ ;
/*!50003 SET sql_mode              = 'NO_ENGINE_SUBSTITUTION' */ ;
DELIMITER ;;
CREATE DEFINER=`root`@`localhost` PROCEDURE `updateSectionStudent`()
BEGIN
	
	INSERT INTO section_student (section_id, student_id, schoolyear_id)
	VALUES (pIN_sectionId, pIN_studentId, pIN_schoolyearId);

END ;;
DELIMITER ;
/*!50003 SET sql_mode              = @saved_sql_mode */ ;
/*!50003 SET character_set_client  = @saved_cs_client */ ;
/*!50003 SET character_set_results = @saved_cs_results */ ;
/*!50003 SET collation_connection  = @saved_col_connection */ ;
/*!50003 DROP PROCEDURE IF EXISTS `updateSpecialization` */;
/*!50003 SET @saved_cs_client      = @@character_set_client */ ;
/*!50003 SET @saved_cs_results     = @@character_set_results */ ;
/*!50003 SET @saved_col_connection = @@collation_connection */ ;
/*!50003 SET character_set_client  = utf8 */ ;
/*!50003 SET character_set_results = utf8 */ ;
/*!50003 SET collation_connection  = utf8_general_ci */ ;
/*!50003 SET @saved_sql_mode       = @@sql_mode */ ;
/*!50003 SET sql_mode              = 'NO_ENGINE_SUBSTITUTION' */ ;
DELIMITER ;;
CREATE DEFINER=`root`@`localhost` PROCEDURE `updateSpecialization`(
	IN id INT,
    IN p_title VARCHAR(45),
	IN p_description TEXT
)
BEGIN
	UPDATE specialization set specialization_title = p_title, 
     description = p_description WHERE specialization_id = id; 
END ;;
DELIMITER ;
/*!50003 SET sql_mode              = @saved_sql_mode */ ;
/*!50003 SET character_set_client  = @saved_cs_client */ ;
/*!50003 SET character_set_results = @saved_cs_results */ ;
/*!50003 SET collation_connection  = @saved_col_connection */ ;
/*!50003 DROP PROCEDURE IF EXISTS `updateSubject` */;
/*!50003 SET @saved_cs_client      = @@character_set_client */ ;
/*!50003 SET @saved_cs_results     = @@character_set_results */ ;
/*!50003 SET @saved_col_connection = @@collation_connection */ ;
/*!50003 SET character_set_client  = utf8 */ ;
/*!50003 SET character_set_results = utf8 */ ;
/*!50003 SET collation_connection  = utf8_general_ci */ ;
/*!50003 SET @saved_sql_mode       = @@sql_mode */ ;
/*!50003 SET sql_mode              = 'NO_ENGINE_SUBSTITUTION' */ ;
DELIMITER ;;
CREATE DEFINER=`root`@`localhost` PROCEDURE `updateSubject`(
aSubjectId INT, aSubjectCode VARCHAR(255),
aSubjectName VARCHAR(255), aSubjectDescription VARCHAR(255),
aSubjectStatus INT)
BEGIN

UPDATE subject_mt 
SET `code` = aSubjectCode, title = aSubjectName,
description = aSubjectDescription, isActive = aSubjectStatus  
WHERE subject_id = aSubjectId;

END ;;
DELIMITER ;
/*!50003 SET sql_mode              = @saved_sql_mode */ ;
/*!50003 SET character_set_client  = @saved_cs_client */ ;
/*!50003 SET character_set_results = @saved_cs_results */ ;
/*!50003 SET collation_connection  = @saved_col_connection */ ;
/*!50003 DROP PROCEDURE IF EXISTS `updateSubjectCategoryInfo` */;
/*!50003 SET @saved_cs_client      = @@character_set_client */ ;
/*!50003 SET @saved_cs_results     = @@character_set_results */ ;
/*!50003 SET @saved_col_connection = @@collation_connection */ ;
/*!50003 SET character_set_client  = utf8 */ ;
/*!50003 SET character_set_results = utf8 */ ;
/*!50003 SET collation_connection  = utf8_general_ci */ ;
/*!50003 SET @saved_sql_mode       = @@sql_mode */ ;
/*!50003 SET sql_mode              = 'NO_ENGINE_SUBSTITUTION' */ ;
DELIMITER ;;
CREATE DEFINER=`root`@`localhost` PROCEDURE `updateSubjectCategoryInfo`(
categoryId INT, 
categoryName VARCHAR(255), 
categoryStatus INT(1), 
categoryDescription TEXT
)
BEGIN

UPDATE subjectcategory_mt SET 
subjectcategory_name = categoryName, 
isActive = categoryStatus, 
description = categoryDescription
WHERE subjectcategory_id = categoryId;

END ;;
DELIMITER ;
/*!50003 SET sql_mode              = @saved_sql_mode */ ;
/*!50003 SET character_set_client  = @saved_cs_client */ ;
/*!50003 SET character_set_results = @saved_cs_results */ ;
/*!50003 SET collation_connection  = @saved_col_connection */ ;
/*!50003 DROP PROCEDURE IF EXISTS `updateSubjectGradeLevelAssignment` */;
/*!50003 SET @saved_cs_client      = @@character_set_client */ ;
/*!50003 SET @saved_cs_results     = @@character_set_results */ ;
/*!50003 SET @saved_col_connection = @@collation_connection */ ;
/*!50003 SET character_set_client  = utf8 */ ;
/*!50003 SET character_set_results = utf8 */ ;
/*!50003 SET collation_connection  = utf8_general_ci */ ;
/*!50003 SET @saved_sql_mode       = @@sql_mode */ ;
/*!50003 SET sql_mode              = 'NO_ENGINE_SUBSTITUTION' */ ;
DELIMITER ;;
CREATE DEFINER=`root`@`localhost` PROCEDURE `updateSubjectGradeLevelAssignment`(aSubjectId INT, aGradeLevelId INT)
BEGIN

UPDATE subject_gradelevel_lt 
SET gradelevel_id = aGradeLevelId
WHERE subject_id = aSubjectId;

END ;;
DELIMITER ;
/*!50003 SET sql_mode              = @saved_sql_mode */ ;
/*!50003 SET character_set_client  = @saved_cs_client */ ;
/*!50003 SET character_set_results = @saved_cs_results */ ;
/*!50003 SET collation_connection  = @saved_col_connection */ ;
/*!50003 DROP PROCEDURE IF EXISTS `updateUser` */;
/*!50003 SET @saved_cs_client      = @@character_set_client */ ;
/*!50003 SET @saved_cs_results     = @@character_set_results */ ;
/*!50003 SET @saved_col_connection = @@collation_connection */ ;
/*!50003 SET character_set_client  = utf8 */ ;
/*!50003 SET character_set_results = utf8 */ ;
/*!50003 SET collation_connection  = utf8_general_ci */ ;
/*!50003 SET @saved_sql_mode       = @@sql_mode */ ;
/*!50003 SET sql_mode              = 'NO_ENGINE_SUBSTITUTION' */ ;
DELIMITER ;;
CREATE DEFINER=`root`@`localhost` PROCEDURE `updateUser`(aUserId INT, aUserName VARCHAR(20), aPassword VARCHAR(255))
BEGIN

UPDATE user_mt SET 
username = aUserName,
`password` = aPassword
WHERE user_id = aUserId;

END ;;
DELIMITER ;
/*!50003 SET sql_mode              = @saved_sql_mode */ ;
/*!50003 SET character_set_client  = @saved_cs_client */ ;
/*!50003 SET character_set_results = @saved_cs_results */ ;
/*!50003 SET collation_connection  = @saved_col_connection */ ;
/*!40103 SET TIME_ZONE=@OLD_TIME_ZONE */;

/*!40101 SET SQL_MODE=@OLD_SQL_MODE */;
/*!40014 SET FOREIGN_KEY_CHECKS=@OLD_FOREIGN_KEY_CHECKS */;
/*!40014 SET UNIQUE_CHECKS=@OLD_UNIQUE_CHECKS */;
/*!40101 SET CHARACTER_SET_CLIENT=@OLD_CHARACTER_SET_CLIENT */;
/*!40101 SET CHARACTER_SET_RESULTS=@OLD_CHARACTER_SET_RESULTS */;
/*!40101 SET COLLATION_CONNECTION=@OLD_COLLATION_CONNECTION */;
/*!40111 SET SQL_NOTES=@OLD_SQL_NOTES */;

-- Dump completed on 2018-09-23 17:47:13
